forecast_origin_date,forecast_target_date,scenario_issue_time,generated_at,lead_hour,timestamp,timezone,turbine_id,predicted_mw,predicted_mwh,interval_hours,physics_baseline_mw,persistence_baseline_mw,wind_speed_100m_ms,temperature_2m_c,air_density_kg_m3,weather_source,training_data_source,evaluation_status,forecast_issue_time_verified,included_in_monthly_total
2026-02-01,2026-02-01,2026-01-31T23:00:00,2026-09-23T11:00:08.417141+00:00,1,2026-02-01T00:00:00,Asia/Almaty,turbine_1,0.60275,0.60275,1,0.628,,8.99,-3.6,1.2276,MOCK_MODE_SYNTHESIS,SYNTHETIC_DEMO,UNVERIFIED_NO_ACTUALS,False,True
2026-02-01,2026-02-01,2026-01-31T23:00:00,2026-09-23T11:00:08.417141+00:00,2,2026-02-01T01:00:00,Asia/Almaty,turbine_1,0.073,0.073,1,0.0575,,5.69,-5.7,1.2403,MOCK_MODE_SYNTHESIS,SYNTHETIC_DEMO,UNVERIFIED_NO_ACTUALS,False,True
2026-02-01,2026-02-01,2026-01-31T23:00:00,2026-09-23T11:00:08.417141+00:00,3,2026-02-01T02:00:00,Asia/Almaty,turbine_1,0.55275,0.55275,1,0.59075,,8.82,-10.9,1.2591,MOCK_MODE_SYNTHESIS,SYNTHETIC_DEMO,UNVERIFIED_NO_ACTUALS,False,True
2026-02-01,2026-02-01,2026-01-31T23:00:00,2026-09-23T11:00:08.417141+00:00,4,2026-02-01T03:00:00,Asia/Almaty,turbine_1,0.0145,0.0145,1,0.00725,,4.34,-9.3,1.2506,MOCK_MODE_SYNTHESIS,SYNTHETIC_DEMO,UNVERIFIED_NO_ACTUALS,False,True
2026-02-01,2026-02-01,2026-01-31T23:00:00,2026-09-23T11:00:08.417141+00:00,5,2026-02-01T04:00:00,Asia/Almaty,turbine_1,0.095,0.095,1,0.146,,6.65,-11.8,1.2623,MOCK_MODE_SYNTHESIS,SYNTHETIC_DEMO,UNVERIFIED_NO_ACTUALS,False,True
2026-02-01,2026-02-01,2026-01-31T23:00:00,2026-09-23T11:00:08.417141+00:00,6,2026-02-01T05:00:00,Asia/Almaty,turbine_1,0.0,0.0,1,0.00275,,3.97,-11.4,1.2685,MOCK_MODE_SYNTHESIS,SYNTHETIC_DEMO,UNVERIFIED_NO_ACTUALS,False,True
2026-02-01,2026-02-01,2026-01-31T23:00:00,2026-09-23T11:00:08.417141+00:00,7,2026-02-01T06:00:00,Asia/Almaty,turbine_1,1.457,1.457,1,1.622,,11.16,-9.3,1.2542,MOCK_MODE_SYNTHESIS,SYNTHETIC_DEMO,UNVERIFIED_NO_ACTUALS,False,True
2026-02-01,2026-02-01,2026-01-31T23:00:00,2026-09-23T11:00:08.417141+00:00,8,2026-02-01T07:00:00,Asia/Almaty,turbine_1,0.82125,0.82125,1,0.92075,,9.74,-11.8,1.2632,MOCK_MODE_SYNTHESIS,SYNTHETIC_DEMO,UNVERIFIED_NO_ACTUALS,False,True
2026-02-01,2026-02-01,2026-01-31T23:00:00,2026-09-23T11:00:08.417141+00:00,9,2026-02-01T08:00:00,Asia/Almaty,turbine_1,0.0,0.0,1,0.00425,,4.12,-10.2,1.2569,MOCK_MODE_SYNTHESIS,SYNTHETIC_DEMO,UNVERIFIED_NO_ACTUALS,False,True
2026-02-01,2026-02-01,2026-01-31T23:00:00,2026-09-23T11:00:08.417141+00:00,10,2026-02-01T09:00:00,Asia/Almaty,turbine_1,2.34825,2.34825,1,2.4855,,12.43,-7.3,1.2452,MOCK_MODE_SYNTHESIS,SYNTHETIC_DEMO,UNVERIFIED_NO_ACTUALS,False,True
2026-02-01,2026-02-01,2026-01-31T23:00:00,2026-09-23T11:00:08.417141+00:00,11,2026-02-01T10:00:00,Asia/Almaty,turbine_1,0.12425,0.12425,1,0.15525,,6.75,-6.9,1.2366,MOCK_MODE_SYNTHESIS,SYNTHETIC_DEMO,UNVERIFIED_NO_ACTUALS,False,True
2026-02-01,2026-02-01,2026-01-31T23:00:00,2026-09-23T11:00:08.417141+00:00,12,2026-02-01T11:00:00,Asia/Almaty,turbine_1,2.368,2.368,1,2.5,,14.43,-2.7,1.226,MOCK_MODE_SYNTHESIS,SYNTHETIC_DEMO,UNVERIFIED_NO_ACTUALS,False,True
2026-02-01,2026-02-01,2026-01-31T23:00:00,2026-09-23T11:00:08.417141+00:00,13,2026-02-01T12:00:00,Asia/Almaty,turbine_1,2.36975,2.36975,1,2.5,,16.56,-6.3,1.2382,MOCK_MODE_SYNTHESIS,SYNTHETIC_DEMO,UNVERIFIED_NO_ACTUALS,False,True
2026-02-01,2026-02-01,2026-01-31T23:00:00,2026-09-23T11:00:08.417141+00:00,14,2026-02-01T13:00:00,Asia/Almaty,turbine_1,2.4305,2.4305,1,2.5,,14.18,-1.6,1.2163,MOCK_MODE_SYNTHESIS,SYNTHETIC_DEMO,UNVERIFIED_NO_ACTUALS,False,True
2026-02-01,2026-02-01,2026-01-31T23:00:00,2026-09-23T11:00:08.417141+00:00,15,2026-02-01T14:00:00,Asia/Almaty,turbine_1,2.35025,2.35025,1,2.5,,15.88,-3.0,1.2223,MOCK_MODE_SYNTHESIS,SYNTHETIC_DEMO,UNVERIFIED_NO_ACTUALS,False,True
2026-02-01,2026-02-01,2026-01-31T23:00:00,2026-09-23T11:00:08.417141+00:00,16,2026-02-01T15:00:00,Asia/Almaty,turbine_1,2.31225,2.31225,1,2.5,,20.34,-2.3,1.2124,MOCK_MODE_SYNTHESIS,SYNTHETIC_DEMO,UNVERIFIED_NO_ACTUALS,False,True
2026-02-01,2026-02-01,2026-01-31T23:00:00,2026-09-23T11:00:08.417141+00:00,17,2026-02-01T16:00:00,Asia/Almaty,turbine_1,1.1375,1.1375,1,1.15375,,10.38,0.4,1.2059,MOCK_MODE_SYNTHESIS,SYNTHETIC_DEMO,UNVERIFIED_NO_ACTUALS,False,True
2026-02-01,2026-02-01,2026-01-31T23:00:00,2026-09-23T11:00:08.417141+00:00,18,2026-02-01T17:00:00,Asia/Almaty,turbine_1,2.32925,2.32925,1,2.5,,15.85,-2.5,1.2252,MOCK_MODE_SYNTHESIS,SYNTHETIC_DEMO,UNVERIFIED_NO_ACTUALS,False,True
2026-02-01,2026-02-01,2026-01-31T23:00:00,2026-09-23T11:00:08.417141+00:00,19,2026-02-01T18:00:00,Asia/Almaty,turbine_1,2.455,2.455,1,2.5,,12.51,1.3,1.2081,MOCK_MODE_SYNTHESIS,SYNTHETIC_DEMO,UNVERIFIED_NO_ACTUALS,False,True
2026-02-01,2026-02-01,2026-01-31T23:00:00,2026-09-23T11:00:08.417141+00:00,20,2026-02-01T19:00:00,Asia/Almaty,turbine_1,2.43125,2.43125,1,2.5,,12.67,-3.2,1.2254,MOCK_MODE_SYNTHESIS,SYNTHETIC_DEMO,UNVERIFIED_NO_ACTUALS,False,True
2026-02-01,2026-02-01,2026-01-31T23:00:00,2026-09-23T11:00:08.417141+00:00,21,2026-02-01T20:00:00,Asia/Almaty,turbine_1,0.6055,0.6055,1,0.62925,,9.0,-3.1,1.2237,MOCK_MODE_SYNTHESIS,SYNTHETIC_DEMO,UNVERIFIED_NO_ACTUALS,False,True
2026-02-01,2026-02-01,2026-01-31T23:00:00,2026-09-23T11:00:08.417141+00:00,22,2026-02-01T21:00:00,Asia/Almaty,turbine_1,1.33325,1.33325,1,1.3525,,10.72,-5.4,1.235,MOCK_MODE_SYNTHESIS,SYNTHETIC_DEMO,UNVERIFIED_NO_ACTUALS,False,True
2026-02-01,2026-02-01,2026-01-31T23:00:00,2026-09-23T11:00:08.417141+00:00,23,2026-02-01T22:00:00,Asia/Almaty,turbine_1,1.55625,1.55625,1,1.63175,,11.21,-5.3,1.2387,MOCK_MODE_SYNTHESIS,SYNTHETIC_DEMO,UNVERIFIED_NO_ACTUALS,False,True
2026-02-01,2026-02-01,2026-01-31T23:00:00,2026-09-23T11:00:08.417141+00:00,24,2026-02-01T23:00:00,Asia/Almaty,turbine_1,0.11675,0.11675,1,0.1185,,6.43,-5.7,1.2336,MOCK_MODE_SYNTHESIS,SYNTHETIC_DEMO,UNVERIFIED_NO_ACTUALS,False,True
2026-02-01,2026-02-01,2026-01-31T23:00:00,2026-09-23T11:00:08.434018+00:00,1,2026-02-01T00:00:00,Asia/Almaty,turbine_2,0.60275,0.60275,1,0.628,,8.99,-3.6,1.2276,MOCK_MODE_SYNTHESIS,SYNTHETIC_DEMO,UNVERIFIED_NO_ACTUALS,False,True
2026-02-01,2026-02-01,2026-01-31T23:00:00,2026-09-23T11:00:08.434018+00:00,2,2026-02-01T01:00:00,Asia/Almaty,turbine_2,0.073,0.073,1,0.0575,,5.69,-5.7,1.2403,MOCK_MODE_SYNTHESIS,SYNTHETIC_DEMO,UNVERIFIED_NO_ACTUALS,False,True
2026-02-01,2026-02-01,2026-01-31T23:00:00,2026-09-23T11:00:08.434018+00:00,3,2026-02-01T02:00:00,Asia/Almaty,turbine_2,0.55275,0.55275,1,0.59075,,8.82,-10.9,1.2591,MOCK_MODE_SYNTHESIS,SYNTHETIC_DEMO,UNVERIFIED_NO_ACTUALS,False,True
2026-02-01,2026-02-01,2026-01-31T23:00:00,2026-09-23T11:00:08.434018+00:00,4,2026-02-01T03:00:00,Asia/Almaty,turbine_2,0.0145,0.0145,1,0.00725,,4.34,-9.3,1.2506,MOCK_MODE_SYNTHESIS,SYNTHETIC_DEMO,UNVERIFIED_NO_ACTUALS,False,True
2026-02-01,2026-02-01,2026-01-31T23:00:00,2026-09-23T11:00:08.434018+00:00,5,2026-02-01T04:00:00,Asia/Almaty,turbine_2,0.095,0.095,1,0.146,,6.65,-11.8,1.2623,MOCK_MODE_SYNTHESIS,SYNTHETIC_DEMO,UNVERIFIED_NO_ACTUALS,False,True
2026-02-01,2026-02-01,2026-01-31T23:00:00,2026-09-23T11:00:08.434018+00:00,6,2026-02-01T05:00:00,Asia/Almaty,turbine_2,0.0,0.0,1,0.00275,,3.97,-11.4,1.2685,MOCK_MODE_SYNTHESIS,SYNTHETIC_DEMO,UNVERIFIED_NO_ACTUALS,False,True
2026-02-01,2026-02-01,2026-01-31T23:00:00,2026-09-23T11:00:08.434018+00:00,7,2026-02-01T06:00:00,Asia/Almaty,turbine_2,1.457,1.457,1,1.622,,11.16,-9.3,1.2542,MOCK_MODE_SYNTHESIS,SYNTHETIC_DEMO,UNVERIFIED_NO_ACTUALS,False,True
2026-02-01,2026-02-01,2026-01-31T23:00:00,2026-09-23T11:00:08.434018+00:00,8,2026-02-01T07:00:00,Asia/Almaty,turbine_2,0.82125,0.82125,1,0.92075,,9.74,-11.8,1.2632,MOCK_MODE_SYNTHESIS,SYNTHETIC_DEMO,UNVERIFIED_NO_ACTUALS,False,True
2026-02-01,2026-02-01,2026-01-31T23:00:00,2026-09-23T11:00:08.434018+00:00,9,2026-02-01T08:00:00,Asia/Almaty,turbine_2,0.0,0.0,1,0.00425,,4.12,-10.2,1.2569,MOCK_MODE_SYNTHESIS,SYNTHETIC_DEMO,UNVERIFIED_NO_ACTUALS,False,True
2026-02-01,2026-02-01,2026-01-31T23:00:00,2026-09-23T11:00:08.434018+00:00,10,2026-02-01T09:00:00,Asia/Almaty,turbine_2,2.34825,2.34825,1,2.4855,,12.43,-7.3,1.2452,MOCK_MODE_SYNTHESIS,SYNTHETIC_DEMO,UNVERIFIED_NO_ACTUALS,False,True
2026-02-01,2026-02-01,2026-01-31T23:00:00,2026-09-23T11:00:08.434018+00:00,11,2026-02-01T10:00:00,Asia/Almaty,turbine_2,0.12425,0.12425,1,0.15525,,6.75,-6.9,1.2366,MOCK_MODE_SYNTHESIS,SYNTHETIC_DEMO,UNVERIFIED_NO_ACTUALS,False,True
2026-02-01,2026-02-01,2026-01-31T23:00:00,2026-09-23T11:00:08.434018+00:00,12,2026-02-01T11:00:00,Asia/Almaty,turbine_2,2.368,2.368,1,2.5,,14.43,-2.7,1.226,MOCK_MODE_SYNTHESIS,SYNTHETIC_DEMO,UNVERIFIED_NO_ACTUALS,False,True
2026-02-01,2026-02-01,2026-01-31T23:00:00,2026-09-23T11:00:08.434018+00:00,13,2026-02-01T12:00:00,Asia/Almaty,turbine_2,2.36975,2.36975,1,2.5,,16.56,-6.3,1.2382,MOCK_MODE_SYNTHESIS,SYNTHETIC_DEMO,UNVERIFIED_NO_ACTUALS,False,True
2026-02-01,2026-02-01,2026-01-31T23:00:00,2026-09-23T11:00:08.434018+00:00,14,2026-02-01T13:00:00,Asia/Almaty,turbine_2,2.4305,2.4305,1,2.5,,14.18,-1.6,1.2163,MOCK_MODE_SYNTHESIS,SYNTHETIC_DEMO,UNVERIFIED_NO_ACTUALS,False,True
2026-02-01,2026-02-01,2026-01-31T23:00:00,2026-09-23T11:00:08.434018+00:00,15,2026-02-01T14:00:00,Asia/Almaty,turbine_2,2.35025,2.35025,1,2.5,,15.88,-3.0,1.2223,MOCK_MODE_SYNTHESIS,SYNTHETIC_DEMO,UNVERIFIED_NO_ACTUALS,False,True
2026-02-01,2026-02-01,2026-01-31T23:00:00,2026-09-23T11:00:08.434018+00:00,16,2026-02-01T15:00:00,Asia/Almaty,turbine_2,2.31225,2.31225,1,2.5,,20.34,-2.3,1.2124,MOCK_MODE_SYNTHESIS,SYNTHETIC_DEMO,UNVERIFIED_NO_ACTUALS,False,True
2026-02-01,2026-02-01,2026-01-31T23:00:00,2026-09-23T11:00:08.434018+00:00,17,2026-02-01T16:00:00,Asia/Almaty,turbine_2,1.1375,1.1375,1,1.15375,,10.38,0.4,1.2059,MOCK_MODE_SYNTHESIS,SYNTHETIC_DEMO,UNVERIFIED_NO_ACTUALS,False,True
2026-02-01,2026-02-01,2026-01-31T23:00:00,2026-09-23T11:00:08.434018+00:00,18,2026-02-01T17:00:00,Asia/Almaty,turbine_2,2.32925,2.32925,1,2.5,,15.85,-2.5,1.2252,MOCK_MODE_SYNTHESIS,SYNTHETIC_DEMO,UNVERIFIED_NO_ACTUALS,False,True
2026-02-01,2026-02-01,2026-01-31T23:00:00,2026-09-23T11:00:08.434018+00:00,19,2026-02-01T18:00:00,Asia/Almaty,turbine_2,2.455,2.455,1,2.5,,12.51,1.3,1.2081,MOCK_MODE_SYNTHESIS,SYNTHETIC_DEMO,UNVERIFIED_NO_ACTUALS,False,True
2026-02-01,2026-02-01,2026-01-31T23:00:00,2026-09-23T11:00:08.434018+00:00,20,2026-02-01T19:00:00,Asia/Almaty,turbine_2,2.43125,2.43125,1,2.5,,12.67,-3.2,1.2254,MOCK_MODE_SYNTHESIS,SYNTHETIC_DEMO,UNVERIFIED_NO_ACTUALS,False,True
2026-02-01,2026-02-01,2026-01-31T23:00:00,2026-09-23T11:00:08.434018+00:00,21,2026-02-01T20:00:00,Asia/Almaty,turbine_2,0.6055,0.6055,1,0.62925,,9.0,-3.1,1.2237,MOCK_MODE_SYNTHESIS,SYNTHETIC_DEMO,UNVERIFIED_NO_ACTUALS,False,True
2026-02-01,2026-02-01,2026-01-31T23:00:00,2026-09-23T11:00:08.434018+00:00,22,2026-02-01T21:00:00,Asia/Almaty,turbine_2,1.33325,1.33325,1,1.3525,,10.72,-5.4,1.235,MOCK_MODE_SYNTHESIS,SYNTHETIC_DEMO,UNVERIFIED_NO_ACTUALS,False,True
2026-02-01,2026-02-01,2026-01-31T23:00:00,2026-09-23T11:00:08.434018+00:00,23,2026-02-01T22:00:00,Asia/Almaty,turbine_2,1.55625,1.55625,1,1.63175,,11.21,-5.3,1.2387,MOCK_MODE_SYNTHESIS,SYNTHETIC_DEMO,UNVERIFIED_NO_ACTUALS,False,True
2026-02-01,2026-02-01,2026-01-31T23:00:00,2026-09-23T11:00:08.434018+00:00,24,2026-02-01T23:00:00,Asia/Almaty,turbine_2,0.11675,0.11675,1,0.1185,,6.43,-5.7,1.2336,MOCK_MODE_SYNTHESIS,SYNTHETIC_DEMO,UNVERIFIED_NO_ACTUALS,False,True
2026-02-02,2026-02-02,2026-02-01T23:00:00,2026-09-23T11:00:08.451285+00:00,1,2026-02-02T00:00:00,Asia/Almaty,turbine_1,0.0,0.0,1,0.0,,2.46,-6.0,1.2443,MOCK_MODE_SYNTHESIS,SYNTHETIC_DEMO,UNVERIFIED_NO_ACTUALS,False,True
2026-02-02,2026-02-02,2026-02-01T23:00:00,2026-09-23T11:00:08.451285+00:00,2,2026-02-02T01:00:00,Asia/Almaty,turbine_1,1.42825,1.42825,1,1.5185,,10.95,-11.0,1.2696,MOCK_MODE_SYNTHESIS,SYNTHETIC_DEMO,UNVERIFIED_NO_ACTUALS,False,True
2026-02-02,2026-02-02,2026-02-01T23:00:00,2026-09-23T11:00:08.451285+00:00,3,2026-02-02T02:00:00,Asia/Almaty,turbine_1,0.0,0.0,1,0.0,,2.41,-11.7,1.2681,MOCK_MODE_SYNTHESIS,SYNTHETIC_DEMO,UNVERIFIED_NO_ACTUALS,False,True
2026-02-02,2026-02-02,2026-02-01T23:00:00,2026-09-23T11:00:08.451285+00:00,4,2026-02-02T03:00:00,Asia/Almaty,turbine_1,0.0,0.0,1,0.0,,2.24,-10.9,1.2591,MOCK_MODE_SYNTHESIS,SYNTHETIC_DEMO,UNVERIFIED_NO_ACTUALS,False,True
2026-02-02,2026-02-02,2026-02-01T23:00:00,2026-09-23T11:00:08.451285+00:00,5,2026-02-02T04:00:00,Asia/Almaty,turbine_1,0.0,0.0,1,0.0005,,3.58,-12.0,1.2622,MOCK_MODE_SYNTHESIS,SYNTHETIC_DEMO,UNVERIFIED_NO_ACTUALS,False,True
2026-02-02,2026-02-02,2026-02-01T23:00:00,2026-09-23T11:00:08.451285+00:00,6,2026-02-02T05:00:00,Asia/Almaty,turbine_1,1.03575,1.03575,1,1.197,,10.37,-9.0,1.2562,MOCK_MODE_SYNTHESIS,SYNTHETIC_DEMO,UNVERIFIED_NO_ACTUALS,False,True
2026-02-02,2026-02-02,2026-02-01T23:00:00,2026-09-23T11:00:08.451285+00:00,7,2026-02-02T06:00:00,Asia/Almaty,turbine_1,0.319,0.319,1,0.359,,7.96,-7.0,1.2362,MOCK_MODE_SYNTHESIS,SYNTHETIC_DEMO,UNVERIFIED_NO_ACTUALS,False,True
2026-02-02,2026-02-02,2026-02-01T23:00:00,2026-09-23T11:00:08.451285+00:00,8,2026-02-02T07:00:00,Asia/Almaty,turbine_1,0.2855,0.2855,1,0.33475,,7.8,-12.0,1.2719,MOCK_MODE_SYNTHESIS,SYNTHETIC_DEMO,UNVERIFIED_NO_ACTUALS,False,True
2026-02-02,2026-02-02,2026-02-01T23:00:00,2026-09-23T11:00:08.451285+00:00,9,2026-02-02T08:00:00,Asia/Almaty,turbine_1,2.34825,2.34825,1,2.5,,16.11,-8.7,1.2528,MOCK_MODE_SYNTHESIS,SYNTHETIC_DEMO,UNVERIFIED_NO_ACTUALS,False,True
2026-02-02,2026-02-02,2026-02-01T23:00:00,2026-09-23T11:00:08.451285+00:00,10,2026-02-02T09:00:00,Asia/Almaty,turbine_1,2.328,2.328,1,2.5,,14.65,-7.5,1.245,MOCK_MODE_SYNTHESIS,SYNTHETIC_DEMO,UNVERIFIED_NO_ACTUALS,False,True
2026-02-02,2026-02-02,2026-02-01T23:00:00,2026-09-23T11:00:08.451285+00:00,11,2026-02-02T10:00:00,Asia/Almaty,turbine_1,0.81,0.81,1,0.8335,,9.56,-5.6,1.2405,MOCK_MODE_SYNTHESIS,SYNTHETIC_DEMO,UNVERIFIED_NO_ACTUALS,False,True
2026-02-02,2026-02-02,2026-02-01T23:00:00,2026-09-23T11:00:08.451285+00:00,12,2026-02-02T11:00:00,Asia/Almaty,turbine_1,2.1695,2.1695,1,2.296,,12.18,-6.7,1.2469,MOCK_MODE_SYNTHESIS,SYNTHETIC_DEMO,UNVERIFIED_NO_ACTUALS,False,True
2026-02-02,2026-02-02,2026-02-01T23:00:00,2026-09-23T11:00:08.451285+00:00,13,2026-02-02T12:00:00,Asia/Almaty,turbine_1,2.302,2.302,1,2.30875,,12.26,-1.7,1.2216,MOCK_MODE_SYNTHESIS,SYNTHETIC_DEMO,UNVERIFIED_NO_ACTUALS,False,True
2026-02-02,2026-02-02,2026-02-01T23:00:00,2026-09-23T11:00:08.451285+00:00,14,2026-02-02T13:00:00,Asia/Almaty,turbine_1,2.345,2.345,1,2.5,,16.66,-3.7,1.2357,MOCK_MODE_SYNTHESIS,SYNTHETIC_DEMO,UNVERIFIED_NO_ACTUALS,False,True
2026-02-02,2026-02-02,2026-02-01T23:00:00,2026-09-23T11:00:08.451285+00:00,15,2026-02-02T14:00:00,Asia/Almaty,turbine_1,2.23775,2.23775,1,2.29025,,12.22,-2.5,1.2277,MOCK_MODE_SYNTHESIS,SYNTHETIC_DEMO,UNVERIFIED_NO_ACTUALS,False,True
2026-02-02,2026-02-02,2026-02-01T23:00:00,2026-09-23T11:00:08.451285+00:00,16,2026-02-02T15:00:00,Asia/Almaty,turbine_1,2.3795,2.3795,1,2.5,,17.7,-4.4,1.2231,MOCK_MODE_SYNTHESIS,SYNTHETIC_DEMO,UNVERIFIED_NO_ACTUALS,False,True
2026-02-02,2026-02-02,2026-02-01T23:00:00,2026-09-23T11:00:08.451285+00:00,17,2026-02-02T16:00:00,Asia/Almaty,turbine_1,1.53475,1.53475,1,1.55075,,11.12,0.2,1.2169,MOCK_MODE_SYNTHESIS,SYNTHETIC_DEMO,UNVERIFIED_NO_ACTUALS,False,True
2026-02-02,2026-02-02,2026-02-01T23:00:00,2026-09-23T11:00:08.451285+00:00,18,2026-02-02T17:00:00,Asia/Almaty,turbine_1,2.4345,2.4345,1,2.5,,14.66,-1.8,1.2204,MOCK_MODE_SYNTHESIS,SYNTHETIC_DEMO,UNVERIFIED_NO_ACTUALS,False,True
2026-02-02,2026-02-02,2026-02-01T23:00:00,2026-09-23T11:00:08.451285+00:00,19,2026-02-02T18:00:00,Asia/Almaty,turbine_1,2.459,2.459,1,2.5,,12.57,-0.3,1.2107,MOCK_MODE_SYNTHESIS,SYNTHETIC_DEMO,UNVERIFIED_NO_ACTUALS,False,True
2026-02-02,2026-02-02,2026-02-01T23:00:00,2026-09-23T11:00:08.451285+00:00,20,2026-02-02T19:00:00,Asia/Almaty,turbine_1,0.0355,0.0355,1,0.01175,,4.59,-3.2,1.233,MOCK_MODE_SYNTHESIS,SYNTHETIC_DEMO,UNVERIFIED_NO_ACTUALS,False,True
2026-02-02,2026-02-02,2026-02-01T23:00:00,2026-09-23T11:00:08.451285+00:00,21,2026-02-02T20:00:00,Asia/Almaty,turbine_1,0.231,0.231,1,0.2305,,7.28,-5.1,1.2354,MOCK_MODE_SYNTHESIS,SYNTHETIC_DEMO,UNVERIFIED_NO_ACTUALS,False,True
2026-02-02,2026-02-02,2026-02-01T23:00:00,2026-09-23T11:00:08.451285+00:00,22,2026-02-02T21:00:00,Asia/Almaty,turbine_1,0.04525,0.04525,1,0.03125,,5.2,-5.1,1.2355,MOCK_MODE_SYNTHESIS,SYNTHETIC_DEMO,UNVERIFIED_NO_ACTUALS,False,True
2026-02-02,2026-02-02,2026-02-01T23:00:00,2026-09-23T11:00:08.451285+00:00,23,2026-02-02T22:00:00,Asia/Almaty,turbine_1,0.401,0.401,1,0.4195,,8.23,-4.2,1.2318,MOCK_MODE_SYNTHESIS,SYNTHETIC_DEMO,UNVERIFIED_NO_ACTUALS,False,True
2026-02-02,2026-02-02,2026-02-01T23:00:00,2026-09-23T11:00:08.451285+00:00,24,2026-02-02T23:00:00,Asia/Almaty,turbine_1,0.0,0.0,1,0.0,,2.85,-5.0,1.2327,MOCK_MODE_SYNTHESIS,SYNTHETIC_DEMO,UNVERIFIED_NO_ACTUALS,False,True
2026-02-02,2026-02-02,2026-02-01T23:00:00,2026-09-23T11:00:08.467478+00:00,1,2026-02-02T00:00:00,Asia/Almaty,turbine_2,0.0,0.0,1,0.0,,2.46,-6.0,1.2443,MOCK_MODE_SYNTHESIS,SYNTHETIC_DEMO,UNVERIFIED_NO_ACTUALS,False,True
2026-02-02,2026-02-02,2026-02-01T23:00:00,2026-09-23T11:00:08.467478+00:00,2,2026-02-02T01:00:00,Asia/Almaty,turbine_2,1.42825,1.42825,1,1.5185,,10.95,-11.0,1.2696,MOCK_MODE_SYNTHESIS,SYNTHETIC_DEMO,UNVERIFIED_NO_ACTUALS,False,True
2026-02-02,2026-02-02,2026-02-01T23:00:00,2026-09-23T11:00:08.467478+00:00,3,2026-02-02T02:00:00,Asia/Almaty,turbine_2,0.0,0.0,1,0.0,,2.41,-11.7,1.2681,MOCK_MODE_SYNTHESIS,SYNTHETIC_DEMO,UNVERIFIED_NO_ACTUALS,False,True
2026-02-02,2026-02-02,2026-02-01T23:00:00,2026-09-23T11:00:08.467478+00:00,4,2026-02-02T03:00:00,Asia/Almaty,turbine_2,0.0,0.0,1,0.0,,2.24,-10.9,1.2591,MOCK_MODE_SYNTHESIS,SYNTHETIC_DEMO,UNVERIFIED_NO_ACTUALS,False,True
2026-02-02,2026-02-02,2026-02-01T23:00:00,2026-09-23T11:00:08.467478+00:00,5,2026-02-02T04:00:00,Asia/Almaty,turbine_2,0.0,0.0,1,0.0005,,3.58,-12.0,1.2622,MOCK_MODE_SYNTHESIS,SYNTHETIC_DEMO,UNVERIFIED_NO_ACTUALS,False,True
2026-02-02,2026-02-02,2026-02-01T23:00:00,2026-09-23T11:00:08.467478+00:00,6,2026-02-02T05:00:00,Asia/Almaty,turbine_2,1.03575,1.03575,1,1.197,,10.37,-9.0,1.2562,MOCK_MODE_SYNTHESIS,SYNTHETIC_DEMO,UNVERIFIED_NO_ACTUALS,False,True
2026-02-02,2026-02-02,2026-02-01T23:00:00,2026-09-23T11:00:08.467478+00:00,7,2026-02-02T06:00:00,Asia/Almaty,turbine_2,0.319,0.319,1,0.359,,7.96,-7.0,1.2362,MOCK_MODE_SYNTHESIS,SYNTHETIC_DEMO,UNVERIFIED_NO_ACTUALS,False,True
2026-02-02,2026-02-02,2026-02-01T23:00:00,2026-09-23T11:00:08.467478+00:00,8,2026-02-02T07:00:00,Asia/Almaty,turbine_2,0.2855,0.2855,1,0.33475,,7.8,-12.0,1.2719,MOCK_MODE_SYNTHESIS,SYNTHETIC_DEMO,UNVERIFIED_NO_ACTUALS,False,True
2026-02-02,2026-02-02,2026-02-01T23:00:00,2026-09-23T11:00:08.467478+00:00,9,2026-02-02T08:00:00,Asia/Almaty,turbine_2,2.34825,2.34825,1,2.5,,16.11,-8.7,1.2528,MOCK_MODE_SYNTHESIS,SYNTHETIC_DEMO,UNVERIFIED_NO_ACTUALS,False,True
2026-02-02,2026-02-02,2026-02-01T23:00:00,2026-09-23T11:00:08.467478+00:00,10,2026-02-02T09:00:00,Asia/Almaty,turbine_2,2.328,2.328,1,2.5,,14.65,-7.5,1.245,MOCK_MODE_SYNTHESIS,SYNTHETIC_DEMO,UNVERIFIED_NO_ACTUALS,False,True
2026-02-02,2026-02-02,2026-02-01T23:00:00,2026-09-23T11:00:08.467478+00:00,11,2026-02-02T10:00:00,Asia/Almaty,turbine_2,0.81,0.81,1,0.8335,,9.56,-5.6,1.2405,MOCK_MODE_SYNTHESIS,SYNTHETIC_DEMO,UNVERIFIED_NO_ACTUALS,False,True
2026-02-02,2026-02-02,2026-02-01T23:00:00,2026-09-23T11:00:08.467478+00:00,12,2026-02-02T11:00:00,Asia/Almaty,turbine_2,2.1695,2.1695,1,2.296,,12.18,-6.7,1.2469,MOCK_MODE_SYNTHESIS,SYNTHETIC_DEMO,UNVERIFIED_NO_ACTUALS,False,True
2026-02-02,2026-02-02,2026-02-01T23:00:00,2026-09-23T11:00:08.467478+00:00,13,2026-02-02T12:00:00,Asia/Almaty,turbine_2,2.302,2.302,1,2.30875,,12.26,-1.7,1.2216,MOCK_MODE_SYNTHESIS,SYNTHETIC_DEMO,UNVERIFIED_NO_ACTUALS,False,True
2026-02-02,2026-02-02,2026-02-01T23:00:00,2026-09-23T11:00:08.467478+00:00,14,2026-02-02T13:00:00,Asia/Almaty,turbine_2,2.345,2.345,1,2.5,,16.66,-3.7,1.2357,MOCK_MODE_SYNTHESIS,SYNTHETIC_DEMO,UNVERIFIED_NO_ACTUALS,False,True
2026-02-02,2026-02-02,2026-02-01T23:00:00,2026-09-23T11:00:08.467478+00:00,15,2026-02-02T14:00:00,Asia/Almaty,turbine_2,2.23775,2.23775,1,2.29025,,12.22,-2.5,1.2277,MOCK_MODE_SYNTHESIS,SYNTHETIC_DEMO,UNVERIFIED_NO_ACTUALS,False,True
2026-02-02,2026-02-02,2026-02-01T23:00:00,2026-09-23T11:00:08.467478+00:00,16,2026-02-02T15:00:00,Asia/Almaty,turbine_2,2.3795,2.3795,1,2.5,,17.7,-4.4,1.2231,MOCK_MODE_SYNTHESIS,SYNTHETIC_DEMO,UNVERIFIED_NO_ACTUALS,False,True
2026-02-02,2026-02-02,2026-02-01T23:00:00,2026-09-23T11:00:08.467478+00:00,17,2026-02-02T16:00:00,Asia/Almaty,turbine_2,1.53475,1.53475,1,1.55075,,11.12,0.2,1.2169,MOCK_MODE_SYNTHESIS,SYNTHETIC_DEMO,UNVERIFIED_NO_ACTUALS,False,True
2026-02-02,2026-02-02,2026-02-01T23:00:00,2026-09-23T11:00:08.467478+00:00,18,2026-02-02T17:00:00,Asia/Almaty,turbine_2,2.4345,2.4345,1,2.5,,14.66,-1.8,1.2204,MOCK_MODE_SYNTHESIS,SYNTHETIC_DEMO,UNVERIFIED_NO_ACTUALS,False,True
2026-02-02,2026-02-02,2026-02-01T23:00:00,2026-09-23T11:00:08.467478+00:00,19,2026-02-02T18:00:00,Asia/Almaty,turbine_2,2.459,2.459,1,2.5,,12.57,-0.3,1.2107,MOCK_MODE_SYNTHESIS,SYNTHETIC_DEMO,UNVERIFIED_NO_ACTUALS,False,True
2026-02-02,2026-02-02,2026-02-01T23:00:00,2026-09-23T11:00:08.467478+00:00,20,2026-02-02T19:00:00,Asia/Almaty,turbine_2,0.0355,0.0355,1,0.01175,,4.59,-3.2,1.233,MOCK_MODE_SYNTHESIS,SYNTHETIC_DEMO,UNVERIFIED_NO_ACTUALS,False,True
2026-02-02,2026-02-02,2026-02-01T23:00:00,2026-09-23T11:00:08.467478+00:00,21,2026-02-02T20:00:00,Asia/Almaty,turbine_2,0.231,0.231,1,0.2305,,7.28,-5.1,1.2354,MOCK_MODE_SYNTHESIS,SYNTHETIC_DEMO,UNVERIFIED_NO_ACTUALS,False,True
2026-02-02,2026-02-02,2026-02-01T23:00:00,2026-09-23T11:00:08.467478+00:00,22,2026-02-02T21:00:00,Asia/Almaty,turbine_2,0.04525,0.04525,1,0.03125,,5.2,-5.1,1.2355,MOCK_MODE_SYNTHESIS,SYNTHETIC_DEMO,UNVERIFIED_NO_ACTUALS,False,True
2026-02-02,2026-02-02,2026-02-01T23:00:00,2026-09-23T11:00:08.467478+00:00,23,2026-02-02T22:00:00,Asia/Almaty,turbine_2,0.401,0.401,1,0.4195,,8.23,-4.2,1.2318,MOCK_MODE_SYNTHESIS,SYNTHETIC_DEMO,UNVERIFIED_NO_ACTUALS,False,True
2026-02-02,2026-02-02,2026-02-01T23:00:00,2026-09-23T11:00:08.467478+00:00,24,2026-02-02T23:00:00,Asia/Almaty,turbine_2,0.0,0.0,1,0.0,,2.85,-5.0,1.2327,MOCK_MODE_SYNTHESIS,SYNTHETIC_DEMO,UNVERIFIED_NO_ACTUALS,False,True
2026-02-03,2026-02-03,2026-02-02T23:00:00,2026-09-23T11:00:08.483984+00:00,1,2026-02-03T00:00:00,Asia/Almaty,turbine_1,0.4665,0.4665,1,0.505,,8.54,-7.2,1.2477,MOCK_MODE_SYNTHESIS,SYNTHETIC_DEMO,UNVERIFIED_NO_ACTUALS,False,True
2026-02-03,2026-02-03,2026-02-02T23:00:00,2026-09-23T11:00:08.483984+00:00,2,2026-02-03T01:00:00,Asia/Almaty,turbine_1,0.0,0.0,1,0.0,,1.16,-11.1,1.2636,MOCK_MODE_SYNTHESIS,SYNTHETIC_DEMO,UNVERIFIED_NO_ACTUALS,False,True
2026-02-03,2026-02-03,2026-02-02T23:00:00,2026-09-23T11:00:08.483984+00:00,3,2026-02-03T02:00:00,Asia/Almaty,turbine_1,0.0575,0.0575,1,0.0715,,5.87,-11.5,1.2706,MOCK_MODE_SYNTHESIS,SYNTHETIC_DEMO,UNVERIFIED_NO_ACTUALS,False,True
2026-02-03,2026-02-03,2026-02-02T23:00:00,2026-09-23T11:00:08.483984+00:00,4,2026-02-03T03:00:00,Asia/Almaty,turbine_1,2.35725,2.35725,1,2.5,,13.93,-9.0,1.2563,MOCK_MODE_SYNTHESIS,SYNTHETIC_DEMO,UNVERIFIED_NO_ACTUALS,False,True
2026-02-03,2026-02-03,2026-02-02T23:00:00,2026-09-23T11:00:08.483984+00:00,5,2026-02-03T04:00:00,Asia/Almaty,turbine_1,0.17625,0.17625,1,0.23225,,7.27,-8.4,1.2528,MOCK_MODE_SYNTHESIS,SYNTHETIC_DEMO,UNVERIFIED_NO_ACTUALS,False,True
2026-02-03,2026-02-03,2026-02-02T23:00:00,2026-09-23T11:00:08.483984+00:00,6,2026-02-03T05:00:00,Asia/Almaty,turbine_1,0.0,0.0,1,0.0,,2.61,-8.4,1.2487,MOCK_MODE_SYNTHESIS,SYNTHETIC_DEMO,UNVERIFIED_NO_ACTUALS,False,True
2026-02-03,2026-02-03,2026-02-02T23:00:00,2026-09-23T11:00:08.483984+00:00,7,2026-02-03T06:00:00,Asia/Almaty,turbine_1,0.0,0.0,1,0.0035,,4.06,-11.0,1.2603,MOCK_MODE_SYNTHESIS,SYNTHETIC_DEMO,UNVERIFIED_NO_ACTUALS,False,True
2026-02-03,2026-02-03,2026-02-02T23:00:00,2026-09-23T11:00:08.483984+00:00,8,2026-02-03T07:00:00,Asia/Almaty,turbine_1,2.357,2.357,1,2.5,,13.38,-9.5,1.2522,MOCK_MODE_SYNTHESIS,SYNTHETIC_DEMO,UNVERIFIED_NO_ACTUALS,False,True
2026-02-03,2026-02-03,2026-02-02T23:00:00,2026-09-23T11:00:08.483984+00:00,9,2026-02-03T08:00:00,Asia/Almaty,turbine_1,2.378,2.378,1,2.5,,12.65,-9.5,1.2525,MOCK_MODE_SYNTHESIS,SYNTHETIC_DEMO,UNVERIFIED_NO_ACTUALS,False,True
2026-02-03,2026-02-03,2026-02-02T23:00:00,2026-09-23T11:00:08.483984+00:00,10,2026-02-03T09:00:00,Asia/Almaty,turbine_1,2.07625,2.07625,1,2.2355,,12.13,-5.5,1.234,MOCK_MODE_SYNTHESIS,SYNTHETIC_DEMO,UNVERIFIED_NO_ACTUALS,False,True
2026-02-03,2026-02-03,2026-02-02T23:00:00,2026-09-23T11:00:08.483984+00:00,11,2026-02-03T10:00:00,Asia/Almaty,turbine_1,0.132,0.132,1,0.15375,,6.73,-6.9,1.2451,MOCK_MODE_SYNTHESIS,SYNTHETIC_DEMO,UNVERIFIED_NO_ACTUALS,False,True
2026-02-03,2026-02-03,2026-02-02T23:00:00,2026-09-23T11:00:08.483984+00:00,12,2026-02-03T11:00:00,Asia/Almaty,turbine_1,2.374,2.374,1,2.5,,14.66,-3.5,1.2258,MOCK_MODE_SYNTHESIS,SYNTHETIC_DEMO,UNVERIFIED_NO_ACTUALS,False,True
2026-02-03,2026-02-03,2026-02-02T23:00:00,2026-09-23T11:00:08.483984+00:00,13,2026-02-03T12:00:00,Asia/Almaty,turbine_1,0.9895,0.9895,1,1.04225,,10.06,-6.8,1.2443,MOCK_MODE_SYNTHESIS,SYNTHETIC_DEMO,UNVERIFIED_NO_ACTUALS,False,True
2026-02-03,2026-02-03,2026-02-02T23:00:00,2026-09-23T11:00:08.483984+00:00,14,2026-02-03T13:00:00,Asia/Almaty,turbine_1,2.3335,2.3335,1,2.5,,15.26,-2.3,1.2116,MOCK_MODE_SYNTHESIS,SYNTHETIC_DEMO,UNVERIFIED_NO_ACTUALS,False,True
2026-02-03,2026-02-03,2026-02-02T23:00:00,2026-09-23T11:00:08.483984+00:00,15,2026-02-03T14:00:00,Asia/Almaty,turbine_1,2.44025,2.44025,1,2.5,,17.86,-1.6,1.2183,MOCK_MODE_SYNTHESIS,SYNTHETIC_DEMO,UNVERIFIED_NO_ACTUALS,False,True
2026-02-03,2026-02-03,2026-02-02T23:00:00,2026-09-23T11:00:08.483984+00:00,16,2026-02-03T15:00:00,Asia/Almaty,turbine_1,2.43175,2.43175,1,2.4165,,12.43,-1.2,1.2107,MOCK_MODE_SYNTHESIS,SYNTHETIC_DEMO,UNVERIFIED_NO_ACTUALS,False,True
2026-02-03,2026-02-03,2026-02-02T23:00:00,2026-09-23T11:00:08.483984+00:00,17,2026-02-03T16:00:00,Asia/Almaty,turbine_1,2.42575,2.42575,1,2.466,,12.47,-1.5,1.2198,MOCK_MODE_SYNTHESIS,SYNTHETIC_DEMO,UNVERIFIED_NO_ACTUALS,False,True
2026-02-03,2026-02-03,2026-02-02T23:00:00,2026-09-23T11:00:08.483984+00:00,18,2026-02-03T17:00:00,Asia/Almaty,turbine_1,2.43325,2.43325,1,2.5,,15.62,0.1,1.211,MOCK_MODE_SYNTHESIS,SYNTHETIC_DEMO,UNVERIFIED_NO_ACTUALS,False,True
2026-02-03,2026-02-03,2026-02-02T23:00:00,2026-09-23T11:00:08.483984+00:00,19,2026-02-03T18:00:00,Asia/Almaty,turbine_1,2.41225,2.41225,1,2.5,,13.84,-2.7,1.2149,MOCK_MODE_SYNTHESIS,SYNTHETIC_DEMO,UNVERIFIED_NO_ACTUALS,False,True
2026-02-03,2026-02-03,2026-02-02T23:00:00,2026-09-23T11:00:08.483984+00:00,20,2026-02-03T19:00:00,Asia/Almaty,turbine_1,0.10825,0.10825,1,0.116,,6.42,-1.5,1.2188,MOCK_MODE_SYNTHESIS,SYNTHETIC_DEMO,UNVERIFIED_NO_ACTUALS,False,True
2026-02-03,2026-02-03,2026-02-02T23:00:00,2026-09-23T11:00:08.483984+00:00,21,2026-02-03T20:00:00,Asia/Almaty,turbine_1,1.84125,1.84125,1,1.84325,,11.56,-3.9,1.2346,MOCK_MODE_SYNTHESIS,SYNTHETIC_DEMO,UNVERIFIED_NO_ACTUALS,False,True
2026-02-03,2026-02-03,2026-02-02T23:00:00,2026-09-23T11:00:08.483984+00:00,22,2026-02-03T21:00:00,Asia/Almaty,turbine_1,0.59575,0.59575,1,0.5955,,8.87,-5.1,1.2367,MOCK_MODE_SYNTHESIS,SYNTHETIC_DEMO,UNVERIFIED_NO_ACTUALS,False,True
2026-02-03,2026-02-03,2026-02-02T23:00:00,2026-09-23T11:00:08.483984+00:00,23,2026-02-03T22:00:00,Asia/Almaty,turbine_1,1.149,1.149,1,1.21475,,10.44,-6.1,1.2391,MOCK_MODE_SYNTHESIS,SYNTHETIC_DEMO,UNVERIFIED_NO_ACTUALS,False,True
2026-02-03,2026-02-03,2026-02-02T23:00:00,2026-09-23T11:00:08.483984+00:00,24,2026-02-03T23:00:00,Asia/Almaty,turbine_1,2.1455,2.1455,1,2.25875,,12.14,-6.4,1.2427,MOCK_MODE_SYNTHESIS,SYNTHETIC_DEMO,UNVERIFIED_NO_ACTUALS,False,True
2026-02-03,2026-02-03,2026-02-02T23:00:00,2026-09-23T11:00:08.499116+00:00,1,2026-02-03T00:00:00,Asia/Almaty,turbine_2,0.4665,0.4665,1,0.505,,8.54,-7.2,1.2477,MOCK_MODE_SYNTHESIS,SYNTHETIC_DEMO,UNVERIFIED_NO_ACTUALS,False,True
2026-02-03,2026-02-03,2026-02-02T23:00:00,2026-09-23T11:00:08.499116+00:00,2,2026-02-03T01:00:00,Asia/Almaty,turbine_2,0.0,0.0,1,0.0,,1.16,-11.1,1.2636,MOCK_MODE_SYNTHESIS,SYNTHETIC_DEMO,UNVERIFIED_NO_ACTUALS,False,True
2026-02-03,2026-02-03,2026-02-02T23:00:00,2026-09-23T11:00:08.499116+00:00,3,2026-02-03T02:00:00,Asia/Almaty,turbine_2,0.0575,0.0575,1,0.0715,,5.87,-11.5,1.2706,MOCK_MODE_SYNTHESIS,SYNTHETIC_DEMO,UNVERIFIED_NO_ACTUALS,False,True
2026-02-03,2026-02-03,2026-02-02T23:00:00,2026-09-23T11:00:08.499116+00:00,4,2026-02-03T03:00:00,Asia/Almaty,turbine_2,2.35725,2.35725,1,2.5,,13.93,-9.0,1.2563,MOCK_MODE_SYNTHESIS,SYNTHETIC_DEMO,UNVERIFIED_NO_ACTUALS,False,True
2026-02-03,2026-02-03,2026-02-02T23:00:00,2026-09-23T11:00:08.499116+00:00,5,2026-02-03T04:00:00,Asia/Almaty,turbine_2,0.17625,0.17625,1,0.23225,,7.27,-8.4,1.2528,MOCK_MODE_SYNTHESIS,SYNTHETIC_DEMO,UNVERIFIED_NO_ACTUALS,False,True
2026-02-03,2026-02-03,2026-02-02T23:00:00,2026-09-23T11:00:08.499116+00:00,6,2026-02-03T05:00:00,Asia/Almaty,turbine_2,0.0,0.0,1,0.0,,2.61,-8.4,1.2487,MOCK_MODE_SYNTHESIS,SYNTHETIC_DEMO,UNVERIFIED_NO_ACTUALS,False,True
2026-02-03,2026-02-03,2026-02-02T23:00:00,2026-09-23T11:00:08.499116+00:00,7,2026-02-03T06:00:00,Asia/Almaty,turbine_2,0.0,0.0,1,0.0035,,4.06,-11.0,1.2603,MOCK_MODE_SYNTHESIS,SYNTHETIC_DEMO,UNVERIFIED_NO_ACTUALS,False,True
2026-02-03,2026-02-03,2026-02-02T23:00:00,2026-09-23T11:00:08.499116+00:00,8,2026-02-03T07:00:00,Asia/Almaty,turbine_2,2.357,2.357,1,2.5,,13.38,-9.5,1.2522,MOCK_MODE_SYNTHESIS,SYNTHETIC_DEMO,UNVERIFIED_NO_ACTUALS,False,True
2026-02-03,2026-02-03,2026-02-02T23:00:00,2026-09-23T11:00:08.499116+00:00,9,2026-02-03T08:00:00,Asia/Almaty,turbine_2,2.378,2.378,1,2.5,,12.65,-9.5,1.2525,MOCK_MODE_SYNTHESIS,SYNTHETIC_DEMO,UNVERIFIED_NO_ACTUALS,False,True
2026-02-03,2026-02-03,2026-02-02T23:00:00,2026-09-23T11:00:08.499116+00:00,10,2026-02-03T09:00:00,Asia/Almaty,turbine_2,2.07625,2.07625,1,2.2355,,12.13,-5.5,1.234,MOCK_MODE_SYNTHESIS,SYNTHETIC_DEMO,UNVERIFIED_NO_ACTUALS,False,True
2026-02-03,2026-02-03,2026-02-02T23:00:00,2026-09-23T11:00:08.499116+00:00,11,2026-02-03T10:00:00,Asia/Almaty,turbine_2,0.132,0.132,1,0.15375,,6.73,-6.9,1.2451,MOCK_MODE_SYNTHESIS,SYNTHETIC_DEMO,UNVERIFIED_NO_ACTUALS,False,True
2026-02-03,2026-02-03,2026-02-02T23:00:00,2026-09-23T11:00:08.499116+00:00,12,2026-02-03T11:00:00,Asia/Almaty,turbine_2,2.374,2.374,1,2.5,,14.66,-3.5,1.2258,MOCK_MODE_SYNTHESIS,SYNTHETIC_DEMO,UNVERIFIED_NO_ACTUALS,False,True
2026-02-03,2026-02-03,2026-02-02T23:00:00,2026-09-23T11:00:08.499116+00:00,13,2026-02-03T12:00:00,Asia/Almaty,turbine_2,0.9895,0.9895,1,1.04225,,10.06,-6.8,1.2443,MOCK_MODE_SYNTHESIS,SYNTHETIC_DEMO,UNVERIFIED_NO_ACTUALS,False,True
2026-02-03,2026-02-03,2026-02-02T23:00:00,2026-09-23T11:00:08.499116+00:00,14,2026-02-03T13:00:00,Asia/Almaty,turbine_2,2.3335,2.3335,1,2.5,,15.26,-2.3,1.2116,MOCK_MODE_SYNTHESIS,SYNTHETIC_DEMO,UNVERIFIED_NO_ACTUALS,False,True
2026-02-03,2026-02-03,2026-02-02T23:00:00,2026-09-23T11:00:08.499116+00:00,15,2026-02-03T14:00:00,Asia/Almaty,turbine_2,2.44025,2.44025,1,2.5,,17.86,-1.6,1.2183,MOCK_MODE_SYNTHESIS,SYNTHETIC_DEMO,UNVERIFIED_NO_ACTUALS,False,True
2026-02-03,2026-02-03,2026-02-02T23:00:00,2026-09-23T11:00:08.499116+00:00,16,2026-02-03T15:00:00,Asia/Almaty,turbine_2,2.43175,2.43175,1,2.4165,,12.43,-1.2,1.2107,MOCK_MODE_SYNTHESIS,SYNTHETIC_DEMO,UNVERIFIED_NO_ACTUALS,False,True
2026-02-03,2026-02-03,2026-02-02T23:00:00,2026-09-23T11:00:08.499116+00:00,17,2026-02-03T16:00:00,Asia/Almaty,turbine_2,2.42575,2.42575,1,2.466,,12.47,-1.5,1.2198,MOCK_MODE_SYNTHESIS,SYNTHETIC_DEMO,UNVERIFIED_NO_ACTUALS,False,True
2026-02-03,2026-02-03,2026-02-02T23:00:00,2026-09-23T11:00:08.499116+00:00,18,2026-02-03T17:00:00,Asia/Almaty,turbine_2,2.43325,2.43325,1,2.5,,15.62,0.1,1.211,MOCK_MODE_SYNTHESIS,SYNTHETIC_DEMO,UNVERIFIED_NO_ACTUALS,False,True
2026-02-03,2026-02-03,2026-02-02T23:00:00,2026-09-23T11:00:08.499116+00:00,19,2026-02-03T18:00:00,Asia/Almaty,turbine_2,2.41225,2.41225,1,2.5,,13.84,-2.7,1.2149,MOCK_MODE_SYNTHESIS,SYNTHETIC_DEMO,UNVERIFIED_NO_ACTUALS,False,True
2026-02-03,2026-02-03,2026-02-02T23:00:00,2026-09-23T11:00:08.499116+00:00,20,2026-02-03T19:00:00,Asia/Almaty,turbine_2,0.10825,0.10825,1,0.116,,6.42,-1.5,1.2188,MOCK_MODE_SYNTHESIS,SYNTHETIC_DEMO,UNVERIFIED_NO_ACTUALS,False,True
2026-02-03,2026-02-03,2026-02-02T23:00:00,2026-09-23T11:00:08.499116+00:00,21,2026-02-03T20:00:00,Asia/Almaty,turbine_2,1.84125,1.84125,1,1.84325,,11.56,-3.9,1.2346,MOCK_MODE_SYNTHESIS,SYNTHETIC_DEMO,UNVERIFIED_NO_ACTUALS,False,True
2026-02-03,2026-02-03,2026-02-02T23:00:00,2026-09-23T11:00:08.499116+00:00,22,2026-02-03T21:00:00,Asia/Almaty,turbine_2,0.59575,0.59575,1,0.5955,,8.87,-5.1,1.2367,MOCK_MODE_SYNTHESIS,SYNTHETIC_DEMO,UNVERIFIED_NO_ACTUALS,False,True
2026-02-03,2026-02-03,2026-02-02T23:00:00,2026-09-23T11:00:08.499116+00:00,23,2026-02-03T22:00:00,Asia/Almaty,turbine_2,1.149,1.149,1,1.21475,,10.44,-6.1,1.2391,MOCK_MODE_SYNTHESIS,SYNTHETIC_DEMO,UNVERIFIED_NO_ACTUALS,False,True
2026-02-03,2026-02-03,2026-02-02T23:00:00,2026-09-23T11:00:08.499116+00:00,24,2026-02-03T23:00:00,Asia/Almaty,turbine_2,2.1455,2.1455,1,2.25875,,12.14,-6.4,1.2427,MOCK_MODE_SYNTHESIS,SYNTHETIC_DEMO,UNVERIFIED_NO_ACTUALS,False,True
2026-02-04,2026-02-04,2026-02-03T23:00:00,2026-09-23T11:00:08.514914+00:00,1,2026-02-04T00:00:00,Asia/Almaty,turbine_1,0.014,0.014,1,0.00025,,3.43,-8.9,1.2546,MOCK_MODE_SYNTHESIS,SYNTHETIC_DEMO,UNVERIFIED_NO_ACTUALS,False,True
2026-02-04,2026-02-04,2026-02-03T23:00:00,2026-09-23T11:00:08.514914+00:00,2,2026-02-04T01:00:00,Asia/Almaty,turbine_1,0.16525,0.16525,1,0.17925,,6.93,-7.5,1.2401,MOCK_MODE_SYNTHESIS,SYNTHETIC_DEMO,UNVERIFIED_NO_ACTUALS,False,True
2026-02-04,2026-02-04,2026-02-03T23:00:00,2026-09-23T11:00:08.514914+00:00,3,2026-02-04T02:00:00,Asia/Almaty,turbine_1,0.0,0.0,1,0.0,,2.08,-8.9,1.2569,MOCK_MODE_SYNTHESIS,SYNTHETIC_DEMO,UNVERIFIED_NO_ACTUALS,False,True
2026-02-04,2026-02-04,2026-02-03T23:00:00,2026-09-23T11:00:08.514914+00:00,4,2026-02-04T03:00:00,Asia/Almaty,turbine_1,0.0,0.0,1,0.0,,1.63,-9.6,1.2536,MOCK_MODE_SYNTHESIS,SYNTHETIC_DEMO,UNVERIFIED_NO_ACTUALS,False,True
2026-02-04,2026-02-04,2026-02-03T23:00:00,2026-09-23T11:00:08.514914+00:00,5,2026-02-04T04:00:00,Asia/Almaty,turbine_1,0.0,0.0,1,0.002,,3.87,-10.7,1.2538,MOCK_MODE_SYNTHESIS,SYNTHETIC_DEMO,UNVERIFIED_NO_ACTUALS,False,True
2026-02-04,2026-02-04,2026-02-03T23:00:00,2026-09-23T11:00:08.514914+00:00,6,2026-02-04T05:00:00,Asia/Almaty,turbine_1,0.35575,0.35575,1,0.40275,,8.12,-10.4,1.2603,MOCK_MODE_SYNTHESIS,SYNTHETIC_DEMO,UNVERIFIED_NO_ACTUALS,False,True
2026-02-04,2026-02-04,2026-02-03T23:00:00,2026-09-23T11:00:08.514914+00:00,7,2026-02-04T06:00:00,Asia/Almaty,turbine_1,0.10175,0.10175,1,0.147,,6.66,-11.2,1.2587,MOCK_MODE_SYNTHESIS,SYNTHETIC_DEMO,UNVERIFIED_NO_ACTUALS,False,True
2026-02-04,2026-02-04,2026-02-03T23:00:00,2026-09-23T11:00:08.514914+00:00,8,2026-02-04T07:00:00,Asia/Almaty,turbine_1,0.3215,0.3215,1,0.3875,,8.07,-9.2,1.2495,MOCK_MODE_SYNTHESIS,SYNTHETIC_DEMO,UNVERIFIED_NO_ACTUALS,False,True
2026-02-04,2026-02-04,2026-02-03T23:00:00,2026-09-23T11:00:08.514914+00:00,9,2026-02-04T08:00:00,Asia/Almaty,turbine_1,0.1545,0.1545,1,0.21725,,7.18,-8.3,1.2492,MOCK_MODE_SYNTHESIS,SYNTHETIC_DEMO,UNVERIFIED_NO_ACTUALS,False,True
2026-02-04,2026-02-04,2026-02-03T23:00:00,2026-09-23T11:00:08.514914+00:00,10,2026-02-04T09:00:00,Asia/Almaty,turbine_1,2.34625,2.34625,1,2.5,,16.91,-6.1,1.243,MOCK_MODE_SYNTHESIS,SYNTHETIC_DEMO,UNVERIFIED_NO_ACTUALS,False,True
2026-02-04,2026-02-04,2026-02-03T23:00:00,2026-09-23T11:00:08.514914+00:00,11,2026-02-04T10:00:00,Asia/Almaty,turbine_1,2.3855,2.3855,1,2.5,,13.15,-2.8,1.2219,MOCK_MODE_SYNTHESIS,SYNTHETIC_DEMO,UNVERIFIED_NO_ACTUALS,False,True
2026-02-04,2026-02-04,2026-02-03T23:00:00,2026-09-23T11:00:08.514914+00:00,12,2026-02-04T11:00:00,Asia/Almaty,turbine_1,1.16475,1.16475,1,1.1325,,10.28,-4.1,1.2332,MOCK_MODE_SYNTHESIS,SYNTHETIC_DEMO,UNVERIFIED_NO_ACTUALS,False,True
2026-02-04,2026-02-04,2026-02-03T23:00:00,2026-09-23T11:00:08.514914+00:00,13,2026-02-04T12:00:00,Asia/Almaty,turbine_1,2.418,2.418,1,2.4165,,12.43,-1.0,1.2107,MOCK_MODE_SYNTHESIS,SYNTHETIC_DEMO,UNVERIFIED_NO_ACTUALS,False,True
2026-02-04,2026-02-04,2026-02-03T23:00:00,2026-09-23T11:00:08.514914+00:00,14,2026-02-04T13:00:00,Asia/Almaty,turbine_1,2.4305,2.4305,1,2.5,,14.02,-1.1,1.216,MOCK_MODE_SYNTHESIS,SYNTHETIC_DEMO,UNVERIFIED_NO_ACTUALS,False,True
2026-02-04,2026-02-04,2026-02-03T23:00:00,2026-09-23T11:00:08.514914+00:00,15,2026-02-04T14:00:00,Asia/Almaty,turbine_1,2.4365,2.4365,1,2.5,,14.8,-1.9,1.2162,MOCK_MODE_SYNTHESIS,SYNTHETIC_DEMO,UNVERIFIED_NO_ACTUALS,False,True
2026-02-04,2026-02-04,2026-02-03T23:00:00,2026-09-23T11:00:08.514914+00:00,16,2026-02-04T15:00:00,Asia/Almaty,turbine_1,2.431,2.431,1,2.5,,18.2,-0.8,1.2125,MOCK_MODE_SYNTHESIS,SYNTHETIC_DEMO,UNVERIFIED_NO_ACTUALS,False,True
2026-02-04,2026-02-04,2026-02-03T23:00:00,2026-09-23T11:00:08.514914+00:00,17,2026-02-04T16:00:00,Asia/Almaty,turbine_1,2.434,2.434,1,2.5,,16.94,-1.5,1.2171,MOCK_MODE_SYNTHESIS,SYNTHETIC_DEMO,UNVERIFIED_NO_ACTUALS,False,True
2026-02-04,2026-02-04,2026-02-03T23:00:00,2026-09-23T11:00:08.514914+00:00,18,2026-02-04T17:00:00,Asia/Almaty,turbine_1,0.49075,0.49075,1,0.49125,,8.54,0.4,1.2135,MOCK_MODE_SYNTHESIS,SYNTHETIC_DEMO,UNVERIFIED_NO_ACTUALS,False,True
2026-02-04,2026-02-04,2026-02-03T23:00:00,2026-09-23T11:00:08.514914+00:00,19,2026-02-04T18:00:00,Asia/Almaty,turbine_1,1.6355,1.6355,1,1.63975,,11.27,-3.3,1.2179,MOCK_MODE_SYNTHESIS,SYNTHETIC_DEMO,UNVERIFIED_NO_ACTUALS,False,True
2026-02-04,2026-02-04,2026-02-03T23:00:00,2026-09-23T11:00:08.514914+00:00,20,2026-02-04T19:00:00,Asia/Almaty,turbine_1,0.3655,0.3655,1,0.36875,,8.01,-4.8,1.232,MOCK_MODE_SYNTHESIS,SYNTHETIC_DEMO,UNVERIFIED_NO_ACTUALS,False,True
2026-02-04,2026-02-04,2026-02-03T23:00:00,2026-09-23T11:00:08.514914+00:00,21,2026-02-04T20:00:00,Asia/Almaty,turbine_1,2.45875,2.45875,1,2.5,,14.14,-1.6,1.2215,MOCK_MODE_SYNTHESIS,SYNTHETIC_DEMO,UNVERIFIED_NO_ACTUALS,False,True
2026-02-04,2026-02-04,2026-02-03T23:00:00,2026-09-23T11:00:08.514914+00:00,22,2026-02-04T21:00:00,Asia/Almaty,turbine_1,2.3615,2.3615,1,2.37275,,12.35,-2.8,1.2195,MOCK_MODE_SYNTHESIS,SYNTHETIC_DEMO,UNVERIFIED_NO_ACTUALS,False,True
2026-02-04,2026-02-04,2026-02-03T23:00:00,2026-09-23T11:00:08.514914+00:00,23,2026-02-04T22:00:00,Asia/Almaty,turbine_1,0.1245,0.1245,1,0.14225,,6.64,-6.4,1.24,MOCK_MODE_SYNTHESIS,SYNTHETIC_DEMO,UNVERIFIED_NO_ACTUALS,False,True
2026-02-04,2026-02-04,2026-02-03T23:00:00,2026-09-23T11:00:08.514914+00:00,24,2026-02-04T23:00:00,Asia/Almaty,turbine_1,0.3585,0.3585,1,0.384,,8.07,-6.3,1.2377,MOCK_MODE_SYNTHESIS,SYNTHETIC_DEMO,UNVERIFIED_NO_ACTUALS,False,True
2026-02-04,2026-02-04,2026-02-03T23:00:00,2026-09-23T11:00:08.529781+00:00,1,2026-02-04T00:00:00,Asia/Almaty,turbine_2,0.014,0.014,1,0.00025,,3.43,-8.9,1.2546,MOCK_MODE_SYNTHESIS,SYNTHETIC_DEMO,UNVERIFIED_NO_ACTUALS,False,True
2026-02-04,2026-02-04,2026-02-03T23:00:00,2026-09-23T11:00:08.529781+00:00,2,2026-02-04T01:00:00,Asia/Almaty,turbine_2,0.16525,0.16525,1,0.17925,,6.93,-7.5,1.2401,MOCK_MODE_SYNTHESIS,SYNTHETIC_DEMO,UNVERIFIED_NO_ACTUALS,False,True
2026-02-04,2026-02-04,2026-02-03T23:00:00,2026-09-23T11:00:08.529781+00:00,3,2026-02-04T02:00:00,Asia/Almaty,turbine_2,0.0,0.0,1,0.0,,2.08,-8.9,1.2569,MOCK_MODE_SYNTHESIS,SYNTHETIC_DEMO,UNVERIFIED_NO_ACTUALS,False,True
2026-02-04,2026-02-04,2026-02-03T23:00:00,2026-09-23T11:00:08.529781+00:00,4,2026-02-04T03:00:00,Asia/Almaty,turbine_2,0.0,0.0,1,0.0,,1.63,-9.6,1.2536,MOCK_MODE_SYNTHESIS,SYNTHETIC_DEMO,UNVERIFIED_NO_ACTUALS,False,True
2026-02-04,2026-02-04,2026-02-03T23:00:00,2026-09-23T11:00:08.529781+00:00,5,2026-02-04T04:00:00,Asia/Almaty,turbine_2,0.0,0.0,1,0.002,,3.87,-10.7,1.2538,MOCK_MODE_SYNTHESIS,SYNTHETIC_DEMO,UNVERIFIED_NO_ACTUALS,False,True
2026-02-04,2026-02-04,2026-02-03T23:00:00,2026-09-23T11:00:08.529781+00:00,6,2026-02-04T05:00:00,Asia/Almaty,turbine_2,0.35575,0.35575,1,0.40275,,8.12,-10.4,1.2603,MOCK_MODE_SYNTHESIS,SYNTHETIC_DEMO,UNVERIFIED_NO_ACTUALS,False,True
2026-02-04,2026-02-04,2026-02-03T23:00:00,2026-09-23T11:00:08.529781+00:00,7,2026-02-04T06:00:00,Asia/Almaty,turbine_2,0.10175,0.10175,1,0.147,,6.66,-11.2,1.2587,MOCK_MODE_SYNTHESIS,SYNTHETIC_DEMO,UNVERIFIED_NO_ACTUALS,False,True
2026-02-04,2026-02-04,2026-02-03T23:00:00,2026-09-23T11:00:08.529781+00:00,8,2026-02-04T07:00:00,Asia/Almaty,turbine_2,0.3215,0.3215,1,0.3875,,8.07,-9.2,1.2495,MOCK_MODE_SYNTHESIS,SYNTHETIC_DEMO,UNVERIFIED_NO_ACTUALS,False,True
2026-02-04,2026-02-04,2026-02-03T23:00:00,2026-09-23T11:00:08.529781+00:00,9,2026-02-04T08:00:00,Asia/Almaty,turbine_2,0.1545,0.1545,1,0.21725,,7.18,-8.3,1.2492,MOCK_MODE_SYNTHESIS,SYNTHETIC_DEMO,UNVERIFIED_NO_ACTUALS,False,True
2026-02-04,2026-02-04,2026-02-03T23:00:00,2026-09-23T11:00:08.529781+00:00,10,2026-02-04T09:00:00,Asia/Almaty,turbine_2,2.34625,2.34625,1,2.5,,16.91,-6.1,1.243,MOCK_MODE_SYNTHESIS,SYNTHETIC_DEMO,UNVERIFIED_NO_ACTUALS,False,True
2026-02-04,2026-02-04,2026-02-03T23:00:00,2026-09-23T11:00:08.529781+00:00,11,2026-02-04T10:00:00,Asia/Almaty,turbine_2,2.3855,2.3855,1,2.5,,13.15,-2.8,1.2219,MOCK_MODE_SYNTHESIS,SYNTHETIC_DEMO,UNVERIFIED_NO_ACTUALS,False,True
2026-02-04,2026-02-04,2026-02-03T23:00:00,2026-09-23T11:00:08.529781+00:00,12,2026-02-04T11:00:00,Asia/Almaty,turbine_2,1.16475,1.16475,1,1.1325,,10.28,-4.1,1.2332,MOCK_MODE_SYNTHESIS,SYNTHETIC_DEMO,UNVERIFIED_NO_ACTUALS,False,True
2026-02-04,2026-02-04,2026-02-03T23:00:00,2026-09-23T11:00:08.529781+00:00,13,2026-02-04T12:00:00,Asia/Almaty,turbine_2,2.418,2.418,1,2.4165,,12.43,-1.0,1.2107,MOCK_MODE_SYNTHESIS,SYNTHETIC_DEMO,UNVERIFIED_NO_ACTUALS,False,True
2026-02-04,2026-02-04,2026-02-03T23:00:00,2026-09-23T11:00:08.529781+00:00,14,2026-02-04T13:00:00,Asia/Almaty,turbine_2,2.4305,2.4305,1,2.5,,14.02,-1.1,1.216,MOCK_MODE_SYNTHESIS,SYNTHETIC_DEMO,UNVERIFIED_NO_ACTUALS,False,True
2026-02-04,2026-02-04,2026-02-03T23:00:00,2026-09-23T11:00:08.529781+00:00,15,2026-02-04T14:00:00,Asia/Almaty,turbine_2,2.4365,2.4365,1,2.5,,14.8,-1.9,1.2162,MOCK_MODE_SYNTHESIS,SYNTHETIC_DEMO,UNVERIFIED_NO_ACTUALS,False,True
2026-02-04,2026-02-04,2026-02-03T23:00:00,2026-09-23T11:00:08.529781+00:00,16,2026-02-04T15:00:00,Asia/Almaty,turbine_2,2.431,2.431,1,2.5,,18.2,-0.8,1.2125,MOCK_MODE_SYNTHESIS,SYNTHETIC_DEMO,UNVERIFIED_NO_ACTUALS,False,True
2026-02-04,2026-02-04,2026-02-03T23:00:00,2026-09-23T11:00:08.529781+00:00,17,2026-02-04T16:00:00,Asia/Almaty,turbine_2,2.434,2.434,1,2.5,,16.94,-1.5,1.2171,MOCK_MODE_SYNTHESIS,SYNTHETIC_DEMO,UNVERIFIED_NO_ACTUALS,False,True
2026-02-04,2026-02-04,2026-02-03T23:00:00,2026-09-23T11:00:08.529781+00:00,18,2026-02-04T17:00:00,Asia/Almaty,turbine_2,0.49075,0.49075,1,0.49125,,8.54,0.4,1.2135,MOCK_MODE_SYNTHESIS,SYNTHETIC_DEMO,UNVERIFIED_NO_ACTUALS,False,True
2026-02-04,2026-02-04,2026-02-03T23:00:00,2026-09-23T11:00:08.529781+00:00,19,2026-02-04T18:00:00,Asia/Almaty,turbine_2,1.6355,1.6355,1,1.63975,,11.27,-3.3,1.2179,MOCK_MODE_SYNTHESIS,SYNTHETIC_DEMO,UNVERIFIED_NO_ACTUALS,False,True
2026-02-04,2026-02-04,2026-02-03T23:00:00,2026-09-23T11:00:08.529781+00:00,20,2026-02-04T19:00:00,Asia/Almaty,turbine_2,0.3655,0.3655,1,0.36875,,8.01,-4.8,1.232,MOCK_MODE_SYNTHESIS,SYNTHETIC_DEMO,UNVERIFIED_NO_ACTUALS,False,True
2026-02-04,2026-02-04,2026-02-03T23:00:00,2026-09-23T11:00:08.529781+00:00,21,2026-02-04T20:00:00,Asia/Almaty,turbine_2,2.45875,2.45875,1,2.5,,14.14,-1.6,1.2215,MOCK_MODE_SYNTHESIS,SYNTHETIC_DEMO,UNVERIFIED_NO_ACTUALS,False,True
2026-02-04,2026-02-04,2026-02-03T23:00:00,2026-09-23T11:00:08.529781+00:00,22,2026-02-04T21:00:00,Asia/Almaty,turbine_2,2.3615,2.3615,1,2.37275,,12.35,-2.8,1.2195,MOCK_MODE_SYNTHESIS,SYNTHETIC_DEMO,UNVERIFIED_NO_ACTUALS,False,True
2026-02-04,2026-02-04,2026-02-03T23:00:00,2026-09-23T11:00:08.529781+00:00,23,2026-02-04T22:00:00,Asia/Almaty,turbine_2,0.1245,0.1245,1,0.14225,,6.64,-6.4,1.24,MOCK_MODE_SYNTHESIS,SYNTHETIC_DEMO,UNVERIFIED_NO_ACTUALS,False,True
2026-02-04,2026-02-04,2026-02-03T23:00:00,2026-09-23T11:00:08.529781+00:00,24,2026-02-04T23:00:00,Asia/Almaty,turbine_2,0.3585,0.3585,1,0.384,,8.07,-6.3,1.2377,MOCK_MODE_SYNTHESIS,SYNTHETIC_DEMO,UNVERIFIED_NO_ACTUALS,False,True
2026-02-05,2026-02-05,2026-02-04T23:00:00,2026-09-23T11:00:08.543554+00:00,1,2026-02-05T00:00:00,Asia/Almaty,turbine_1,0.0845,0.0845,1,0.1075,,6.31,-7.9,1.2456,MOCK_MODE_SYNTHESIS,SYNTHETIC_DEMO,UNVERIFIED_NO_ACTUALS,False,True
2026-02-05,2026-02-05,2026-02-04T23:00:00,2026-09-23T11:00:08.543554+00:00,2,2026-02-05T01:00:00,Asia/Almaty,turbine_1,0.2285,0.2285,1,0.2665,,7.47,-8.5,1.254,MOCK_MODE_SYNTHESIS,SYNTHETIC_DEMO,UNVERIFIED_NO_ACTUALS,False,True
2026-02-05,2026-02-05,2026-02-04T23:00:00,2026-09-23T11:00:08.543554+00:00,3,2026-02-05T02:00:00,Asia/Almaty,turbine_1,0.2015,0.2015,1,0.22425,,7.22,-9.5,1.2531,MOCK_MODE_SYNTHESIS,SYNTHETIC_DEMO,UNVERIFIED_NO_ACTUALS,False,True
2026-02-05,2026-02-05,2026-02-04T23:00:00,2026-09-23T11:00:08.543554+00:00,4,2026-02-05T03:00:00,Asia/Almaty,turbine_1,0.228,0.228,1,0.26825,,7.49,-7.3,1.2451,MOCK_MODE_SYNTHESIS,SYNTHETIC_DEMO,UNVERIFIED_NO_ACTUALS,False,True
2026-02-05,2026-02-05,2026-02-04T23:00:00,2026-09-23T11:00:08.543554+00:00,5,2026-02-05T04:00:00,Asia/Almaty,turbine_1,0.0,0.0,1,0.00725,,4.35,-9.8,1.254,MOCK_MODE_SYNTHESIS,SYNTHETIC_DEMO,UNVERIFIED_NO_ACTUALS,False,True
2026-02-05,2026-02-05,2026-02-04T23:00:00,2026-09-23T11:00:08.543554+00:00,6,2026-02-05T05:00:00,Asia/Almaty,turbine_1,0.0,0.0,1,0.013,,4.63,-10.0,1.2599,MOCK_MODE_SYNTHESIS,SYNTHETIC_DEMO,UNVERIFIED_NO_ACTUALS,False,True
2026-02-05,2026-02-05,2026-02-04T23:00:00,2026-09-23T11:00:08.543554+00:00,7,2026-02-05T06:00:00,Asia/Almaty,turbine_1,0.145,0.145,1,0.2035,,7.08,-9.1,1.2585,MOCK_MODE_SYNTHESIS,SYNTHETIC_DEMO,UNVERIFIED_NO_ACTUALS,False,True
2026-02-05,2026-02-05,2026-02-04T23:00:00,2026-09-23T11:00:08.543554+00:00,8,2026-02-05T07:00:00,Asia/Almaty,turbine_1,0.182,0.182,1,0.24125,,7.33,-9.7,1.2483,MOCK_MODE_SYNTHESIS,SYNTHETIC_DEMO,UNVERIFIED_NO_ACTUALS,False,True
2026-02-05,2026-02-05,2026-02-04T23:00:00,2026-09-23T11:00:08.543554+00:00,9,2026-02-05T08:00:00,Asia/Almaty,turbine_1,0.57725,0.57725,1,0.651,,9.03,-8.5,1.2473,MOCK_MODE_SYNTHESIS,SYNTHETIC_DEMO,UNVERIFIED_NO_ACTUALS,False,True
2026-02-05,2026-02-05,2026-02-04T23:00:00,2026-09-23T11:00:08.543554+00:00,10,2026-02-05T09:00:00,Asia/Almaty,turbine_1,0.68625,0.68625,1,0.72225,,9.25,-6.9,1.2428,MOCK_MODE_SYNTHESIS,SYNTHETIC_DEMO,UNVERIFIED_NO_ACTUALS,False,True
2026-02-05,2026-02-05,2026-02-04T23:00:00,2026-09-23T11:00:08.543554+00:00,11,2026-02-05T10:00:00,Asia/Almaty,turbine_1,1.75125,1.75125,1,1.8635,,11.57,-6.6,1.2438,MOCK_MODE_SYNTHESIS,SYNTHETIC_DEMO,UNVERIFIED_NO_ACTUALS,False,True
2026-02-05,2026-02-05,2026-02-04T23:00:00,2026-09-23T11:00:08.543554+00:00,12,2026-02-05T11:00:00,Asia/Almaty,turbine_1,2.33325,2.33325,1,2.5,,17.01,-6.7,1.2494,MOCK_MODE_SYNTHESIS,SYNTHETIC_DEMO,UNVERIFIED_NO_ACTUALS,False,True
2026-02-05,2026-02-05,2026-02-04T23:00:00,2026-09-23T11:00:08.543554+00:00,13,2026-02-05T12:00:00,Asia/Almaty,turbine_1,2.01575,2.01575,1,1.994,,11.85,-0.9,1.2085,MOCK_MODE_SYNTHESIS,SYNTHETIC_DEMO,UNVERIFIED_NO_ACTUALS,False,True
2026-02-05,2026-02-05,2026-02-04T23:00:00,2026-09-23T11:00:08.543554+00:00,14,2026-02-05T13:00:00,Asia/Almaty,turbine_1,1.07925,1.07925,1,1.1035,,10.25,-1.0,1.2167,MOCK_MODE_SYNTHESIS,SYNTHETIC_DEMO,UNVERIFIED_NO_ACTUALS,False,True
2026-02-05,2026-02-05,2026-02-04T23:00:00,2026-09-23T11:00:08.543554+00:00,15,2026-02-05T14:00:00,Asia/Almaty,turbine_1,1.47025,1.47025,1,1.47125,,10.98,-1.5,1.2162,MOCK_MODE_SYNTHESIS,SYNTHETIC_DEMO,UNVERIFIED_NO_ACTUALS,False,True
2026-02-05,2026-02-05,2026-02-04T23:00:00,2026-09-23T11:00:08.543554+00:00,16,2026-02-05T15:00:00,Asia/Almaty,turbine_1,2.423,2.423,1,2.5,,12.69,-0.7,1.2155,MOCK_MODE_SYNTHESIS,SYNTHETIC_DEMO,UNVERIFIED_NO_ACTUALS,False,True
2026-02-05,2026-02-05,2026-02-04T23:00:00,2026-09-23T11:00:08.543554+00:00,17,2026-02-05T16:00:00,Asia/Almaty,turbine_1,2.1865,2.1865,1,2.15575,,12.07,-0.9,1.2138,MOCK_MODE_SYNTHESIS,SYNTHETIC_DEMO,UNVERIFIED_NO_ACTUALS,False,True
2026-02-05,2026-02-05,2026-02-04T23:00:00,2026-09-23T11:00:08.543554+00:00,18,2026-02-05T17:00:00,Asia/Almaty,turbine_1,2.44225,2.44225,1,2.5,,12.82,-1.6,1.2248,MOCK_MODE_SYNTHESIS,SYNTHETIC_DEMO,UNVERIFIED_NO_ACTUALS,False,True
2026-02-05,2026-02-05,2026-02-04T23:00:00,2026-09-23T11:00:08.543554+00:00,19,2026-02-05T18:00:00,Asia/Almaty,turbine_1,2.4445,2.4445,1,2.5,,14.43,0.8,1.2046,MOCK_MODE_SYNTHESIS,SYNTHETIC_DEMO,UNVERIFIED_NO_ACTUALS,False,True
2026-02-05,2026-02-05,2026-02-04T23:00:00,2026-09-23T11:00:08.543554+00:00,20,2026-02-05T19:00:00,Asia/Almaty,turbine_1,0.22025,0.22025,1,0.22325,,7.24,-2.9,1.2305,MOCK_MODE_SYNTHESIS,SYNTHETIC_DEMO,UNVERIFIED_NO_ACTUALS,False,True
2026-02-05,2026-02-05,2026-02-04T23:00:00,2026-09-23T11:00:08.543554+00:00,21,2026-02-05T20:00:00,Asia/Almaty,turbine_1,1.1455,1.1455,1,1.126,,10.27,-3.7,1.2312,MOCK_MODE_SYNTHESIS,SYNTHETIC_DEMO,UNVERIFIED_NO_ACTUALS,False,True
2026-02-05,2026-02-05,2026-02-04T23:00:00,2026-09-23T11:00:08.543554+00:00,22,2026-02-05T21:00:00,Asia/Almaty,turbine_1,1.65475,1.65475,1,1.696,,11.33,-2.9,1.2327,MOCK_MODE_SYNTHESIS,SYNTHETIC_DEMO,UNVERIFIED_NO_ACTUALS,False,True
2026-02-05,2026-02-05,2026-02-04T23:00:00,2026-09-23T11:00:08.543554+00:00,23,2026-02-05T22:00:00,Asia/Almaty,turbine_1,0.2155,0.2155,1,0.21375,,7.18,-3.8,1.2292,MOCK_MODE_SYNTHESIS,SYNTHETIC_DEMO,UNVERIFIED_NO_ACTUALS,False,True
2026-02-05,2026-02-05,2026-02-04T23:00:00,2026-09-23T11:00:08.543554+00:00,24,2026-02-05T23:00:00,Asia/Almaty,turbine_1,0.04925,0.04925,1,0.04875,,5.55,-6.1,1.2368,MOCK_MODE_SYNTHESIS,SYNTHETIC_DEMO,UNVERIFIED_NO_ACTUALS,False,True
2026-02-05,2026-02-05,2026-02-04T23:00:00,2026-09-23T11:00:08.557466+00:00,1,2026-02-05T00:00:00,Asia/Almaty,turbine_2,0.0845,0.0845,1,0.1075,,6.31,-7.9,1.2456,MOCK_MODE_SYNTHESIS,SYNTHETIC_DEMO,UNVERIFIED_NO_ACTUALS,False,True
2026-02-05,2026-02-05,2026-02-04T23:00:00,2026-09-23T11:00:08.557466+00:00,2,2026-02-05T01:00:00,Asia/Almaty,turbine_2,0.2285,0.2285,1,0.2665,,7.47,-8.5,1.254,MOCK_MODE_SYNTHESIS,SYNTHETIC_DEMO,UNVERIFIED_NO_ACTUALS,False,True
2026-02-05,2026-02-05,2026-02-04T23:00:00,2026-09-23T11:00:08.557466+00:00,3,2026-02-05T02:00:00,Asia/Almaty,turbine_2,0.2015,0.2015,1,0.22425,,7.22,-9.5,1.2531,MOCK_MODE_SYNTHESIS,SYNTHETIC_DEMO,UNVERIFIED_NO_ACTUALS,False,True
2026-02-05,2026-02-05,2026-02-04T23:00:00,2026-09-23T11:00:08.557466+00:00,4,2026-02-05T03:00:00,Asia/Almaty,turbine_2,0.228,0.228,1,0.26825,,7.49,-7.3,1.2451,MOCK_MODE_SYNTHESIS,SYNTHETIC_DEMO,UNVERIFIED_NO_ACTUALS,False,True
2026-02-05,2026-02-05,2026-02-04T23:00:00,2026-09-23T11:00:08.557466+00:00,5,2026-02-05T04:00:00,Asia/Almaty,turbine_2,0.0,0.0,1,0.00725,,4.35,-9.8,1.254,MOCK_MODE_SYNTHESIS,SYNTHETIC_DEMO,UNVERIFIED_NO_ACTUALS,False,True
2026-02-05,2026-02-05,2026-02-04T23:00:00,2026-09-23T11:00:08.557466+00:00,6,2026-02-05T05:00:00,Asia/Almaty,turbine_2,0.0,0.0,1,0.013,,4.63,-10.0,1.2599,MOCK_MODE_SYNTHESIS,SYNTHETIC_DEMO,UNVERIFIED_NO_ACTUALS,False,True
2026-02-05,2026-02-05,2026-02-04T23:00:00,2026-09-23T11:00:08.557466+00:00,7,2026-02-05T06:00:00,Asia/Almaty,turbine_2,0.145,0.145,1,0.2035,,7.08,-9.1,1.2585,MOCK_MODE_SYNTHESIS,SYNTHETIC_DEMO,UNVERIFIED_NO_ACTUALS,False,True
2026-02-05,2026-02-05,2026-02-04T23:00:00,2026-09-23T11:00:08.557466+00:00,8,2026-02-05T07:00:00,Asia/Almaty,turbine_2,0.182,0.182,1,0.24125,,7.33,-9.7,1.2483,MOCK_MODE_SYNTHESIS,SYNTHETIC_DEMO,UNVERIFIED_NO_ACTUALS,False,True
2026-02-05,2026-02-05,2026-02-04T23:00:00,2026-09-23T11:00:08.557466+00:00,9,2026-02-05T08:00:00,Asia/Almaty,turbine_2,0.57725,0.57725,1,0.651,,9.03,-8.5,1.2473,MOCK_MODE_SYNTHESIS,SYNTHETIC_DEMO,UNVERIFIED_NO_ACTUALS,False,True
2026-02-05,2026-02-05,2026-02-04T23:00:00,2026-09-23T11:00:08.557466+00:00,10,2026-02-05T09:00:00,Asia/Almaty,turbine_2,0.68625,0.68625,1,0.72225,,9.25,-6.9,1.2428,MOCK_MODE_SYNTHESIS,SYNTHETIC_DEMO,UNVERIFIED_NO_ACTUALS,False,True
2026-02-05,2026-02-05,2026-02-04T23:00:00,2026-09-23T11:00:08.557466+00:00,11,2026-02-05T10:00:00,Asia/Almaty,turbine_2,1.75125,1.75125,1,1.8635,,11.57,-6.6,1.2438,MOCK_MODE_SYNTHESIS,SYNTHETIC_DEMO,UNVERIFIED_NO_ACTUALS,False,True
2026-02-05,2026-02-05,2026-02-04T23:00:00,2026-09-23T11:00:08.557466+00:00,12,2026-02-05T11:00:00,Asia/Almaty,turbine_2,2.33325,2.33325,1,2.5,,17.01,-6.7,1.2494,MOCK_MODE_SYNTHESIS,SYNTHETIC_DEMO,UNVERIFIED_NO_ACTUALS,False,True
2026-02-05,2026-02-05,2026-02-04T23:00:00,2026-09-23T11:00:08.557466+00:00,13,2026-02-05T12:00:00,Asia/Almaty,turbine_2,2.01575,2.01575,1,1.994,,11.85,-0.9,1.2085,MOCK_MODE_SYNTHESIS,SYNTHETIC_DEMO,UNVERIFIED_NO_ACTUALS,False,True
2026-02-05,2026-02-05,2026-02-04T23:00:00,2026-09-23T11:00:08.557466+00:00,14,2026-02-05T13:00:00,Asia/Almaty,turbine_2,1.07925,1.07925,1,1.1035,,10.25,-1.0,1.2167,MOCK_MODE_SYNTHESIS,SYNTHETIC_DEMO,UNVERIFIED_NO_ACTUALS,False,True
2026-02-05,2026-02-05,2026-02-04T23:00:00,2026-09-23T11:00:08.557466+00:00,15,2026-02-05T14:00:00,Asia/Almaty,turbine_2,1.47025,1.47025,1,1.47125,,10.98,-1.5,1.2162,MOCK_MODE_SYNTHESIS,SYNTHETIC_DEMO,UNVERIFIED_NO_ACTUALS,False,True
2026-02-05,2026-02-05,2026-02-04T23:00:00,2026-09-23T11:00:08.557466+00:00,16,2026-02-05T15:00:00,Asia/Almaty,turbine_2,2.423,2.423,1,2.5,,12.69,-0.7,1.2155,MOCK_MODE_SYNTHESIS,SYNTHETIC_DEMO,UNVERIFIED_NO_ACTUALS,False,True
2026-02-05,2026-02-05,2026-02-04T23:00:00,2026-09-23T11:00:08.557466+00:00,17,2026-02-05T16:00:00,Asia/Almaty,turbine_2,2.1865,2.1865,1,2.15575,,12.07,-0.9,1.2138,MOCK_MODE_SYNTHESIS,SYNTHETIC_DEMO,UNVERIFIED_NO_ACTUALS,False,True
2026-02-05,2026-02-05,2026-02-04T23:00:00,2026-09-23T11:00:08.557466+00:00,18,2026-02-05T17:00:00,Asia/Almaty,turbine_2,2.44225,2.44225,1,2.5,,12.82,-1.6,1.2248,MOCK_MODE_SYNTHESIS,SYNTHETIC_DEMO,UNVERIFIED_NO_ACTUALS,False,True
2026-02-05,2026-02-05,2026-02-04T23:00:00,2026-09-23T11:00:08.557466+00:00,19,2026-02-05T18:00:00,Asia/Almaty,turbine_2,2.4445,2.4445,1,2.5,,14.43,0.8,1.2046,MOCK_MODE_SYNTHESIS,SYNTHETIC_DEMO,UNVERIFIED_NO_ACTUALS,False,True
2026-02-05,2026-02-05,2026-02-04T23:00:00,2026-09-23T11:00:08.557466+00:00,20,2026-02-05T19:00:00,Asia/Almaty,turbine_2,0.22025,0.22025,1,0.22325,,7.24,-2.9,1.2305,MOCK_MODE_SYNTHESIS,SYNTHETIC_DEMO,UNVERIFIED_NO_ACTUALS,False,True
2026-02-05,2026-02-05,2026-02-04T23:00:00,2026-09-23T11:00:08.557466+00:00,21,2026-02-05T20:00:00,Asia/Almaty,turbine_2,1.1455,1.1455,1,1.126,,10.27,-3.7,1.2312,MOCK_MODE_SYNTHESIS,SYNTHETIC_DEMO,UNVERIFIED_NO_ACTUALS,False,True
2026-02-05,2026-02-05,2026-02-04T23:00:00,2026-09-23T11:00:08.557466+00:00,22,2026-02-05T21:00:00,Asia/Almaty,turbine_2,1.65475,1.65475,1,1.696,,11.33,-2.9,1.2327,MOCK_MODE_SYNTHESIS,SYNTHETIC_DEMO,UNVERIFIED_NO_ACTUALS,False,True
2026-02-05,2026-02-05,2026-02-04T23:00:00,2026-09-23T11:00:08.557466+00:00,23,2026-02-05T22:00:00,Asia/Almaty,turbine_2,0.2155,0.2155,1,0.21375,,7.18,-3.8,1.2292,MOCK_MODE_SYNTHESIS,SYNTHETIC_DEMO,UNVERIFIED_NO_ACTUALS,False,True
2026-02-05,2026-02-05,2026-02-04T23:00:00,2026-09-23T11:00:08.557466+00:00,24,2026-02-05T23:00:00,Asia/Almaty,turbine_2,0.04925,0.04925,1,0.04875,,5.55,-6.1,1.2368,MOCK_MODE_SYNTHESIS,SYNTHETIC_DEMO,UNVERIFIED_NO_ACTUALS,False,True
2026-02-06,2026-02-06,2026-02-05T23:00:00,2026-09-23T11:00:08.571354+00:00,1,2026-02-06T00:00:00,Asia/Almaty,turbine_1,0.13125,0.13125,1,0.1495,,6.69,-6.6,1.2503,MOCK_MODE_SYNTHESIS,SYNTHETIC_DEMO,UNVERIFIED_NO_ACTUALS,False,True
2026-02-06,2026-02-06,2026-02-05T23:00:00,2026-09-23T11:00:08.571354+00:00,2,2026-02-06T01:00:00,Asia/Almaty,turbine_1,0.014,0.014,1,0.00475,,4.17,-9.1,1.2536,MOCK_MODE_SYNTHESIS,SYNTHETIC_DEMO,UNVERIFIED_NO_ACTUALS,False,True
2026-02-06,2026-02-06,2026-02-05T23:00:00,2026-09-23T11:00:08.571354+00:00,3,2026-02-06T02:00:00,Asia/Almaty,turbine_1,1.1955,1.1955,1,1.2815,,10.51,-11.2,1.271,MOCK_MODE_SYNTHESIS,SYNTHETIC_DEMO,UNVERIFIED_NO_ACTUALS,False,True
2026-02-06,2026-02-06,2026-02-05T23:00:00,2026-09-23T11:00:08.571354+00:00,4,2026-02-06T03:00:00,Asia/Almaty,turbine_1,0.133,0.133,1,0.149,,6.68,-10.0,1.2562,MOCK_MODE_SYNTHESIS,SYNTHETIC_DEMO,UNVERIFIED_NO_ACTUALS,False,True
2026-02-06,2026-02-06,2026-02-05T23:00:00,2026-09-23T11:00:08.571354+00:00,5,2026-02-06T04:00:00,Asia/Almaty,turbine_1,0.13875,0.13875,1,0.18725,,6.96,-12.0,1.267,MOCK_MODE_SYNTHESIS,SYNTHETIC_DEMO,UNVERIFIED_NO_ACTUALS,False,True
2026-02-06,2026-02-06,2026-02-05T23:00:00,2026-09-23T11:00:08.571354+00:00,6,2026-02-06T05:00:00,Asia/Almaty,turbine_1,1.78925,1.78925,1,1.91875,,11.62,-10.8,1.2585,MOCK_MODE_SYNTHESIS,SYNTHETIC_DEMO,UNVERIFIED_NO_ACTUALS,False,True
2026-02-06,2026-02-06,2026-02-05T23:00:00,2026-09-23T11:00:08.571354+00:00,7,2026-02-06T06:00:00,Asia/Almaty,turbine_1,0.779,0.779,1,0.8865,,9.65,-11.7,1.2665,MOCK_MODE_SYNTHESIS,SYNTHETIC_DEMO,UNVERIFIED_NO_ACTUALS,False,True
2026-02-06,2026-02-06,2026-02-05T23:00:00,2026-09-23T11:00:08.571354+00:00,8,2026-02-06T07:00:00,Asia/Almaty,turbine_1,0.5385,0.5385,1,0.604,,8.87,-9.4,1.2545,MOCK_MODE_SYNTHESIS,SYNTHETIC_DEMO,UNVERIFIED_NO_ACTUALS,False,True
2026-02-06,2026-02-06,2026-02-05T23:00:00,2026-09-23T11:00:08.571354+00:00,9,2026-02-06T08:00:00,Asia/Almaty,turbine_1,1.89275,1.89275,1,1.946,,11.72,-6.4,1.2329,MOCK_MODE_SYNTHESIS,SYNTHETIC_DEMO,UNVERIFIED_NO_ACTUALS,False,True
2026-02-06,2026-02-06,2026-02-05T23:00:00,2026-09-23T11:00:08.571354+00:00,10,2026-02-06T09:00:00,Asia/Almaty,turbine_1,0.676,0.676,1,0.66125,,9.08,-5.0,1.236,MOCK_MODE_SYNTHESIS,SYNTHETIC_DEMO,UNVERIFIED_NO_ACTUALS,False,True
2026-02-06,2026-02-06,2026-02-05T23:00:00,2026-09-23T11:00:08.571354+00:00,11,2026-02-06T10:00:00,Asia/Almaty,turbine_1,2.342,2.342,1,2.5,,16.47,-6.1,1.2394,MOCK_MODE_SYNTHESIS,SYNTHETIC_DEMO,UNVERIFIED_NO_ACTUALS,False,True
2026-02-06,2026-02-06,2026-02-05T23:00:00,2026-09-23T11:00:08.571354+00:00,12,2026-02-06T11:00:00,Asia/Almaty,turbine_1,2.38325,2.38325,1,2.5,,14.13,-4.7,1.2336,MOCK_MODE_SYNTHESIS,SYNTHETIC_DEMO,UNVERIFIED_NO_ACTUALS,False,True
2026-02-06,2026-02-06,2026-02-05T23:00:00,2026-09-23T11:00:08.571354+00:00,13,2026-02-06T12:00:00,Asia/Almaty,turbine_1,2.4425,2.4425,1,2.5,,15.92,-0.1,1.2185,MOCK_MODE_SYNTHESIS,SYNTHETIC_DEMO,UNVERIFIED_NO_ACTUALS,False,True
2026-02-06,2026-02-06,2026-02-05T23:00:00,2026-09-23T11:00:08.571354+00:00,14,2026-02-06T13:00:00,Asia/Almaty,turbine_1,2.44175,2.44175,1,2.5,,13.79,-1.3,1.2198,MOCK_MODE_SYNTHESIS,SYNTHETIC_DEMO,UNVERIFIED_NO_ACTUALS,False,True
2026-02-06,2026-02-06,2026-02-05T23:00:00,2026-09-23T11:00:08.571354+00:00,15,2026-02-06T14:00:00,Asia/Almaty,turbine_1,2.42475,2.42475,1,2.5,,15.88,-0.5,1.2152,MOCK_MODE_SYNTHESIS,SYNTHETIC_DEMO,UNVERIFIED_NO_ACTUALS,False,True
2026-02-06,2026-02-06,2026-02-05T23:00:00,2026-09-23T11:00:08.571354+00:00,16,2026-02-06T15:00:00,Asia/Almaty,turbine_1,2.355,2.355,1,2.5,,15.41,-2.6,1.2213,MOCK_MODE_SYNTHESIS,SYNTHETIC_DEMO,UNVERIFIED_NO_ACTUALS,False,True
2026-02-06,2026-02-06,2026-02-05T23:00:00,2026-09-23T11:00:08.571354+00:00,17,2026-02-06T16:00:00,Asia/Almaty,turbine_1,2.40625,2.40625,1,2.5,,12.81,-1.1,1.2148,MOCK_MODE_SYNTHESIS,SYNTHETIC_DEMO,UNVERIFIED_NO_ACTUALS,False,True
2026-02-06,2026-02-06,2026-02-05T23:00:00,2026-09-23T11:00:08.571354+00:00,18,2026-02-06T17:00:00,Asia/Almaty,turbine_1,1.24975,1.24975,1,1.32175,,10.71,-0.9,1.2116,MOCK_MODE_SYNTHESIS,SYNTHETIC_DEMO,UNVERIFIED_NO_ACTUALS,False,True
2026-02-06,2026-02-06,2026-02-05T23:00:00,2026-09-23T11:00:08.571354+00:00,19,2026-02-06T18:00:00,Asia/Almaty,turbine_1,0.322,0.322,1,0.349,,7.93,-1.2,1.2235,MOCK_MODE_SYNTHESIS,SYNTHETIC_DEMO,UNVERIFIED_NO_ACTUALS,False,True
2026-02-06,2026-02-06,2026-02-05T23:00:00,2026-09-23T11:00:08.571354+00:00,20,2026-02-06T19:00:00,Asia/Almaty,turbine_1,2.4425,2.4425,1,2.5,,15.7,-1.0,1.2165,MOCK_MODE_SYNTHESIS,SYNTHETIC_DEMO,UNVERIFIED_NO_ACTUALS,False,True
2026-02-06,2026-02-06,2026-02-05T23:00:00,2026-09-23T11:00:08.571354+00:00,21,2026-02-06T20:00:00,Asia/Almaty,turbine_1,0.18775,0.18775,1,0.1815,,6.95,-4.7,1.2372,MOCK_MODE_SYNTHESIS,SYNTHETIC_DEMO,UNVERIFIED_NO_ACTUALS,False,True
2026-02-06,2026-02-06,2026-02-05T23:00:00,2026-09-23T11:00:08.571354+00:00,22,2026-02-06T21:00:00,Asia/Almaty,turbine_1,2.30925,2.30925,1,2.5,,15.86,-3.3,1.2276,MOCK_MODE_SYNTHESIS,SYNTHETIC_DEMO,UNVERIFIED_NO_ACTUALS,False,True
2026-02-06,2026-02-06,2026-02-05T23:00:00,2026-09-23T11:00:08.571354+00:00,23,2026-02-06T22:00:00,Asia/Almaty,turbine_1,0.27725,0.27725,1,0.27375,,7.54,-3.9,1.2289,MOCK_MODE_SYNTHESIS,SYNTHETIC_DEMO,UNVERIFIED_NO_ACTUALS,False,True
2026-02-06,2026-02-06,2026-02-05T23:00:00,2026-09-23T11:00:08.571354+00:00,24,2026-02-06T23:00:00,Asia/Almaty,turbine_1,0.95825,0.95825,1,1.03325,,10.02,-8.3,1.2547,MOCK_MODE_SYNTHESIS,SYNTHETIC_DEMO,UNVERIFIED_NO_ACTUALS,False,True
2026-02-06,2026-02-06,2026-02-05T23:00:00,2026-09-23T11:00:08.585328+00:00,1,2026-02-06T00:00:00,Asia/Almaty,turbine_2,0.13125,0.13125,1,0.1495,,6.69,-6.6,1.2503,MOCK_MODE_SYNTHESIS,SYNTHETIC_DEMO,UNVERIFIED_NO_ACTUALS,False,True
2026-02-06,2026-02-06,2026-02-05T23:00:00,2026-09-23T11:00:08.585328+00:00,2,2026-02-06T01:00:00,Asia/Almaty,turbine_2,0.014,0.014,1,0.00475,,4.17,-9.1,1.2536,MOCK_MODE_SYNTHESIS,SYNTHETIC_DEMO,UNVERIFIED_NO_ACTUALS,False,True
2026-02-06,2026-02-06,2026-02-05T23:00:00,2026-09-23T11:00:08.585328+00:00,3,2026-02-06T02:00:00,Asia/Almaty,turbine_2,1.1955,1.1955,1,1.2815,,10.51,-11.2,1.271,MOCK_MODE_SYNTHESIS,SYNTHETIC_DEMO,UNVERIFIED_NO_ACTUALS,False,True
2026-02-06,2026-02-06,2026-02-05T23:00:00,2026-09-23T11:00:08.585328+00:00,4,2026-02-06T03:00:00,Asia/Almaty,turbine_2,0.133,0.133,1,0.149,,6.68,-10.0,1.2562,MOCK_MODE_SYNTHESIS,SYNTHETIC_DEMO,UNVERIFIED_NO_ACTUALS,False,True
2026-02-06,2026-02-06,2026-02-05T23:00:00,2026-09-23T11:00:08.585328+00:00,5,2026-02-06T04:00:00,Asia/Almaty,turbine_2,0.13875,0.13875,1,0.18725,,6.96,-12.0,1.267,MOCK_MODE_SYNTHESIS,SYNTHETIC_DEMO,UNVERIFIED_NO_ACTUALS,False,True
2026-02-06,2026-02-06,2026-02-05T23:00:00,2026-09-23T11:00:08.585328+00:00,6,2026-02-06T05:00:00,Asia/Almaty,turbine_2,1.78925,1.78925,1,1.91875,,11.62,-10.8,1.2585,MOCK_MODE_SYNTHESIS,SYNTHETIC_DEMO,UNVERIFIED_NO_ACTUALS,False,True
2026-02-06,2026-02-06,2026-02-05T23:00:00,2026-09-23T11:00:08.585328+00:00,7,2026-02-06T06:00:00,Asia/Almaty,turbine_2,0.779,0.779,1,0.8865,,9.65,-11.7,1.2665,MOCK_MODE_SYNTHESIS,SYNTHETIC_DEMO,UNVERIFIED_NO_ACTUALS,False,True
2026-02-06,2026-02-06,2026-02-05T23:00:00,2026-09-23T11:00:08.585328+00:00,8,2026-02-06T07:00:00,Asia/Almaty,turbine_2,0.5385,0.5385,1,0.604,,8.87,-9.4,1.2545,MOCK_MODE_SYNTHESIS,SYNTHETIC_DEMO,UNVERIFIED_NO_ACTUALS,False,True
2026-02-06,2026-02-06,2026-02-05T23:00:00,2026-09-23T11:00:08.585328+00:00,9,2026-02-06T08:00:00,Asia/Almaty,turbine_2,1.89275,1.89275,1,1.946,,11.72,-6.4,1.2329,MOCK_MODE_SYNTHESIS,SYNTHETIC_DEMO,UNVERIFIED_NO_ACTUALS,False,True
2026-02-06,2026-02-06,2026-02-05T23:00:00,2026-09-23T11:00:08.585328+00:00,10,2026-02-06T09:00:00,Asia/Almaty,turbine_2,0.676,0.676,1,0.66125,,9.08,-5.0,1.236,MOCK_MODE_SYNTHESIS,SYNTHETIC_DEMO,UNVERIFIED_NO_ACTUALS,False,True
2026-02-06,2026-02-06,2026-02-05T23:00:00,2026-09-23T11:00:08.585328+00:00,11,2026-02-06T10:00:00,Asia/Almaty,turbine_2,2.342,2.342,1,2.5,,16.47,-6.1,1.2394,MOCK_MODE_SYNTHESIS,SYNTHETIC_DEMO,UNVERIFIED_NO_ACTUALS,False,True
2026-02-06,2026-02-06,2026-02-05T23:00:00,2026-09-23T11:00:08.585328+00:00,12,2026-02-06T11:00:00,Asia/Almaty,turbine_2,2.38325,2.38325,1,2.5,,14.13,-4.7,1.2336,MOCK_MODE_SYNTHESIS,SYNTHETIC_DEMO,UNVERIFIED_NO_ACTUALS,False,True
2026-02-06,2026-02-06,2026-02-05T23:00:00,2026-09-23T11:00:08.585328+00:00,13,2026-02-06T12:00:00,Asia/Almaty,turbine_2,2.4425,2.4425,1,2.5,,15.92,-0.1,1.2185,MOCK_MODE_SYNTHESIS,SYNTHETIC_DEMO,UNVERIFIED_NO_ACTUALS,False,True
2026-02-06,2026-02-06,2026-02-05T23:00:00,2026-09-23T11:00:08.585328+00:00,14,2026-02-06T13:00:00,Asia/Almaty,turbine_2,2.44175,2.44175,1,2.5,,13.79,-1.3,1.2198,MOCK_MODE_SYNTHESIS,SYNTHETIC_DEMO,UNVERIFIED_NO_ACTUALS,False,True
2026-02-06,2026-02-06,2026-02-05T23:00:00,2026-09-23T11:00:08.585328+00:00,15,2026-02-06T14:00:00,Asia/Almaty,turbine_2,2.42475,2.42475,1,2.5,,15.88,-0.5,1.2152,MOCK_MODE_SYNTHESIS,SYNTHETIC_DEMO,UNVERIFIED_NO_ACTUALS,False,True
2026-02-06,2026-02-06,2026-02-05T23:00:00,2026-09-23T11:00:08.585328+00:00,16,2026-02-06T15:00:00,Asia/Almaty,turbine_2,2.355,2.355,1,2.5,,15.41,-2.6,1.2213,MOCK_MODE_SYNTHESIS,SYNTHETIC_DEMO,UNVERIFIED_NO_ACTUALS,False,True
2026-02-06,2026-02-06,2026-02-05T23:00:00,2026-09-23T11:00:08.585328+00:00,17,2026-02-06T16:00:00,Asia/Almaty,turbine_2,2.40625,2.40625,1,2.5,,12.81,-1.1,1.2148,MOCK_MODE_SYNTHESIS,SYNTHETIC_DEMO,UNVERIFIED_NO_ACTUALS,False,True
2026-02-06,2026-02-06,2026-02-05T23:00:00,2026-09-23T11:00:08.585328+00:00,18,2026-02-06T17:00:00,Asia/Almaty,turbine_2,1.24975,1.24975,1,1.32175,,10.71,-0.9,1.2116,MOCK_MODE_SYNTHESIS,SYNTHETIC_DEMO,UNVERIFIED_NO_ACTUALS,False,True
2026-02-06,2026-02-06,2026-02-05T23:00:00,2026-09-23T11:00:08.585328+00:00,19,2026-02-06T18:00:00,Asia/Almaty,turbine_2,0.322,0.322,1,0.349,,7.93,-1.2,1.2235,MOCK_MODE_SYNTHESIS,SYNTHETIC_DEMO,UNVERIFIED_NO_ACTUALS,False,True
2026-02-06,2026-02-06,2026-02-05T23:00:00,2026-09-23T11:00:08.585328+00:00,20,2026-02-06T19:00:00,Asia/Almaty,turbine_2,2.4425,2.4425,1,2.5,,15.7,-1.0,1.2165,MOCK_MODE_SYNTHESIS,SYNTHETIC_DEMO,UNVERIFIED_NO_ACTUALS,False,True
2026-02-06,2026-02-06,2026-02-05T23:00:00,2026-09-23T11:00:08.585328+00:00,21,2026-02-06T20:00:00,Asia/Almaty,turbine_2,0.18775,0.18775,1,0.1815,,6.95,-4.7,1.2372,MOCK_MODE_SYNTHESIS,SYNTHETIC_DEMO,UNVERIFIED_NO_ACTUALS,False,True
2026-02-06,2026-02-06,2026-02-05T23:00:00,2026-09-23T11:00:08.585328+00:00,22,2026-02-06T21:00:00,Asia/Almaty,turbine_2,2.30925,2.30925,1,2.5,,15.86,-3.3,1.2276,MOCK_MODE_SYNTHESIS,SYNTHETIC_DEMO,UNVERIFIED_NO_ACTUALS,False,True
2026-02-06,2026-02-06,2026-02-05T23:00:00,2026-09-23T11:00:08.585328+00:00,23,2026-02-06T22:00:00,Asia/Almaty,turbine_2,0.27725,0.27725,1,0.27375,,7.54,-3.9,1.2289,MOCK_MODE_SYNTHESIS,SYNTHETIC_DEMO,UNVERIFIED_NO_ACTUALS,False,True
2026-02-06,2026-02-06,2026-02-05T23:00:00,2026-09-23T11:00:08.585328+00:00,24,2026-02-06T23:00:00,Asia/Almaty,turbine_2,0.95825,0.95825,1,1.03325,,10.02,-8.3,1.2547,MOCK_MODE_SYNTHESIS,SYNTHETIC_DEMO,UNVERIFIED_NO_ACTUALS,False,True
2026-02-07,2026-02-07,2026-02-06T23:00:00,2026-09-23T11:00:08.601950+00:00,1,2026-02-07T00:00:00,Asia/Almaty,turbine_1,0.1145,0.1145,1,0.131,,6.52,-11.1,1.263,MOCK_MODE_SYNTHESIS,SYNTHETIC_DEMO,UNVERIFIED_NO_ACTUALS,False,True
2026-02-07,2026-02-07,2026-02-06T23:00:00,2026-09-23T11:00:08.601950+00:00,2,2026-02-07T01:00:00,Asia/Almaty,turbine_1,0.014,0.014,1,0.00425,,4.12,-8.0,1.2413,MOCK_MODE_SYNTHESIS,SYNTHETIC_DEMO,UNVERIFIED_NO_ACTUALS,False,True
2026-02-07,2026-02-07,2026-02-06T23:00:00,2026-09-23T11:00:08.601950+00:00,3,2026-02-07T02:00:00,Asia/Almaty,turbine_1,0.16025,0.16025,1,0.18275,,6.95,-7.6,1.2464,MOCK_MODE_SYNTHESIS,SYNTHETIC_DEMO,UNVERIFIED_NO_ACTUALS,False,True
2026-02-07,2026-02-07,2026-02-06T23:00:00,2026-09-23T11:00:08.601950+00:00,4,2026-02-07T03:00:00,Asia/Almaty,turbine_1,0.055,0.055,1,0.067,,5.82,-9.5,1.2556,MOCK_MODE_SYNTHESIS,SYNTHETIC_DEMO,UNVERIFIED_NO_ACTUALS,False,True
2026-02-07,2026-02-07,2026-02-06T23:00:00,2026-09-23T11:00:08.601950+00:00,5,2026-02-07T04:00:00,Asia/Almaty,turbine_1,0.20025,0.20025,1,0.265,,7.47,-9.2,1.2464,MOCK_MODE_SYNTHESIS,SYNTHETIC_DEMO,UNVERIFIED_NO_ACTUALS,False,True
2026-02-07,2026-02-07,2026-02-06T23:00:00,2026-09-23T11:00:08.601950+00:00,6,2026-02-07T05:00:00,Asia/Almaty,turbine_1,0.0595,0.0595,1,0.10225,,6.24,-9.5,1.2618,MOCK_MODE_SYNTHESIS,SYNTHETIC_DEMO,UNVERIFIED_NO_ACTUALS,False,True
2026-02-07,2026-02-07,2026-02-06T23:00:00,2026-09-23T11:00:08.601950+00:00,7,2026-02-07T06:00:00,Asia/Almaty,turbine_1,0.44325,0.44325,1,0.50625,,8.55,-8.5,1.2439,MOCK_MODE_SYNTHESIS,SYNTHETIC_DEMO,UNVERIFIED_NO_ACTUALS,False,True
2026-02-07,2026-02-07,2026-02-06T23:00:00,2026-09-23T11:00:08.601950+00:00,8,2026-02-07T07:00:00,Asia/Almaty,turbine_1,1.52075,1.52075,1,1.687,,11.29,-8.5,1.244,MOCK_MODE_SYNTHESIS,SYNTHETIC_DEMO,UNVERIFIED_NO_ACTUALS,False,True
2026-02-07,2026-02-07,2026-02-06T23:00:00,2026-09-23T11:00:08.601950+00:00,9,2026-02-07T08:00:00,Asia/Almaty,turbine_1,1.1435,1.1435,1,1.31425,,10.64,-7.0,1.2381,MOCK_MODE_SYNTHESIS,SYNTHETIC_DEMO,UNVERIFIED_NO_ACTUALS,False,True
2026-02-07,2026-02-07,2026-02-06T23:00:00,2026-09-23T11:00:08.601950+00:00,10,2026-02-07T09:00:00,Asia/Almaty,turbine_1,1.93325,1.93325,1,1.94925,,11.72,-4.6,1.2351,MOCK_MODE_SYNTHESIS,SYNTHETIC_DEMO,UNVERIFIED_NO_ACTUALS,False,True
2026-02-07,2026-02-07,2026-02-06T23:00:00,2026-09-23T11:00:08.601950+00:00,11,2026-02-07T10:00:00,Asia/Almaty,turbine_1,2.3855,2.3855,1,2.5,,13.15,-2.6,1.217,MOCK_MODE_SYNTHESIS,SYNTHETIC_DEMO,UNVERIFIED_NO_ACTUALS,False,True
2026-02-07,2026-02-07,2026-02-06T23:00:00,2026-09-23T11:00:08.601950+00:00,12,2026-02-07T11:00:00,Asia/Almaty,turbine_1,2.3675,2.3675,1,2.5,,16.61,-4.6,1.2295,MOCK_MODE_SYNTHESIS,SYNTHETIC_DEMO,UNVERIFIED_NO_ACTUALS,False,True
2026-02-07,2026-02-07,2026-02-06T23:00:00,2026-09-23T11:00:08.601950+00:00,13,2026-02-07T12:00:00,Asia/Almaty,turbine_1,1.25525,1.25525,1,1.287,,10.61,-3.5,1.2269,MOCK_MODE_SYNTHESIS,SYNTHETIC_DEMO,UNVERIFIED_NO_ACTUALS,False,True
2026-02-07,2026-02-07,2026-02-06T23:00:00,2026-09-23T11:00:08.601950+00:00,14,2026-02-07T13:00:00,Asia/Almaty,turbine_1,2.42775,2.42775,1,2.5,,14.87,-0.8,1.2177,MOCK_MODE_SYNTHESIS,SYNTHETIC_DEMO,UNVERIFIED_NO_ACTUALS,False,True
2026-02-07,2026-02-07,2026-02-06T23:00:00,2026-09-23T11:00:08.601950+00:00,15,2026-02-07T14:00:00,Asia/Almaty,turbine_1,1.9925,1.9925,1,2.004,,11.83,-1.7,1.2229,MOCK_MODE_SYNTHESIS,SYNTHETIC_DEMO,UNVERIFIED_NO_ACTUALS,False,True
2026-02-07,2026-02-07,2026-02-06T23:00:00,2026-09-23T11:00:08.601950+00:00,16,2026-02-07T15:00:00,Asia/Almaty,turbine_1,2.44375,2.44375,1,2.5,,15.38,1.7,1.2029,MOCK_MODE_SYNTHESIS,SYNTHETIC_DEMO,UNVERIFIED_NO_ACTUALS,False,True
2026-02-07,2026-02-07,2026-02-06T23:00:00,2026-09-23T11:00:08.601950+00:00,17,2026-02-07T16:00:00,Asia/Almaty,turbine_1,2.036,2.036,1,2.033,,11.88,-1.4,1.2197,MOCK_MODE_SYNTHESIS,SYNTHETIC_DEMO,UNVERIFIED_NO_ACTUALS,False,True
2026-02-07,2026-02-07,2026-02-06T23:00:00,2026-09-23T11:00:08.601950+00:00,18,2026-02-07T17:00:00,Asia/Almaty,turbine_1,2.19775,2.19775,1,2.19025,,12.12,0.0,1.213,MOCK_MODE_SYNTHESIS,SYNTHETIC_DEMO,UNVERIFIED_NO_ACTUALS,False,True
2026-02-07,2026-02-07,2026-02-06T23:00:00,2026-09-23T11:00:08.601950+00:00,19,2026-02-07T18:00:00,Asia/Almaty,turbine_1,1.97025,1.97025,1,1.97825,,11.82,0.1,1.2113,MOCK_MODE_SYNTHESIS,SYNTHETIC_DEMO,UNVERIFIED_NO_ACTUALS,False,True
2026-02-07,2026-02-07,2026-02-06T23:00:00,2026-09-23T11:00:08.601950+00:00,20,2026-02-07T19:00:00,Asia/Almaty,turbine_1,2.44325,2.44325,1,2.42075,,12.41,-1.1,1.2206,MOCK_MODE_SYNTHESIS,SYNTHETIC_DEMO,UNVERIFIED_NO_ACTUALS,False,True
2026-02-07,2026-02-07,2026-02-06T23:00:00,2026-09-23T11:00:08.601950+00:00,21,2026-02-07T20:00:00,Asia/Almaty,turbine_1,1.6115,1.6115,1,1.618,,11.2,-4.4,1.2328,MOCK_MODE_SYNTHESIS,SYNTHETIC_DEMO,UNVERIFIED_NO_ACTUALS,False,True
2026-02-07,2026-02-07,2026-02-06T23:00:00,2026-09-23T11:00:08.601950+00:00,22,2026-02-07T21:00:00,Asia/Almaty,turbine_1,0.60925,0.60925,1,0.63,,8.99,-4.1,1.2313,MOCK_MODE_SYNTHESIS,SYNTHETIC_DEMO,UNVERIFIED_NO_ACTUALS,False,True
2026-02-07,2026-02-07,2026-02-06T23:00:00,2026-09-23T11:00:08.601950+00:00,23,2026-02-07T22:00:00,Asia/Almaty,turbine_1,0.204,0.204,1,0.20425,,7.12,-3.8,1.2267,MOCK_MODE_SYNTHESIS,SYNTHETIC_DEMO,UNVERIFIED_NO_ACTUALS,False,True
2026-02-07,2026-02-07,2026-02-06T23:00:00,2026-09-23T11:00:08.601950+00:00,24,2026-02-07T23:00:00,Asia/Almaty,turbine_1,0.62975,0.62975,1,0.6605,,9.06,-7.0,1.247,MOCK_MODE_SYNTHESIS,SYNTHETIC_DEMO,UNVERIFIED_NO_ACTUALS,False,True
2026-02-07,2026-02-07,2026-02-06T23:00:00,2026-09-23T11:00:08.616880+00:00,1,2026-02-07T00:00:00,Asia/Almaty,turbine_2,0.1145,0.1145,1,0.131,,6.52,-11.1,1.263,MOCK_MODE_SYNTHESIS,SYNTHETIC_DEMO,UNVERIFIED_NO_ACTUALS,False,True
2026-02-07,2026-02-07,2026-02-06T23:00:00,2026-09-23T11:00:08.616880+00:00,2,2026-02-07T01:00:00,Asia/Almaty,turbine_2,0.014,0.014,1,0.00425,,4.12,-8.0,1.2413,MOCK_MODE_SYNTHESIS,SYNTHETIC_DEMO,UNVERIFIED_NO_ACTUALS,False,True
2026-02-07,2026-02-07,2026-02-06T23:00:00,2026-09-23T11:00:08.616880+00:00,3,2026-02-07T02:00:00,Asia/Almaty,turbine_2,0.16025,0.16025,1,0.18275,,6.95,-7.6,1.2464,MOCK_MODE_SYNTHESIS,SYNTHETIC_DEMO,UNVERIFIED_NO_ACTUALS,False,True
2026-02-07,2026-02-07,2026-02-06T23:00:00,2026-09-23T11:00:08.616880+00:00,4,2026-02-07T03:00:00,Asia/Almaty,turbine_2,0.055,0.055,1,0.067,,5.82,-9.5,1.2556,MOCK_MODE_SYNTHESIS,SYNTHETIC_DEMO,UNVERIFIED_NO_ACTUALS,False,True
2026-02-07,2026-02-07,2026-02-06T23:00:00,2026-09-23T11:00:08.616880+00:00,5,2026-02-07T04:00:00,Asia/Almaty,turbine_2,0.20025,0.20025,1,0.265,,7.47,-9.2,1.2464,MOCK_MODE_SYNTHESIS,SYNTHETIC_DEMO,UNVERIFIED_NO_ACTUALS,False,True
2026-02-07,2026-02-07,2026-02-06T23:00:00,2026-09-23T11:00:08.616880+00:00,6,2026-02-07T05:00:00,Asia/Almaty,turbine_2,0.0595,0.0595,1,0.10225,,6.24,-9.5,1.2618,MOCK_MODE_SYNTHESIS,SYNTHETIC_DEMO,UNVERIFIED_NO_ACTUALS,False,True
2026-02-07,2026-02-07,2026-02-06T23:00:00,2026-09-23T11:00:08.616880+00:00,7,2026-02-07T06:00:00,Asia/Almaty,turbine_2,0.44325,0.44325,1,0.50625,,8.55,-8.5,1.2439,MOCK_MODE_SYNTHESIS,SYNTHETIC_DEMO,UNVERIFIED_NO_ACTUALS,False,True
2026-02-07,2026-02-07,2026-02-06T23:00:00,2026-09-23T11:00:08.616880+00:00,8,2026-02-07T07:00:00,Asia/Almaty,turbine_2,1.52075,1.52075,1,1.687,,11.29,-8.5,1.244,MOCK_MODE_SYNTHESIS,SYNTHETIC_DEMO,UNVERIFIED_NO_ACTUALS,False,True
2026-02-07,2026-02-07,2026-02-06T23:00:00,2026-09-23T11:00:08.616880+00:00,9,2026-02-07T08:00:00,Asia/Almaty,turbine_2,1.1435,1.1435,1,1.31425,,10.64,-7.0,1.2381,MOCK_MODE_SYNTHESIS,SYNTHETIC_DEMO,UNVERIFIED_NO_ACTUALS,False,True
2026-02-07,2026-02-07,2026-02-06T23:00:00,2026-09-23T11:00:08.616880+00:00,10,2026-02-07T09:00:00,Asia/Almaty,turbine_2,1.93325,1.93325,1,1.94925,,11.72,-4.6,1.2351,MOCK_MODE_SYNTHESIS,SYNTHETIC_DEMO,UNVERIFIED_NO_ACTUALS,False,True
2026-02-07,2026-02-07,2026-02-06T23:00:00,2026-09-23T11:00:08.616880+00:00,11,2026-02-07T10:00:00,Asia/Almaty,turbine_2,2.3855,2.3855,1,2.5,,13.15,-2.6,1.217,MOCK_MODE_SYNTHESIS,SYNTHETIC_DEMO,UNVERIFIED_NO_ACTUALS,False,True
2026-02-07,2026-02-07,2026-02-06T23:00:00,2026-09-23T11:00:08.616880+00:00,12,2026-02-07T11:00:00,Asia/Almaty,turbine_2,2.3675,2.3675,1,2.5,,16.61,-4.6,1.2295,MOCK_MODE_SYNTHESIS,SYNTHETIC_DEMO,UNVERIFIED_NO_ACTUALS,False,True
2026-02-07,2026-02-07,2026-02-06T23:00:00,2026-09-23T11:00:08.616880+00:00,13,2026-02-07T12:00:00,Asia/Almaty,turbine_2,1.25525,1.25525,1,1.287,,10.61,-3.5,1.2269,MOCK_MODE_SYNTHESIS,SYNTHETIC_DEMO,UNVERIFIED_NO_ACTUALS,False,True
2026-02-07,2026-02-07,2026-02-06T23:00:00,2026-09-23T11:00:08.616880+00:00,14,2026-02-07T13:00:00,Asia/Almaty,turbine_2,2.42775,2.42775,1,2.5,,14.87,-0.8,1.2177,MOCK_MODE_SYNTHESIS,SYNTHETIC_DEMO,UNVERIFIED_NO_ACTUALS,False,True
2026-02-07,2026-02-07,2026-02-06T23:00:00,2026-09-23T11:00:08.616880+00:00,15,2026-02-07T14:00:00,Asia/Almaty,turbine_2,1.9925,1.9925,1,2.004,,11.83,-1.7,1.2229,MOCK_MODE_SYNTHESIS,SYNTHETIC_DEMO,UNVERIFIED_NO_ACTUALS,False,True
2026-02-07,2026-02-07,2026-02-06T23:00:00,2026-09-23T11:00:08.616880+00:00,16,2026-02-07T15:00:00,Asia/Almaty,turbine_2,2.44375,2.44375,1,2.5,,15.38,1.7,1.2029,MOCK_MODE_SYNTHESIS,SYNTHETIC_DEMO,UNVERIFIED_NO_ACTUALS,False,True
2026-02-07,2026-02-07,2026-02-06T23:00:00,2026-09-23T11:00:08.616880+00:00,17,2026-02-07T16:00:00,Asia/Almaty,turbine_2,2.036,2.036,1,2.033,,11.88,-1.4,1.2197,MOCK_MODE_SYNTHESIS,SYNTHETIC_DEMO,UNVERIFIED_NO_ACTUALS,False,True
2026-02-07,2026-02-07,2026-02-06T23:00:00,2026-09-23T11:00:08.616880+00:00,18,2026-02-07T17:00:00,Asia/Almaty,turbine_2,2.19775,2.19775,1,2.19025,,12.12,0.0,1.213,MOCK_MODE_SYNTHESIS,SYNTHETIC_DEMO,UNVERIFIED_NO_ACTUALS,False,True
2026-02-07,2026-02-07,2026-02-06T23:00:00,2026-09-23T11:00:08.616880+00:00,19,2026-02-07T18:00:00,Asia/Almaty,turbine_2,1.97025,1.97025,1,1.97825,,11.82,0.1,1.2113,MOCK_MODE_SYNTHESIS,SYNTHETIC_DEMO,UNVERIFIED_NO_ACTUALS,False,True
2026-02-07,2026-02-07,2026-02-06T23:00:00,2026-09-23T11:00:08.616880+00:00,20,2026-02-07T19:00:00,Asia/Almaty,turbine_2,2.44325,2.44325,1,2.42075,,12.41,-1.1,1.2206,MOCK_MODE_SYNTHESIS,SYNTHETIC_DEMO,UNVERIFIED_NO_ACTUALS,False,True
2026-02-07,2026-02-07,2026-02-06T23:00:00,2026-09-23T11:00:08.616880+00:00,21,2026-02-07T20:00:00,Asia/Almaty,turbine_2,1.6115,1.6115,1,1.618,,11.2,-4.4,1.2328,MOCK_MODE_SYNTHESIS,SYNTHETIC_DEMO,UNVERIFIED_NO_ACTUALS,False,True
2026-02-07,2026-02-07,2026-02-06T23:00:00,2026-09-23T11:00:08.616880+00:00,22,2026-02-07T21:00:00,Asia/Almaty,turbine_2,0.60925,0.60925,1,0.63,,8.99,-4.1,1.2313,MOCK_MODE_SYNTHESIS,SYNTHETIC_DEMO,UNVERIFIED_NO_ACTUALS,False,True
2026-02-07,2026-02-07,2026-02-06T23:00:00,2026-09-23T11:00:08.616880+00:00,23,2026-02-07T22:00:00,Asia/Almaty,turbine_2,0.204,0.204,1,0.20425,,7.12,-3.8,1.2267,MOCK_MODE_SYNTHESIS,SYNTHETIC_DEMO,UNVERIFIED_NO_ACTUALS,False,True
2026-02-07,2026-02-07,2026-02-06T23:00:00,2026-09-23T11:00:08.616880+00:00,24,2026-02-07T23:00:00,Asia/Almaty,turbine_2,0.62975,0.62975,1,0.6605,,9.06,-7.0,1.247,MOCK_MODE_SYNTHESIS,SYNTHETIC_DEMO,UNVERIFIED_NO_ACTUALS,False,True
2026-02-08,2026-02-08,2026-02-07T23:00:00,2026-09-23T11:00:08.631414+00:00,1,2026-02-08T00:00:00,Asia/Almaty,turbine_1,0.046,0.046,1,0.0545,,5.64,-7.8,1.2438,MOCK_MODE_SYNTHESIS,SYNTHETIC_DEMO,UNVERIFIED_NO_ACTUALS,False,True
2026-02-08,2026-02-08,2026-02-07T23:00:00,2026-09-23T11:00:08.631414+00:00,2,2026-02-08T01:00:00,Asia/Almaty,turbine_1,0.0,0.0,1,0.0,,2.58,-8.1,1.249,MOCK_MODE_SYNTHESIS,SYNTHETIC_DEMO,UNVERIFIED_NO_ACTUALS,False,True
2026-02-08,2026-02-08,2026-02-07T23:00:00,2026-09-23T11:00:08.631414+00:00,3,2026-02-08T02:00:00,Asia/Almaty,turbine_1,0.0,0.0,1,0.0,,0.19,-9.1,1.2539,MOCK_MODE_SYNTHESIS,SYNTHETIC_DEMO,UNVERIFIED_NO_ACTUALS,False,True
2026-02-08,2026-02-08,2026-02-07T23:00:00,2026-09-23T11:00:08.631414+00:00,4,2026-02-08T03:00:00,Asia/Almaty,turbine_1,0.057,0.057,1,0.06625,,5.81,-10.9,1.2545,MOCK_MODE_SYNTHESIS,SYNTHETIC_DEMO,UNVERIFIED_NO_ACTUALS,False,True
2026-02-08,2026-02-08,2026-02-07T23:00:00,2026-09-23T11:00:08.631414+00:00,5,2026-02-08T04:00:00,Asia/Almaty,turbine_1,0.0,0.0,1,0.0,,0.59,-9.2,1.2638,MOCK_MODE_SYNTHESIS,SYNTHETIC_DEMO,UNVERIFIED_NO_ACTUALS,False,True
2026-02-08,2026-02-08,2026-02-07T23:00:00,2026-09-23T11:00:08.631414+00:00,6,2026-02-08T05:00:00,Asia/Almaty,turbine_1,2.33325,2.33325,1,2.4275,,12.32,-12.3,1.2598,MOCK_MODE_SYNTHESIS,SYNTHETIC_DEMO,UNVERIFIED_NO_ACTUALS,False,True
2026-02-08,2026-02-08,2026-02-07T23:00:00,2026-09-23T11:00:08.631414+00:00,7,2026-02-08T06:00:00,Asia/Almaty,turbine_1,0.02275,0.02275,1,0.0555,,5.65,-8.7,1.2545,MOCK_MODE_SYNTHESIS,SYNTHETIC_DEMO,UNVERIFIED_NO_ACTUALS,False,True
2026-02-08,2026-02-08,2026-02-07T23:00:00,2026-09-23T11:00:08.631414+00:00,8,2026-02-08T07:00:00,Asia/Almaty,turbine_1,0.094,0.094,1,0.1455,,6.66,-8.8,1.2464,MOCK_MODE_SYNTHESIS,SYNTHETIC_DEMO,UNVERIFIED_NO_ACTUALS,False,True
2026-02-08,2026-02-08,2026-02-07T23:00:00,2026-09-23T11:00:08.631414+00:00,9,2026-02-08T08:00:00,Asia/Almaty,turbine_1,0.0,0.0,1,0.0105,,4.52,-6.9,1.2419,MOCK_MODE_SYNTHESIS,SYNTHETIC_DEMO,UNVERIFIED_NO_ACTUALS,False,True
2026-02-08,2026-02-08,2026-02-07T23:00:00,2026-09-23T11:00:08.631414+00:00,10,2026-02-08T09:00:00,Asia/Almaty,turbine_1,2.281,2.281,1,2.5,,12.61,-6.5,1.2378,MOCK_MODE_SYNTHESIS,SYNTHETIC_DEMO,UNVERIFIED_NO_ACTUALS,False,True
2026-02-08,2026-02-08,2026-02-07T23:00:00,2026-09-23T11:00:08.631414+00:00,11,2026-02-08T10:00:00,Asia/Almaty,turbine_1,2.35325,2.35325,1,2.5,,14.38,-4.5,1.2329,MOCK_MODE_SYNTHESIS,SYNTHETIC_DEMO,UNVERIFIED_NO_ACTUALS,False,True
2026-02-08,2026-02-08,2026-02-07T23:00:00,2026-09-23T11:00:08.631414+00:00,12,2026-02-08T11:00:00,Asia/Almaty,turbine_1,1.98775,1.98775,1,2.003,,11.82,-3.4,1.2265,MOCK_MODE_SYNTHESIS,SYNTHETIC_DEMO,UNVERIFIED_NO_ACTUALS,False,True
2026-02-08,2026-02-08,2026-02-07T23:00:00,2026-09-23T11:00:08.631414+00:00,13,2026-02-08T12:00:00,Asia/Almaty,turbine_1,2.43275,2.43275,1,2.5,,22.22,-1.3,1.2213,MOCK_MODE_SYNTHESIS,SYNTHETIC_DEMO,UNVERIFIED_NO_ACTUALS,False,True
2026-02-08,2026-02-08,2026-02-07T23:00:00,2026-09-23T11:00:08.631414+00:00,14,2026-02-08T13:00:00,Asia/Almaty,turbine_1,1.0995,1.0995,1,1.0895,,10.25,1.3,1.201,MOCK_MODE_SYNTHESIS,SYNTHETIC_DEMO,UNVERIFIED_NO_ACTUALS,False,True
2026-02-08,2026-02-08,2026-02-07T23:00:00,2026-09-23T11:00:08.631414+00:00,15,2026-02-08T14:00:00,Asia/Almaty,turbine_1,2.43575,2.43575,1,2.5,,15.88,-0.7,1.2162,MOCK_MODE_SYNTHESIS,SYNTHETIC_DEMO,UNVERIFIED_NO_ACTUALS,False,True
2026-02-08,2026-02-08,2026-02-07T23:00:00,2026-09-23T11:00:08.631414+00:00,16,2026-02-08T15:00:00,Asia/Almaty,turbine_1,2.436,2.436,1,2.5,,19.4,0.8,1.2069,MOCK_MODE_SYNTHESIS,SYNTHETIC_DEMO,UNVERIFIED_NO_ACTUALS,False,True
2026-02-08,2026-02-08,2026-02-07T23:00:00,2026-09-23T11:00:08.631414+00:00,17,2026-02-08T16:00:00,Asia/Almaty,turbine_1,2.44925,2.44925,1,2.5,,15.62,1.1,1.2084,MOCK_MODE_SYNTHESIS,SYNTHETIC_DEMO,UNVERIFIED_NO_ACTUALS,False,True
2026-02-08,2026-02-08,2026-02-07T23:00:00,2026-09-23T11:00:08.631414+00:00,18,2026-02-08T17:00:00,Asia/Almaty,turbine_1,1.67125,1.67125,1,1.68475,,11.34,-1.9,1.2202,MOCK_MODE_SYNTHESIS,SYNTHETIC_DEMO,UNVERIFIED_NO_ACTUALS,False,True
2026-02-08,2026-02-08,2026-02-07T23:00:00,2026-09-23T11:00:08.631414+00:00,19,2026-02-08T18:00:00,Asia/Almaty,turbine_1,0.32475,0.32475,1,0.31675,,7.78,-2.0,1.2182,MOCK_MODE_SYNTHESIS,SYNTHETIC_DEMO,UNVERIFIED_NO_ACTUALS,False,True
2026-02-08,2026-02-08,2026-02-07T23:00:00,2026-09-23T11:00:08.631414+00:00,20,2026-02-08T19:00:00,Asia/Almaty,turbine_1,2.39575,2.39575,1,2.5,,13.22,1.8,1.1992,MOCK_MODE_SYNTHESIS,SYNTHETIC_DEMO,UNVERIFIED_NO_ACTUALS,False,True
2026-02-08,2026-02-08,2026-02-07T23:00:00,2026-09-23T11:00:08.631414+00:00,21,2026-02-08T20:00:00,Asia/Almaty,turbine_1,2.42975,2.42975,1,2.5,,15.14,-1.6,1.22,MOCK_MODE_SYNTHESIS,SYNTHETIC_DEMO,UNVERIFIED_NO_ACTUALS,False,True
2026-02-08,2026-02-08,2026-02-07T23:00:00,2026-09-23T11:00:08.631414+00:00,22,2026-02-08T21:00:00,Asia/Almaty,turbine_1,0.18075,0.18075,1,0.1725,,6.89,-3.5,1.2308,MOCK_MODE_SYNTHESIS,SYNTHETIC_DEMO,UNVERIFIED_NO_ACTUALS,False,True
2026-02-08,2026-02-08,2026-02-07T23:00:00,2026-09-23T11:00:08.631414+00:00,23,2026-02-08T22:00:00,Asia/Almaty,turbine_1,0.92775,0.92775,1,0.971,,9.89,-7.4,1.2473,MOCK_MODE_SYNTHESIS,SYNTHETIC_DEMO,UNVERIFIED_NO_ACTUALS,False,True
2026-02-08,2026-02-08,2026-02-07T23:00:00,2026-09-23T11:00:08.631414+00:00,24,2026-02-08T23:00:00,Asia/Almaty,turbine_1,0.055,0.055,1,0.06625,,5.82,-6.6,1.2409,MOCK_MODE_SYNTHESIS,SYNTHETIC_DEMO,UNVERIFIED_NO_ACTUALS,False,True
2026-02-08,2026-02-08,2026-02-07T23:00:00,2026-09-23T11:00:08.646230+00:00,1,2026-02-08T00:00:00,Asia/Almaty,turbine_2,0.046,0.046,1,0.0545,,5.64,-7.8,1.2438,MOCK_MODE_SYNTHESIS,SYNTHETIC_DEMO,UNVERIFIED_NO_ACTUALS,False,True
2026-02-08,2026-02-08,2026-02-07T23:00:00,2026-09-23T11:00:08.646230+00:00,2,2026-02-08T01:00:00,Asia/Almaty,turbine_2,0.0,0.0,1,0.0,,2.58,-8.1,1.249,MOCK_MODE_SYNTHESIS,SYNTHETIC_DEMO,UNVERIFIED_NO_ACTUALS,False,True
2026-02-08,2026-02-08,2026-02-07T23:00:00,2026-09-23T11:00:08.646230+00:00,3,2026-02-08T02:00:00,Asia/Almaty,turbine_2,0.0,0.0,1,0.0,,0.19,-9.1,1.2539,MOCK_MODE_SYNTHESIS,SYNTHETIC_DEMO,UNVERIFIED_NO_ACTUALS,False,True
2026-02-08,2026-02-08,2026-02-07T23:00:00,2026-09-23T11:00:08.646230+00:00,4,2026-02-08T03:00:00,Asia/Almaty,turbine_2,0.057,0.057,1,0.06625,,5.81,-10.9,1.2545,MOCK_MODE_SYNTHESIS,SYNTHETIC_DEMO,UNVERIFIED_NO_ACTUALS,False,True
2026-02-08,2026-02-08,2026-02-07T23:00:00,2026-09-23T11:00:08.646230+00:00,5,2026-02-08T04:00:00,Asia/Almaty,turbine_2,0.0,0.0,1,0.0,,0.59,-9.2,1.2638,MOCK_MODE_SYNTHESIS,SYNTHETIC_DEMO,UNVERIFIED_NO_ACTUALS,False,True
2026-02-08,2026-02-08,2026-02-07T23:00:00,2026-09-23T11:00:08.646230+00:00,6,2026-02-08T05:00:00,Asia/Almaty,turbine_2,2.33325,2.33325,1,2.4275,,12.32,-12.3,1.2598,MOCK_MODE_SYNTHESIS,SYNTHETIC_DEMO,UNVERIFIED_NO_ACTUALS,False,True
2026-02-08,2026-02-08,2026-02-07T23:00:00,2026-09-23T11:00:08.646230+00:00,7,2026-02-08T06:00:00,Asia/Almaty,turbine_2,0.02275,0.02275,1,0.0555,,5.65,-8.7,1.2545,MOCK_MODE_SYNTHESIS,SYNTHETIC_DEMO,UNVERIFIED_NO_ACTUALS,False,True
2026-02-08,2026-02-08,2026-02-07T23:00:00,2026-09-23T11:00:08.646230+00:00,8,2026-02-08T07:00:00,Asia/Almaty,turbine_2,0.094,0.094,1,0.1455,,6.66,-8.8,1.2464,MOCK_MODE_SYNTHESIS,SYNTHETIC_DEMO,UNVERIFIED_NO_ACTUALS,False,True
2026-02-08,2026-02-08,2026-02-07T23:00:00,2026-09-23T11:00:08.646230+00:00,9,2026-02-08T08:00:00,Asia/Almaty,turbine_2,0.0,0.0,1,0.0105,,4.52,-6.9,1.2419,MOCK_MODE_SYNTHESIS,SYNTHETIC_DEMO,UNVERIFIED_NO_ACTUALS,False,True
2026-02-08,2026-02-08,2026-02-07T23:00:00,2026-09-23T11:00:08.646230+00:00,10,2026-02-08T09:00:00,Asia/Almaty,turbine_2,2.281,2.281,1,2.5,,12.61,-6.5,1.2378,MOCK_MODE_SYNTHESIS,SYNTHETIC_DEMO,UNVERIFIED_NO_ACTUALS,False,True
2026-02-08,2026-02-08,2026-02-07T23:00:00,2026-09-23T11:00:08.646230+00:00,11,2026-02-08T10:00:00,Asia/Almaty,turbine_2,2.35325,2.35325,1,2.5,,14.38,-4.5,1.2329,MOCK_MODE_SYNTHESIS,SYNTHETIC_DEMO,UNVERIFIED_NO_ACTUALS,False,True
2026-02-08,2026-02-08,2026-02-07T23:00:00,2026-09-23T11:00:08.646230+00:00,12,2026-02-08T11:00:00,Asia/Almaty,turbine_2,1.98775,1.98775,1,2.003,,11.82,-3.4,1.2265,MOCK_MODE_SYNTHESIS,SYNTHETIC_DEMO,UNVERIFIED_NO_ACTUALS,False,True
2026-02-08,2026-02-08,2026-02-07T23:00:00,2026-09-23T11:00:08.646230+00:00,13,2026-02-08T12:00:00,Asia/Almaty,turbine_2,2.43275,2.43275,1,2.5,,22.22,-1.3,1.2213,MOCK_MODE_SYNTHESIS,SYNTHETIC_DEMO,UNVERIFIED_NO_ACTUALS,False,True
2026-02-08,2026-02-08,2026-02-07T23:00:00,2026-09-23T11:00:08.646230+00:00,14,2026-02-08T13:00:00,Asia/Almaty,turbine_2,1.0995,1.0995,1,1.0895,,10.25,1.3,1.201,MOCK_MODE_SYNTHESIS,SYNTHETIC_DEMO,UNVERIFIED_NO_ACTUALS,False,True
2026-02-08,2026-02-08,2026-02-07T23:00:00,2026-09-23T11:00:08.646230+00:00,15,2026-02-08T14:00:00,Asia/Almaty,turbine_2,2.43575,2.43575,1,2.5,,15.88,-0.7,1.2162,MOCK_MODE_SYNTHESIS,SYNTHETIC_DEMO,UNVERIFIED_NO_ACTUALS,False,True
2026-02-08,2026-02-08,2026-02-07T23:00:00,2026-09-23T11:00:08.646230+00:00,16,2026-02-08T15:00:00,Asia/Almaty,turbine_2,2.436,2.436,1,2.5,,19.4,0.8,1.2069,MOCK_MODE_SYNTHESIS,SYNTHETIC_DEMO,UNVERIFIED_NO_ACTUALS,False,True
2026-02-08,2026-02-08,2026-02-07T23:00:00,2026-09-23T11:00:08.646230+00:00,17,2026-02-08T16:00:00,Asia/Almaty,turbine_2,2.44925,2.44925,1,2.5,,15.62,1.1,1.2084,MOCK_MODE_SYNTHESIS,SYNTHETIC_DEMO,UNVERIFIED_NO_ACTUALS,False,True
2026-02-08,2026-02-08,2026-02-07T23:00:00,2026-09-23T11:00:08.646230+00:00,18,2026-02-08T17:00:00,Asia/Almaty,turbine_2,1.67125,1.67125,1,1.68475,,11.34,-1.9,1.2202,MOCK_MODE_SYNTHESIS,SYNTHETIC_DEMO,UNVERIFIED_NO_ACTUALS,False,True
2026-02-08,2026-02-08,2026-02-07T23:00:00,2026-09-23T11:00:08.646230+00:00,19,2026-02-08T18:00:00,Asia/Almaty,turbine_2,0.32475,0.32475,1,0.31675,,7.78,-2.0,1.2182,MOCK_MODE_SYNTHESIS,SYNTHETIC_DEMO,UNVERIFIED_NO_ACTUALS,False,True
2026-02-08,2026-02-08,2026-02-07T23:00:00,2026-09-23T11:00:08.646230+00:00,20,2026-02-08T19:00:00,Asia/Almaty,turbine_2,2.39575,2.39575,1,2.5,,13.22,1.8,1.1992,MOCK_MODE_SYNTHESIS,SYNTHETIC_DEMO,UNVERIFIED_NO_ACTUALS,False,True
2026-02-08,2026-02-08,2026-02-07T23:00:00,2026-09-23T11:00:08.646230+00:00,21,2026-02-08T20:00:00,Asia/Almaty,turbine_2,2.42975,2.42975,1,2.5,,15.14,-1.6,1.22,MOCK_MODE_SYNTHESIS,SYNTHETIC_DEMO,UNVERIFIED_NO_ACTUALS,False,True
2026-02-08,2026-02-08,2026-02-07T23:00:00,2026-09-23T11:00:08.646230+00:00,22,2026-02-08T21:00:00,Asia/Almaty,turbine_2,0.18075,0.18075,1,0.1725,,6.89,-3.5,1.2308,MOCK_MODE_SYNTHESIS,SYNTHETIC_DEMO,UNVERIFIED_NO_ACTUALS,False,True
2026-02-08,2026-02-08,2026-02-07T23:00:00,2026-09-23T11:00:08.646230+00:00,23,2026-02-08T22:00:00,Asia/Almaty,turbine_2,0.92775,0.92775,1,0.971,,9.89,-7.4,1.2473,MOCK_MODE_SYNTHESIS,SYNTHETIC_DEMO,UNVERIFIED_NO_ACTUALS,False,True
2026-02-08,2026-02-08,2026-02-07T23:00:00,2026-09-23T11:00:08.646230+00:00,24,2026-02-08T23:00:00,Asia/Almaty,turbine_2,0.055,0.055,1,0.06625,,5.82,-6.6,1.2409,MOCK_MODE_SYNTHESIS,SYNTHETIC_DEMO,UNVERIFIED_NO_ACTUALS,False,True
2026-02-09,2026-02-09,2026-02-08T23:00:00,2026-09-23T11:00:08.661978+00:00,1,2026-02-09T00:00:00,Asia/Almaty,turbine_1,0.01425,0.01425,1,0.0085,,4.42,-9.6,1.2614,MOCK_MODE_SYNTHESIS,SYNTHETIC_DEMO,UNVERIFIED_NO_ACTUALS,False,True
2026-02-09,2026-02-09,2026-02-08T23:00:00,2026-09-23T11:00:08.661978+00:00,2,2026-02-09T01:00:00,Asia/Almaty,turbine_1,0.01425,0.01425,1,0.00375,,4.07,-10.8,1.2632,MOCK_MODE_SYNTHESIS,SYNTHETIC_DEMO,UNVERIFIED_NO_ACTUALS,False,True
2026-02-09,2026-02-09,2026-02-08T23:00:00,2026-09-23T11:00:08.661978+00:00,3,2026-02-09T02:00:00,Asia/Almaty,turbine_1,0.05575,0.05575,1,0.06575,,5.8,-10.1,1.2586,MOCK_MODE_SYNTHESIS,SYNTHETIC_DEMO,UNVERIFIED_NO_ACTUALS,False,True
2026-02-09,2026-02-09,2026-02-08T23:00:00,2026-09-23T11:00:08.661978+00:00,4,2026-02-09T03:00:00,Asia/Almaty,turbine_1,0.0,0.0,1,0.0,,0.0,-11.8,1.2598,MOCK_MODE_SYNTHESIS,SYNTHETIC_DEMO,UNVERIFIED_NO_ACTUALS,False,True
2026-02-09,2026-02-09,2026-02-08T23:00:00,2026-09-23T11:00:08.661978+00:00,5,2026-02-09T04:00:00,Asia/Almaty,turbine_1,0.131,0.131,1,0.17,,6.83,-11.7,1.2713,MOCK_MODE_SYNTHESIS,SYNTHETIC_DEMO,UNVERIFIED_NO_ACTUALS,False,True
2026-02-09,2026-02-09,2026-02-08T23:00:00,2026-09-23T11:00:08.661978+00:00,6,2026-02-09T05:00:00,Asia/Almaty,turbine_1,0.0,0.0,1,0.0,,2.33,-11.3,1.2667,MOCK_MODE_SYNTHESIS,SYNTHETIC_DEMO,UNVERIFIED_NO_ACTUALS,False,True
2026-02-09,2026-02-09,2026-02-08T23:00:00,2026-09-23T11:00:08.661978+00:00,7,2026-02-09T06:00:00,Asia/Almaty,turbine_1,0.0,0.0,1,0.001,,3.68,-10.4,1.252,MOCK_MODE_SYNTHESIS,SYNTHETIC_DEMO,UNVERIFIED_NO_ACTUALS,False,True
2026-02-09,2026-02-09,2026-02-08T23:00:00,2026-09-23T11:00:08.661978+00:00,8,2026-02-09T07:00:00,Asia/Almaty,turbine_1,0.043,0.043,1,0.08525,,6.06,-8.9,1.2495,MOCK_MODE_SYNTHESIS,SYNTHETIC_DEMO,UNVERIFIED_NO_ACTUALS,False,True
2026-02-09,2026-02-09,2026-02-08T23:00:00,2026-09-23T11:00:08.661978+00:00,9,2026-02-09T08:00:00,Asia/Almaty,turbine_1,0.097,0.097,1,0.13925,,6.6,-8.8,1.2546,MOCK_MODE_SYNTHESIS,SYNTHETIC_DEMO,UNVERIFIED_NO_ACTUALS,False,True
2026-02-09,2026-02-09,2026-02-08T23:00:00,2026-09-23T11:00:08.661978+00:00,10,2026-02-09T09:00:00,Asia/Almaty,turbine_1,0.134,0.134,1,0.13425,,6.58,-5.1,1.2283,MOCK_MODE_SYNTHESIS,SYNTHETIC_DEMO,UNVERIFIED_NO_ACTUALS,False,True
2026-02-09,2026-02-09,2026-02-08T23:00:00,2026-09-23T11:00:08.661978+00:00,11,2026-02-09T10:00:00,Asia/Almaty,turbine_1,2.1295,2.1295,1,2.15125,,12.02,-4.2,1.2315,MOCK_MODE_SYNTHESIS,SYNTHETIC_DEMO,UNVERIFIED_NO_ACTUALS,False,True
2026-02-09,2026-02-09,2026-02-08T23:00:00,2026-09-23T11:00:08.661978+00:00,12,2026-02-09T11:00:00,Asia/Almaty,turbine_1,2.34275,2.34275,1,2.5,,16.2,-3.0,1.2209,MOCK_MODE_SYNTHESIS,SYNTHETIC_DEMO,UNVERIFIED_NO_ACTUALS,False,True
2026-02-09,2026-02-09,2026-02-08T23:00:00,2026-09-23T11:00:08.661978+00:00,13,2026-02-09T12:00:00,Asia/Almaty,turbine_1,2.36025,2.36025,1,2.5,,17.49,-4.0,1.2292,MOCK_MODE_SYNTHESIS,SYNTHETIC_DEMO,UNVERIFIED_NO_ACTUALS,False,True
2026-02-09,2026-02-09,2026-02-08T23:00:00,2026-09-23T11:00:08.661978+00:00,14,2026-02-09T13:00:00,Asia/Almaty,turbine_1,2.42375,2.42375,1,2.5,,12.82,0.0,1.2158,MOCK_MODE_SYNTHESIS,SYNTHETIC_DEMO,UNVERIFIED_NO_ACTUALS,False,True
2026-02-09,2026-02-09,2026-02-08T23:00:00,2026-09-23T11:00:08.661978+00:00,15,2026-02-09T14:00:00,Asia/Almaty,turbine_1,2.4395,2.4395,1,2.5,,15.07,0.1,1.2129,MOCK_MODE_SYNTHESIS,SYNTHETIC_DEMO,UNVERIFIED_NO_ACTUALS,False,True
2026-02-09,2026-02-09,2026-02-08T23:00:00,2026-09-23T11:00:08.661978+00:00,16,2026-02-09T15:00:00,Asia/Almaty,turbine_1,0.57425,0.57425,1,0.58625,,8.86,-2.3,1.2241,MOCK_MODE_SYNTHESIS,SYNTHETIC_DEMO,UNVERIFIED_NO_ACTUALS,False,True
2026-02-09,2026-02-09,2026-02-08T23:00:00,2026-09-23T11:00:08.661978+00:00,17,2026-02-09T16:00:00,Asia/Almaty,turbine_1,2.4495,2.4495,1,2.5,,14.37,2.9,1.2011,MOCK_MODE_SYNTHESIS,SYNTHETIC_DEMO,UNVERIFIED_NO_ACTUALS,False,True
2026-02-09,2026-02-09,2026-02-08T23:00:00,2026-09-23T11:00:08.661978+00:00,18,2026-02-09T17:00:00,Asia/Almaty,turbine_1,2.429,2.429,1,2.5,,17.34,0.4,1.2089,MOCK_MODE_SYNTHESIS,SYNTHETIC_DEMO,UNVERIFIED_NO_ACTUALS,False,True
2026-02-09,2026-02-09,2026-02-08T23:00:00,2026-09-23T11:00:08.661978+00:00,19,2026-02-09T18:00:00,Asia/Almaty,turbine_1,0.783,0.783,1,0.791,,9.47,-4.3,1.2268,MOCK_MODE_SYNTHESIS,SYNTHETIC_DEMO,UNVERIFIED_NO_ACTUALS,False,True
2026-02-09,2026-02-09,2026-02-08T23:00:00,2026-09-23T11:00:08.661978+00:00,20,2026-02-09T19:00:00,Asia/Almaty,turbine_1,1.043,1.043,1,1.0605,,10.16,-1.3,1.2139,MOCK_MODE_SYNTHESIS,SYNTHETIC_DEMO,UNVERIFIED_NO_ACTUALS,False,True
2026-02-09,2026-02-09,2026-02-08T23:00:00,2026-09-23T11:00:08.661978+00:00,21,2026-02-09T20:00:00,Asia/Almaty,turbine_1,2.3925,2.3925,1,2.36825,,12.34,-2.0,1.2212,MOCK_MODE_SYNTHESIS,SYNTHETIC_DEMO,UNVERIFIED_NO_ACTUALS,False,True
2026-02-09,2026-02-09,2026-02-08T23:00:00,2026-09-23T11:00:08.661978+00:00,22,2026-02-09T21:00:00,Asia/Almaty,turbine_1,1.983,1.983,1,1.98475,,11.81,-2.8,1.2194,MOCK_MODE_SYNTHESIS,SYNTHETIC_DEMO,UNVERIFIED_NO_ACTUALS,False,True
2026-02-09,2026-02-09,2026-02-08T23:00:00,2026-09-23T11:00:08.661978+00:00,23,2026-02-09T22:00:00,Asia/Almaty,turbine_1,0.07775,0.07775,1,0.06925,,5.87,-3.7,1.2299,MOCK_MODE_SYNTHESIS,SYNTHETIC_DEMO,UNVERIFIED_NO_ACTUALS,False,True
2026-02-09,2026-02-09,2026-02-08T23:00:00,2026-09-23T11:00:08.661978+00:00,24,2026-02-09T23:00:00,Asia/Almaty,turbine_1,0.28575,0.28575,1,0.27775,,7.57,-3.2,1.2226,MOCK_MODE_SYNTHESIS,SYNTHETIC_DEMO,UNVERIFIED_NO_ACTUALS,False,True
2026-02-09,2026-02-09,2026-02-08T23:00:00,2026-09-23T11:00:08.676856+00:00,1,2026-02-09T00:00:00,Asia/Almaty,turbine_2,0.01425,0.01425,1,0.0085,,4.42,-9.6,1.2614,MOCK_MODE_SYNTHESIS,SYNTHETIC_DEMO,UNVERIFIED_NO_ACTUALS,False,True
2026-02-09,2026-02-09,2026-02-08T23:00:00,2026-09-23T11:00:08.676856+00:00,2,2026-02-09T01:00:00,Asia/Almaty,turbine_2,0.01425,0.01425,1,0.00375,,4.07,-10.8,1.2632,MOCK_MODE_SYNTHESIS,SYNTHETIC_DEMO,UNVERIFIED_NO_ACTUALS,False,True
2026-02-09,2026-02-09,2026-02-08T23:00:00,2026-09-23T11:00:08.676856+00:00,3,2026-02-09T02:00:00,Asia/Almaty,turbine_2,0.05575,0.05575,1,0.06575,,5.8,-10.1,1.2586,MOCK_MODE_SYNTHESIS,SYNTHETIC_DEMO,UNVERIFIED_NO_ACTUALS,False,True
2026-02-09,2026-02-09,2026-02-08T23:00:00,2026-09-23T11:00:08.676856+00:00,4,2026-02-09T03:00:00,Asia/Almaty,turbine_2,0.0,0.0,1,0.0,,0.0,-11.8,1.2598,MOCK_MODE_SYNTHESIS,SYNTHETIC_DEMO,UNVERIFIED_NO_ACTUALS,False,True
2026-02-09,2026-02-09,2026-02-08T23:00:00,2026-09-23T11:00:08.676856+00:00,5,2026-02-09T04:00:00,Asia/Almaty,turbine_2,0.131,0.131,1,0.17,,6.83,-11.7,1.2713,MOCK_MODE_SYNTHESIS,SYNTHETIC_DEMO,UNVERIFIED_NO_ACTUALS,False,True
2026-02-09,2026-02-09,2026-02-08T23:00:00,2026-09-23T11:00:08.676856+00:00,6,2026-02-09T05:00:00,Asia/Almaty,turbine_2,0.0,0.0,1,0.0,,2.33,-11.3,1.2667,MOCK_MODE_SYNTHESIS,SYNTHETIC_DEMO,UNVERIFIED_NO_ACTUALS,False,True
2026-02-09,2026-02-09,2026-02-08T23:00:00,2026-09-23T11:00:08.676856+00:00,7,2026-02-09T06:00:00,Asia/Almaty,turbine_2,0.0,0.0,1,0.001,,3.68,-10.4,1.252,MOCK_MODE_SYNTHESIS,SYNTHETIC_DEMO,UNVERIFIED_NO_ACTUALS,False,True
2026-02-09,2026-02-09,2026-02-08T23:00:00,2026-09-23T11:00:08.676856+00:00,8,2026-02-09T07:00:00,Asia/Almaty,turbine_2,0.043,0.043,1,0.08525,,6.06,-8.9,1.2495,MOCK_MODE_SYNTHESIS,SYNTHETIC_DEMO,UNVERIFIED_NO_ACTUALS,False,True
2026-02-09,2026-02-09,2026-02-08T23:00:00,2026-09-23T11:00:08.676856+00:00,9,2026-02-09T08:00:00,Asia/Almaty,turbine_2,0.097,0.097,1,0.13925,,6.6,-8.8,1.2546,MOCK_MODE_SYNTHESIS,SYNTHETIC_DEMO,UNVERIFIED_NO_ACTUALS,False,True
2026-02-09,2026-02-09,2026-02-08T23:00:00,2026-09-23T11:00:08.676856+00:00,10,2026-02-09T09:00:00,Asia/Almaty,turbine_2,0.134,0.134,1,0.13425,,6.58,-5.1,1.2283,MOCK_MODE_SYNTHESIS,SYNTHETIC_DEMO,UNVERIFIED_NO_ACTUALS,False,True
2026-02-09,2026-02-09,2026-02-08T23:00:00,2026-09-23T11:00:08.676856+00:00,11,2026-02-09T10:00:00,Asia/Almaty,turbine_2,2.1295,2.1295,1,2.15125,,12.02,-4.2,1.2315,MOCK_MODE_SYNTHESIS,SYNTHETIC_DEMO,UNVERIFIED_NO_ACTUALS,False,True
2026-02-09,2026-02-09,2026-02-08T23:00:00,2026-09-23T11:00:08.676856+00:00,12,2026-02-09T11:00:00,Asia/Almaty,turbine_2,2.34275,2.34275,1,2.5,,16.2,-3.0,1.2209,MOCK_MODE_SYNTHESIS,SYNTHETIC_DEMO,UNVERIFIED_NO_ACTUALS,False,True
2026-02-09,2026-02-09,2026-02-08T23:00:00,2026-09-23T11:00:08.676856+00:00,13,2026-02-09T12:00:00,Asia/Almaty,turbine_2,2.36025,2.36025,1,2.5,,17.49,-4.0,1.2292,MOCK_MODE_SYNTHESIS,SYNTHETIC_DEMO,UNVERIFIED_NO_ACTUALS,False,True
2026-02-09,2026-02-09,2026-02-08T23:00:00,2026-09-23T11:00:08.676856+00:00,14,2026-02-09T13:00:00,Asia/Almaty,turbine_2,2.42375,2.42375,1,2.5,,12.82,0.0,1.2158,MOCK_MODE_SYNTHESIS,SYNTHETIC_DEMO,UNVERIFIED_NO_ACTUALS,False,True
2026-02-09,2026-02-09,2026-02-08T23:00:00,2026-09-23T11:00:08.676856+00:00,15,2026-02-09T14:00:00,Asia/Almaty,turbine_2,2.4395,2.4395,1,2.5,,15.07,0.1,1.2129,MOCK_MODE_SYNTHESIS,SYNTHETIC_DEMO,UNVERIFIED_NO_ACTUALS,False,True
2026-02-09,2026-02-09,2026-02-08T23:00:00,2026-09-23T11:00:08.676856+00:00,16,2026-02-09T15:00:00,Asia/Almaty,turbine_2,0.57425,0.57425,1,0.58625,,8.86,-2.3,1.2241,MOCK_MODE_SYNTHESIS,SYNTHETIC_DEMO,UNVERIFIED_NO_ACTUALS,False,True
2026-02-09,2026-02-09,2026-02-08T23:00:00,2026-09-23T11:00:08.676856+00:00,17,2026-02-09T16:00:00,Asia/Almaty,turbine_2,2.4495,2.4495,1,2.5,,14.37,2.9,1.2011,MOCK_MODE_SYNTHESIS,SYNTHETIC_DEMO,UNVERIFIED_NO_ACTUALS,False,True
2026-02-09,2026-02-09,2026-02-08T23:00:00,2026-09-23T11:00:08.676856+00:00,18,2026-02-09T17:00:00,Asia/Almaty,turbine_2,2.429,2.429,1,2.5,,17.34,0.4,1.2089,MOCK_MODE_SYNTHESIS,SYNTHETIC_DEMO,UNVERIFIED_NO_ACTUALS,False,True
2026-02-09,2026-02-09,2026-02-08T23:00:00,2026-09-23T11:00:08.676856+00:00,19,2026-02-09T18:00:00,Asia/Almaty,turbine_2,0.783,0.783,1,0.791,,9.47,-4.3,1.2268,MOCK_MODE_SYNTHESIS,SYNTHETIC_DEMO,UNVERIFIED_NO_ACTUALS,False,True
2026-02-09,2026-02-09,2026-02-08T23:00:00,2026-09-23T11:00:08.676856+00:00,20,2026-02-09T19:00:00,Asia/Almaty,turbine_2,1.043,1.043,1,1.0605,,10.16,-1.3,1.2139,MOCK_MODE_SYNTHESIS,SYNTHETIC_DEMO,UNVERIFIED_NO_ACTUALS,False,True
2026-02-09,2026-02-09,2026-02-08T23:00:00,2026-09-23T11:00:08.676856+00:00,21,2026-02-09T20:00:00,Asia/Almaty,turbine_2,2.3925,2.3925,1,2.36825,,12.34,-2.0,1.2212,MOCK_MODE_SYNTHESIS,SYNTHETIC_DEMO,UNVERIFIED_NO_ACTUALS,False,True
2026-02-09,2026-02-09,2026-02-08T23:00:00,2026-09-23T11:00:08.676856+00:00,22,2026-02-09T21:00:00,Asia/Almaty,turbine_2,1.983,1.983,1,1.98475,,11.81,-2.8,1.2194,MOCK_MODE_SYNTHESIS,SYNTHETIC_DEMO,UNVERIFIED_NO_ACTUALS,False,True
2026-02-09,2026-02-09,2026-02-08T23:00:00,2026-09-23T11:00:08.676856+00:00,23,2026-02-09T22:00:00,Asia/Almaty,turbine_2,0.07775,0.07775,1,0.06925,,5.87,-3.7,1.2299,MOCK_MODE_SYNTHESIS,SYNTHETIC_DEMO,UNVERIFIED_NO_ACTUALS,False,True
2026-02-09,2026-02-09,2026-02-08T23:00:00,2026-09-23T11:00:08.676856+00:00,24,2026-02-09T23:00:00,Asia/Almaty,turbine_2,0.28575,0.28575,1,0.27775,,7.57,-3.2,1.2226,MOCK_MODE_SYNTHESIS,SYNTHETIC_DEMO,UNVERIFIED_NO_ACTUALS,False,True
2026-02-10,2026-02-10,2026-02-09T23:00:00,2026-09-23T11:00:08.691474+00:00,1,2026-02-10T00:00:00,Asia/Almaty,turbine_1,0.0,0.0,1,0.0,,2.15,-6.6,1.2398,MOCK_MODE_SYNTHESIS,SYNTHETIC_DEMO,UNVERIFIED_NO_ACTUALS,False,True
2026-02-10,2026-02-10,2026-02-09T23:00:00,2026-09-23T11:00:08.691474+00:00,2,2026-02-10T01:00:00,Asia/Almaty,turbine_1,0.3715,0.3715,1,0.4025,,8.14,-7.2,1.2449,MOCK_MODE_SYNTHESIS,SYNTHETIC_DEMO,UNVERIFIED_NO_ACTUALS,False,True
2026-02-10,2026-02-10,2026-02-09T23:00:00,2026-09-23T11:00:08.691474+00:00,3,2026-02-10T02:00:00,Asia/Almaty,turbine_1,0.014,0.014,1,0.0,,3.34,-6.9,1.2452,MOCK_MODE_SYNTHESIS,SYNTHETIC_DEMO,UNVERIFIED_NO_ACTUALS,False,True
2026-02-10,2026-02-10,2026-02-09T23:00:00,2026-09-23T11:00:08.691474+00:00,4,2026-02-10T03:00:00,Asia/Almaty,turbine_1,0.04675,0.04675,1,0.061,,5.74,-9.0,1.2452,MOCK_MODE_SYNTHESIS,SYNTHETIC_DEMO,UNVERIFIED_NO_ACTUALS,False,True
2026-02-10,2026-02-10,2026-02-09T23:00:00,2026-09-23T11:00:08.691474+00:00,5,2026-02-10T04:00:00,Asia/Almaty,turbine_1,0.01425,0.01425,1,0.04425,,5.46,-9.1,1.2489,MOCK_MODE_SYNTHESIS,SYNTHETIC_DEMO,UNVERIFIED_NO_ACTUALS,False,True
2026-02-10,2026-02-10,2026-02-09T23:00:00,2026-09-23T11:00:08.691474+00:00,6,2026-02-10T05:00:00,Asia/Almaty,turbine_1,0.0,0.0,1,0.0,,0.0,-12.6,1.279,MOCK_MODE_SYNTHESIS,SYNTHETIC_DEMO,UNVERIFIED_NO_ACTUALS,False,True
2026-02-10,2026-02-10,2026-02-09T23:00:00,2026-09-23T11:00:08.691474+00:00,7,2026-02-10T06:00:00,Asia/Almaty,turbine_1,0.064,0.064,1,0.09775,,6.19,-11.2,1.2642,MOCK_MODE_SYNTHESIS,SYNTHETIC_DEMO,UNVERIFIED_NO_ACTUALS,False,True
2026-02-10,2026-02-10,2026-02-09T23:00:00,2026-09-23T11:00:08.691474+00:00,8,2026-02-10T07:00:00,Asia/Almaty,turbine_1,1.67075,1.67075,1,1.8145,,11.49,-7.1,1.2456,MOCK_MODE_SYNTHESIS,SYNTHETIC_DEMO,UNVERIFIED_NO_ACTUALS,False,True
2026-02-10,2026-02-10,2026-02-09T23:00:00,2026-09-23T11:00:08.691474+00:00,9,2026-02-10T08:00:00,Asia/Almaty,turbine_1,1.752,1.752,1,1.86875,,11.56,-8.0,1.2517,MOCK_MODE_SYNTHESIS,SYNTHETIC_DEMO,UNVERIFIED_NO_ACTUALS,False,True
2026-02-10,2026-02-10,2026-02-09T23:00:00,2026-09-23T11:00:08.691474+00:00,10,2026-02-10T09:00:00,Asia/Almaty,turbine_1,0.0405,0.0405,1,0.0005,,3.52,-4.9,1.2341,MOCK_MODE_SYNTHESIS,SYNTHETIC_DEMO,UNVERIFIED_NO_ACTUALS,False,True
2026-02-10,2026-02-10,2026-02-09T23:00:00,2026-09-23T11:00:08.691474+00:00,11,2026-02-10T10:00:00,Asia/Almaty,turbine_1,2.39025,2.39025,1,2.5,,12.8,-5.9,1.2398,MOCK_MODE_SYNTHESIS,SYNTHETIC_DEMO,UNVERIFIED_NO_ACTUALS,False,True
2026-02-10,2026-02-10,2026-02-09T23:00:00,2026-09-23T11:00:08.691474+00:00,12,2026-02-10T11:00:00,Asia/Almaty,turbine_1,0.2305,0.2305,1,0.24325,,7.37,-2.4,1.2241,MOCK_MODE_SYNTHESIS,SYNTHETIC_DEMO,UNVERIFIED_NO_ACTUALS,False,True
2026-02-10,2026-02-10,2026-02-09T23:00:00,2026-09-23T11:00:08.691474+00:00,13,2026-02-10T12:00:00,Asia/Almaty,turbine_1,2.33175,2.33175,1,2.313,,12.29,1.0,1.212,MOCK_MODE_SYNTHESIS,SYNTHETIC_DEMO,UNVERIFIED_NO_ACTUALS,False,True
2026-02-10,2026-02-10,2026-02-09T23:00:00,2026-09-23T11:00:08.691474+00:00,14,2026-02-10T13:00:00,Asia/Almaty,turbine_1,2.42625,2.42625,1,2.5,,14.65,-0.4,1.2155,MOCK_MODE_SYNTHESIS,SYNTHETIC_DEMO,UNVERIFIED_NO_ACTUALS,False,True
2026-02-10,2026-02-10,2026-02-09T23:00:00,2026-09-23T11:00:08.691474+00:00,15,2026-02-10T14:00:00,Asia/Almaty,turbine_1,2.435,2.435,1,2.5,,14.98,-1.4,1.2218,MOCK_MODE_SYNTHESIS,SYNTHETIC_DEMO,UNVERIFIED_NO_ACTUALS,False,True
2026-02-10,2026-02-10,2026-02-09T23:00:00,2026-09-23T11:00:08.691474+00:00,16,2026-02-10T15:00:00,Asia/Almaty,turbine_1,2.44725,2.44725,1,2.5,,19.36,2.5,1.1998,MOCK_MODE_SYNTHESIS,SYNTHETIC_DEMO,UNVERIFIED_NO_ACTUALS,False,True
2026-02-10,2026-02-10,2026-02-09T23:00:00,2026-09-23T11:00:08.691474+00:00,17,2026-02-10T16:00:00,Asia/Almaty,turbine_1,2.371,2.371,1,2.5,,13.16,0.6,1.2122,MOCK_MODE_SYNTHESIS,SYNTHETIC_DEMO,UNVERIFIED_NO_ACTUALS,False,True
2026-02-10,2026-02-10,2026-02-09T23:00:00,2026-09-23T11:00:08.691474+00:00,18,2026-02-10T17:00:00,Asia/Almaty,turbine_1,2.42625,2.42625,1,2.5,,16.81,0.0,1.2144,MOCK_MODE_SYNTHESIS,SYNTHETIC_DEMO,UNVERIFIED_NO_ACTUALS,False,True
2026-02-10,2026-02-10,2026-02-09T23:00:00,2026-09-23T11:00:08.691474+00:00,19,2026-02-10T18:00:00,Asia/Almaty,turbine_1,0.25075,0.25075,1,0.2545,,7.45,-1.7,1.2133,MOCK_MODE_SYNTHESIS,SYNTHETIC_DEMO,UNVERIFIED_NO_ACTUALS,False,True
2026-02-10,2026-02-10,2026-02-09T23:00:00,2026-09-23T11:00:08.691474+00:00,20,2026-02-10T19:00:00,Asia/Almaty,turbine_1,0.17975,0.17975,1,0.1825,,6.99,0.0,1.2071,MOCK_MODE_SYNTHESIS,SYNTHETIC_DEMO,UNVERIFIED_NO_ACTUALS,False,True
2026-02-10,2026-02-10,2026-02-09T23:00:00,2026-09-23T11:00:08.691474+00:00,21,2026-02-10T20:00:00,Asia/Almaty,turbine_1,1.66425,1.66425,1,1.67875,,11.34,-1.3,1.2157,MOCK_MODE_SYNTHESIS,SYNTHETIC_DEMO,UNVERIFIED_NO_ACTUALS,False,True
2026-02-10,2026-02-10,2026-02-09T23:00:00,2026-09-23T11:00:08.691474+00:00,22,2026-02-10T21:00:00,Asia/Almaty,turbine_1,0.041,0.041,1,0.01275,,4.63,-3.9,1.2247,MOCK_MODE_SYNTHESIS,SYNTHETIC_DEMO,UNVERIFIED_NO_ACTUALS,False,True
2026-02-10,2026-02-10,2026-02-09T23:00:00,2026-09-23T11:00:08.691474+00:00,23,2026-02-10T22:00:00,Asia/Almaty,turbine_1,0.0585,0.0585,1,0.03325,,5.25,-2.9,1.2234,MOCK_MODE_SYNTHESIS,SYNTHETIC_DEMO,UNVERIFIED_NO_ACTUALS,False,True
2026-02-10,2026-02-10,2026-02-09T23:00:00,2026-09-23T11:00:08.691474+00:00,24,2026-02-10T23:00:00,Asia/Almaty,turbine_1,0.41,0.41,1,0.425,,8.24,-6.2,1.2413,MOCK_MODE_SYNTHESIS,SYNTHETIC_DEMO,UNVERIFIED_NO_ACTUALS,False,True
2026-02-10,2026-02-10,2026-02-09T23:00:00,2026-09-23T11:00:08.705981+00:00,1,2026-02-10T00:00:00,Asia/Almaty,turbine_2,0.0,0.0,1,0.0,,2.15,-6.6,1.2398,MOCK_MODE_SYNTHESIS,SYNTHETIC_DEMO,UNVERIFIED_NO_ACTUALS,False,True
2026-02-10,2026-02-10,2026-02-09T23:00:00,2026-09-23T11:00:08.705981+00:00,2,2026-02-10T01:00:00,Asia/Almaty,turbine_2,0.3715,0.3715,1,0.4025,,8.14,-7.2,1.2449,MOCK_MODE_SYNTHESIS,SYNTHETIC_DEMO,UNVERIFIED_NO_ACTUALS,False,True
2026-02-10,2026-02-10,2026-02-09T23:00:00,2026-09-23T11:00:08.705981+00:00,3,2026-02-10T02:00:00,Asia/Almaty,turbine_2,0.014,0.014,1,0.0,,3.34,-6.9,1.2452,MOCK_MODE_SYNTHESIS,SYNTHETIC_DEMO,UNVERIFIED_NO_ACTUALS,False,True
2026-02-10,2026-02-10,2026-02-09T23:00:00,2026-09-23T11:00:08.705981+00:00,4,2026-02-10T03:00:00,Asia/Almaty,turbine_2,0.04675,0.04675,1,0.061,,5.74,-9.0,1.2452,MOCK_MODE_SYNTHESIS,SYNTHETIC_DEMO,UNVERIFIED_NO_ACTUALS,False,True
2026-02-10,2026-02-10,2026-02-09T23:00:00,2026-09-23T11:00:08.705981+00:00,5,2026-02-10T04:00:00,Asia/Almaty,turbine_2,0.01425,0.01425,1,0.04425,,5.46,-9.1,1.2489,MOCK_MODE_SYNTHESIS,SYNTHETIC_DEMO,UNVERIFIED_NO_ACTUALS,False,True
2026-02-10,2026-02-10,2026-02-09T23:00:00,2026-09-23T11:00:08.705981+00:00,6,2026-02-10T05:00:00,Asia/Almaty,turbine_2,0.0,0.0,1,0.0,,0.0,-12.6,1.279,MOCK_MODE_SYNTHESIS,SYNTHETIC_DEMO,UNVERIFIED_NO_ACTUALS,False,True
2026-02-10,2026-02-10,2026-02-09T23:00:00,2026-09-23T11:00:08.705981+00:00,7,2026-02-10T06:00:00,Asia/Almaty,turbine_2,0.064,0.064,1,0.09775,,6.19,-11.2,1.2642,MOCK_MODE_SYNTHESIS,SYNTHETIC_DEMO,UNVERIFIED_NO_ACTUALS,False,True
2026-02-10,2026-02-10,2026-02-09T23:00:00,2026-09-23T11:00:08.705981+00:00,8,2026-02-10T07:00:00,Asia/Almaty,turbine_2,1.67075,1.67075,1,1.8145,,11.49,-7.1,1.2456,MOCK_MODE_SYNTHESIS,SYNTHETIC_DEMO,UNVERIFIED_NO_ACTUALS,False,True
2026-02-10,2026-02-10,2026-02-09T23:00:00,2026-09-23T11:00:08.705981+00:00,9,2026-02-10T08:00:00,Asia/Almaty,turbine_2,1.752,1.752,1,1.86875,,11.56,-8.0,1.2517,MOCK_MODE_SYNTHESIS,SYNTHETIC_DEMO,UNVERIFIED_NO_ACTUALS,False,True
2026-02-10,2026-02-10,2026-02-09T23:00:00,2026-09-23T11:00:08.705981+00:00,10,2026-02-10T09:00:00,Asia/Almaty,turbine_2,0.0405,0.0405,1,0.0005,,3.52,-4.9,1.2341,MOCK_MODE_SYNTHESIS,SYNTHETIC_DEMO,UNVERIFIED_NO_ACTUALS,False,True
2026-02-10,2026-02-10,2026-02-09T23:00:00,2026-09-23T11:00:08.705981+00:00,11,2026-02-10T10:00:00,Asia/Almaty,turbine_2,2.39025,2.39025,1,2.5,,12.8,-5.9,1.2398,MOCK_MODE_SYNTHESIS,SYNTHETIC_DEMO,UNVERIFIED_NO_ACTUALS,False,True
2026-02-10,2026-02-10,2026-02-09T23:00:00,2026-09-23T11:00:08.705981+00:00,12,2026-02-10T11:00:00,Asia/Almaty,turbine_2,0.2305,0.2305,1,0.24325,,7.37,-2.4,1.2241,MOCK_MODE_SYNTHESIS,SYNTHETIC_DEMO,UNVERIFIED_NO_ACTUALS,False,True
2026-02-10,2026-02-10,2026-02-09T23:00:00,2026-09-23T11:00:08.705981+00:00,13,2026-02-10T12:00:00,Asia/Almaty,turbine_2,2.33175,2.33175,1,2.313,,12.29,1.0,1.212,MOCK_MODE_SYNTHESIS,SYNTHETIC_DEMO,UNVERIFIED_NO_ACTUALS,False,True
2026-02-10,2026-02-10,2026-02-09T23:00:00,2026-09-23T11:00:08.705981+00:00,14,2026-02-10T13:00:00,Asia/Almaty,turbine_2,2.42625,2.42625,1,2.5,,14.65,-0.4,1.2155,MOCK_MODE_SYNTHESIS,SYNTHETIC_DEMO,UNVERIFIED_NO_ACTUALS,False,True
2026-02-10,2026-02-10,2026-02-09T23:00:00,2026-09-23T11:00:08.705981+00:00,15,2026-02-10T14:00:00,Asia/Almaty,turbine_2,2.435,2.435,1,2.5,,14.98,-1.4,1.2218,MOCK_MODE_SYNTHESIS,SYNTHETIC_DEMO,UNVERIFIED_NO_ACTUALS,False,True
2026-02-10,2026-02-10,2026-02-09T23:00:00,2026-09-23T11:00:08.705981+00:00,16,2026-02-10T15:00:00,Asia/Almaty,turbine_2,2.44725,2.44725,1,2.5,,19.36,2.5,1.1998,MOCK_MODE_SYNTHESIS,SYNTHETIC_DEMO,UNVERIFIED_NO_ACTUALS,False,True
2026-02-10,2026-02-10,2026-02-09T23:00:00,2026-09-23T11:00:08.705981+00:00,17,2026-02-10T16:00:00,Asia/Almaty,turbine_2,2.371,2.371,1,2.5,,13.16,0.6,1.2122,MOCK_MODE_SYNTHESIS,SYNTHETIC_DEMO,UNVERIFIED_NO_ACTUALS,False,True
2026-02-10,2026-02-10,2026-02-09T23:00:00,2026-09-23T11:00:08.705981+00:00,18,2026-02-10T17:00:00,Asia/Almaty,turbine_2,2.42625,2.42625,1,2.5,,16.81,0.0,1.2144,MOCK_MODE_SYNTHESIS,SYNTHETIC_DEMO,UNVERIFIED_NO_ACTUALS,False,True
2026-02-10,2026-02-10,2026-02-09T23:00:00,2026-09-23T11:00:08.705981+00:00,19,2026-02-10T18:00:00,Asia/Almaty,turbine_2,0.25075,0.25075,1,0.2545,,7.45,-1.7,1.2133,MOCK_MODE_SYNTHESIS,SYNTHETIC_DEMO,UNVERIFIED_NO_ACTUALS,False,True
2026-02-10,2026-02-10,2026-02-09T23:00:00,2026-09-23T11:00:08.705981+00:00,20,2026-02-10T19:00:00,Asia/Almaty,turbine_2,0.17975,0.17975,1,0.1825,,6.99,0.0,1.2071,MOCK_MODE_SYNTHESIS,SYNTHETIC_DEMO,UNVERIFIED_NO_ACTUALS,False,True
2026-02-10,2026-02-10,2026-02-09T23:00:00,2026-09-23T11:00:08.705981+00:00,21,2026-02-10T20:00:00,Asia/Almaty,turbine_2,1.66425,1.66425,1,1.67875,,11.34,-1.3,1.2157,MOCK_MODE_SYNTHESIS,SYNTHETIC_DEMO,UNVERIFIED_NO_ACTUALS,False,True
2026-02-10,2026-02-10,2026-02-09T23:00:00,2026-09-23T11:00:08.705981+00:00,22,2026-02-10T21:00:00,Asia/Almaty,turbine_2,0.041,0.041,1,0.01275,,4.63,-3.9,1.2247,MOCK_MODE_SYNTHESIS,SYNTHETIC_DEMO,UNVERIFIED_NO_ACTUALS,False,True
2026-02-10,2026-02-10,2026-02-09T23:00:00,2026-09-23T11:00:08.705981+00:00,23,2026-02-10T22:00:00,Asia/Almaty,turbine_2,0.0585,0.0585,1,0.03325,,5.25,-2.9,1.2234,MOCK_MODE_SYNTHESIS,SYNTHETIC_DEMO,UNVERIFIED_NO_ACTUALS,False,True
2026-02-10,2026-02-10,2026-02-09T23:00:00,2026-09-23T11:00:08.705981+00:00,24,2026-02-10T23:00:00,Asia/Almaty,turbine_2,0.41,0.41,1,0.425,,8.24,-6.2,1.2413,MOCK_MODE_SYNTHESIS,SYNTHETIC_DEMO,UNVERIFIED_NO_ACTUALS,False,True
2026-02-11,2026-02-11,2026-02-10T23:00:00,2026-09-23T11:00:08.719945+00:00,1,2026-02-11T00:00:00,Asia/Almaty,turbine_1,0.02275,0.02275,1,0.023,,4.98,-7.0,1.2466,MOCK_MODE_SYNTHESIS,SYNTHETIC_DEMO,UNVERIFIED_NO_ACTUALS,False,True
2026-02-11,2026-02-11,2026-02-10T23:00:00,2026-09-23T11:00:08.719945+00:00,2,2026-02-11T01:00:00,Asia/Almaty,turbine_1,0.20975,0.20975,1,0.22075,,7.2,-8.0,1.2518,MOCK_MODE_SYNTHESIS,SYNTHETIC_DEMO,UNVERIFIED_NO_ACTUALS,False,True
2026-02-11,2026-02-11,2026-02-10T23:00:00,2026-09-23T11:00:08.719945+00:00,3,2026-02-11T02:00:00,Asia/Almaty,turbine_1,0.84,0.84,1,0.88625,,9.67,-9.8,1.2547,MOCK_MODE_SYNTHESIS,SYNTHETIC_DEMO,UNVERIFIED_NO_ACTUALS,False,True
2026-02-11,2026-02-11,2026-02-10T23:00:00,2026-09-23T11:00:08.719945+00:00,4,2026-02-11T03:00:00,Asia/Almaty,turbine_1,0.014,0.014,1,0.009,,4.45,-11.1,1.2575,MOCK_MODE_SYNTHESIS,SYNTHETIC_DEMO,UNVERIFIED_NO_ACTUALS,False,True
2026-02-11,2026-02-11,2026-02-10T23:00:00,2026-09-23T11:00:08.719945+00:00,5,2026-02-11T04:00:00,Asia/Almaty,turbine_1,0.4435,0.4435,1,0.52075,,8.59,-9.2,1.2526,MOCK_MODE_SYNTHESIS,SYNTHETIC_DEMO,UNVERIFIED_NO_ACTUALS,False,True
2026-02-11,2026-02-11,2026-02-10T23:00:00,2026-09-23T11:00:08.719945+00:00,6,2026-02-11T05:00:00,Asia/Almaty,turbine_1,1.2245,1.2245,1,1.369,,10.71,-9.0,1.2548,MOCK_MODE_SYNTHESIS,SYNTHETIC_DEMO,UNVERIFIED_NO_ACTUALS,False,True
2026-02-11,2026-02-11,2026-02-10T23:00:00,2026-09-23T11:00:08.719945+00:00,7,2026-02-11T06:00:00,Asia/Almaty,turbine_1,1.08925,1.08925,1,1.30875,,10.61,-9.4,1.2476,MOCK_MODE_SYNTHESIS,SYNTHETIC_DEMO,UNVERIFIED_NO_ACTUALS,False,True
2026-02-11,2026-02-11,2026-02-10T23:00:00,2026-09-23T11:00:08.719945+00:00,8,2026-02-11T07:00:00,Asia/Almaty,turbine_1,0.0215,0.0215,1,0.037,,5.32,-6.3,1.2414,MOCK_MODE_SYNTHESIS,SYNTHETIC_DEMO,UNVERIFIED_NO_ACTUALS,False,True
2026-02-11,2026-02-11,2026-02-10T23:00:00,2026-09-23T11:00:08.719945+00:00,9,2026-02-11T08:00:00,Asia/Almaty,turbine_1,0.2005,0.2005,1,0.24025,,7.34,-5.5,1.235,MOCK_MODE_SYNTHESIS,SYNTHETIC_DEMO,UNVERIFIED_NO_ACTUALS,False,True
2026-02-11,2026-02-11,2026-02-10T23:00:00,2026-09-23T11:00:08.719945+00:00,10,2026-02-11T09:00:00,Asia/Almaty,turbine_1,1.44825,1.44825,1,1.44025,,10.89,-5.0,1.232,MOCK_MODE_SYNTHESIS,SYNTHETIC_DEMO,UNVERIFIED_NO_ACTUALS,False,True
2026-02-11,2026-02-11,2026-02-10T23:00:00,2026-09-23T11:00:08.719945+00:00,11,2026-02-11T10:00:00,Asia/Almaty,turbine_1,1.07325,1.07325,1,1.1475,,10.28,-7.5,1.2496,MOCK_MODE_SYNTHESIS,SYNTHETIC_DEMO,UNVERIFIED_NO_ACTUALS,False,True
2026-02-11,2026-02-11,2026-02-10T23:00:00,2026-09-23T11:00:08.719945+00:00,12,2026-02-11T11:00:00,Asia/Almaty,turbine_1,2.40425,2.40425,1,2.5,,14.73,-3.9,1.2328,MOCK_MODE_SYNTHESIS,SYNTHETIC_DEMO,UNVERIFIED_NO_ACTUALS,False,True
2026-02-11,2026-02-11,2026-02-10T23:00:00,2026-09-23T11:00:08.719945+00:00,13,2026-02-11T12:00:00,Asia/Almaty,turbine_1,2.4455,2.4455,1,2.5,,17.34,0.3,1.2067,MOCK_MODE_SYNTHESIS,SYNTHETIC_DEMO,UNVERIFIED_NO_ACTUALS,False,True
2026-02-11,2026-02-11,2026-02-10T23:00:00,2026-09-23T11:00:08.719945+00:00,14,2026-02-11T13:00:00,Asia/Almaty,turbine_1,2.43225,2.43225,1,2.5,,15.74,-0.9,1.2231,MOCK_MODE_SYNTHESIS,SYNTHETIC_DEMO,UNVERIFIED_NO_ACTUALS,False,True
2026-02-11,2026-02-11,2026-02-10T23:00:00,2026-09-23T11:00:08.719945+00:00,15,2026-02-11T14:00:00,Asia/Almaty,turbine_1,2.43725,2.43725,1,2.5,,15.87,-1.3,1.2192,MOCK_MODE_SYNTHESIS,SYNTHETIC_DEMO,UNVERIFIED_NO_ACTUALS,False,True
2026-02-11,2026-02-11,2026-02-10T23:00:00,2026-09-23T11:00:08.719945+00:00,16,2026-02-11T15:00:00,Asia/Almaty,turbine_1,2.437,2.437,1,2.5,,19.68,-0.3,1.2134,MOCK_MODE_SYNTHESIS,SYNTHETIC_DEMO,UNVERIFIED_NO_ACTUALS,False,True
2026-02-11,2026-02-11,2026-02-10T23:00:00,2026-09-23T11:00:08.719945+00:00,17,2026-02-11T16:00:00,Asia/Almaty,turbine_1,2.43825,2.43825,1,2.5,,15.79,0.0,1.2097,MOCK_MODE_SYNTHESIS,SYNTHETIC_DEMO,UNVERIFIED_NO_ACTUALS,False,True
2026-02-11,2026-02-11,2026-02-10T23:00:00,2026-09-23T11:00:08.719945+00:00,18,2026-02-11T17:00:00,Asia/Almaty,turbine_1,1.60525,1.60525,1,1.60375,,11.22,0.1,1.2131,MOCK_MODE_SYNTHESIS,SYNTHETIC_DEMO,UNVERIFIED_NO_ACTUALS,False,True
2026-02-11,2026-02-11,2026-02-10T23:00:00,2026-09-23T11:00:08.719945+00:00,19,2026-02-11T18:00:00,Asia/Almaty,turbine_1,2.44825,2.44825,1,2.5,,14.38,1.1,1.2093,MOCK_MODE_SYNTHESIS,SYNTHETIC_DEMO,UNVERIFIED_NO_ACTUALS,False,True
2026-02-11,2026-02-11,2026-02-10T23:00:00,2026-09-23T11:00:08.719945+00:00,20,2026-02-11T19:00:00,Asia/Almaty,turbine_1,2.35425,2.35425,1,2.5,,15.31,-3.9,1.2271,MOCK_MODE_SYNTHESIS,SYNTHETIC_DEMO,UNVERIFIED_NO_ACTUALS,False,True
2026-02-11,2026-02-11,2026-02-10T23:00:00,2026-09-23T11:00:08.719945+00:00,21,2026-02-11T20:00:00,Asia/Almaty,turbine_1,0.063,0.063,1,0.0415,,5.42,-3.3,1.2281,MOCK_MODE_SYNTHESIS,SYNTHETIC_DEMO,UNVERIFIED_NO_ACTUALS,False,True
2026-02-11,2026-02-11,2026-02-10T23:00:00,2026-09-23T11:00:08.719945+00:00,22,2026-02-11T21:00:00,Asia/Almaty,turbine_1,0.737,0.737,1,0.74275,,9.33,-3.8,1.2302,MOCK_MODE_SYNTHESIS,SYNTHETIC_DEMO,UNVERIFIED_NO_ACTUALS,False,True
2026-02-11,2026-02-11,2026-02-10T23:00:00,2026-09-23T11:00:08.719945+00:00,23,2026-02-11T22:00:00,Asia/Almaty,turbine_1,2.251,2.251,1,2.29775,,12.21,-4.9,1.2357,MOCK_MODE_SYNTHESIS,SYNTHETIC_DEMO,UNVERIFIED_NO_ACTUALS,False,True
2026-02-11,2026-02-11,2026-02-10T23:00:00,2026-09-23T11:00:08.719945+00:00,24,2026-02-11T23:00:00,Asia/Almaty,turbine_1,0.12475,0.12475,1,0.13175,,6.54,-6.2,1.2485,MOCK_MODE_SYNTHESIS,SYNTHETIC_DEMO,UNVERIFIED_NO_ACTUALS,False,True
2026-02-11,2026-02-11,2026-02-10T23:00:00,2026-09-23T11:00:08.735851+00:00,1,2026-02-11T00:00:00,Asia/Almaty,turbine_2,0.02275,0.02275,1,0.023,,4.98,-7.0,1.2466,MOCK_MODE_SYNTHESIS,SYNTHETIC_DEMO,UNVERIFIED_NO_ACTUALS,False,True
2026-02-11,2026-02-11,2026-02-10T23:00:00,2026-09-23T11:00:08.735851+00:00,2,2026-02-11T01:00:00,Asia/Almaty,turbine_2,0.20975,0.20975,1,0.22075,,7.2,-8.0,1.2518,MOCK_MODE_SYNTHESIS,SYNTHETIC_DEMO,UNVERIFIED_NO_ACTUALS,False,True
2026-02-11,2026-02-11,2026-02-10T23:00:00,2026-09-23T11:00:08.735851+00:00,3,2026-02-11T02:00:00,Asia/Almaty,turbine_2,0.84,0.84,1,0.88625,,9.67,-9.8,1.2547,MOCK_MODE_SYNTHESIS,SYNTHETIC_DEMO,UNVERIFIED_NO_ACTUALS,False,True
2026-02-11,2026-02-11,2026-02-10T23:00:00,2026-09-23T11:00:08.735851+00:00,4,2026-02-11T03:00:00,Asia/Almaty,turbine_2,0.014,0.014,1,0.009,,4.45,-11.1,1.2575,MOCK_MODE_SYNTHESIS,SYNTHETIC_DEMO,UNVERIFIED_NO_ACTUALS,False,True
2026-02-11,2026-02-11,2026-02-10T23:00:00,2026-09-23T11:00:08.735851+00:00,5,2026-02-11T04:00:00,Asia/Almaty,turbine_2,0.4435,0.4435,1,0.52075,,8.59,-9.2,1.2526,MOCK_MODE_SYNTHESIS,SYNTHETIC_DEMO,UNVERIFIED_NO_ACTUALS,False,True
2026-02-11,2026-02-11,2026-02-10T23:00:00,2026-09-23T11:00:08.735851+00:00,6,2026-02-11T05:00:00,Asia/Almaty,turbine_2,1.2245,1.2245,1,1.369,,10.71,-9.0,1.2548,MOCK_MODE_SYNTHESIS,SYNTHETIC_DEMO,UNVERIFIED_NO_ACTUALS,False,True
2026-02-11,2026-02-11,2026-02-10T23:00:00,2026-09-23T11:00:08.735851+00:00,7,2026-02-11T06:00:00,Asia/Almaty,turbine_2,1.08925,1.08925,1,1.30875,,10.61,-9.4,1.2476,MOCK_MODE_SYNTHESIS,SYNTHETIC_DEMO,UNVERIFIED_NO_ACTUALS,False,True
2026-02-11,2026-02-11,2026-02-10T23:00:00,2026-09-23T11:00:08.735851+00:00,8,2026-02-11T07:00:00,Asia/Almaty,turbine_2,0.0215,0.0215,1,0.037,,5.32,-6.3,1.2414,MOCK_MODE_SYNTHESIS,SYNTHETIC_DEMO,UNVERIFIED_NO_ACTUALS,False,True
2026-02-11,2026-02-11,2026-02-10T23:00:00,2026-09-23T11:00:08.735851+00:00,9,2026-02-11T08:00:00,Asia/Almaty,turbine_2,0.2005,0.2005,1,0.24025,,7.34,-5.5,1.235,MOCK_MODE_SYNTHESIS,SYNTHETIC_DEMO,UNVERIFIED_NO_ACTUALS,False,True
2026-02-11,2026-02-11,2026-02-10T23:00:00,2026-09-23T11:00:08.735851+00:00,10,2026-02-11T09:00:00,Asia/Almaty,turbine_2,1.44825,1.44825,1,1.44025,,10.89,-5.0,1.232,MOCK_MODE_SYNTHESIS,SYNTHETIC_DEMO,UNVERIFIED_NO_ACTUALS,False,True
2026-02-11,2026-02-11,2026-02-10T23:00:00,2026-09-23T11:00:08.735851+00:00,11,2026-02-11T10:00:00,Asia/Almaty,turbine_2,1.07325,1.07325,1,1.1475,,10.28,-7.5,1.2496,MOCK_MODE_SYNTHESIS,SYNTHETIC_DEMO,UNVERIFIED_NO_ACTUALS,False,True
2026-02-11,2026-02-11,2026-02-10T23:00:00,2026-09-23T11:00:08.735851+00:00,12,2026-02-11T11:00:00,Asia/Almaty,turbine_2,2.40425,2.40425,1,2.5,,14.73,-3.9,1.2328,MOCK_MODE_SYNTHESIS,SYNTHETIC_DEMO,UNVERIFIED_NO_ACTUALS,False,True
2026-02-11,2026-02-11,2026-02-10T23:00:00,2026-09-23T11:00:08.735851+00:00,13,2026-02-11T12:00:00,Asia/Almaty,turbine_2,2.4455,2.4455,1,2.5,,17.34,0.3,1.2067,MOCK_MODE_SYNTHESIS,SYNTHETIC_DEMO,UNVERIFIED_NO_ACTUALS,False,True
2026-02-11,2026-02-11,2026-02-10T23:00:00,2026-09-23T11:00:08.735851+00:00,14,2026-02-11T13:00:00,Asia/Almaty,turbine_2,2.43225,2.43225,1,2.5,,15.74,-0.9,1.2231,MOCK_MODE_SYNTHESIS,SYNTHETIC_DEMO,UNVERIFIED_NO_ACTUALS,False,True
2026-02-11,2026-02-11,2026-02-10T23:00:00,2026-09-23T11:00:08.735851+00:00,15,2026-02-11T14:00:00,Asia/Almaty,turbine_2,2.43725,2.43725,1,2.5,,15.87,-1.3,1.2192,MOCK_MODE_SYNTHESIS,SYNTHETIC_DEMO,UNVERIFIED_NO_ACTUALS,False,True
2026-02-11,2026-02-11,2026-02-10T23:00:00,2026-09-23T11:00:08.735851+00:00,16,2026-02-11T15:00:00,Asia/Almaty,turbine_2,2.437,2.437,1,2.5,,19.68,-0.3,1.2134,MOCK_MODE_SYNTHESIS,SYNTHETIC_DEMO,UNVERIFIED_NO_ACTUALS,False,True
2026-02-11,2026-02-11,2026-02-10T23:00:00,2026-09-23T11:00:08.735851+00:00,17,2026-02-11T16:00:00,Asia/Almaty,turbine_2,2.43825,2.43825,1,2.5,,15.79,0.0,1.2097,MOCK_MODE_SYNTHESIS,SYNTHETIC_DEMO,UNVERIFIED_NO_ACTUALS,False,True
2026-02-11,2026-02-11,2026-02-10T23:00:00,2026-09-23T11:00:08.735851+00:00,18,2026-02-11T17:00:00,Asia/Almaty,turbine_2,1.60525,1.60525,1,1.60375,,11.22,0.1,1.2131,MOCK_MODE_SYNTHESIS,SYNTHETIC_DEMO,UNVERIFIED_NO_ACTUALS,False,True
2026-02-11,2026-02-11,2026-02-10T23:00:00,2026-09-23T11:00:08.735851+00:00,19,2026-02-11T18:00:00,Asia/Almaty,turbine_2,2.44825,2.44825,1,2.5,,14.38,1.1,1.2093,MOCK_MODE_SYNTHESIS,SYNTHETIC_DEMO,UNVERIFIED_NO_ACTUALS,False,True
2026-02-11,2026-02-11,2026-02-10T23:00:00,2026-09-23T11:00:08.735851+00:00,20,2026-02-11T19:00:00,Asia/Almaty,turbine_2,2.35425,2.35425,1,2.5,,15.31,-3.9,1.2271,MOCK_MODE_SYNTHESIS,SYNTHETIC_DEMO,UNVERIFIED_NO_ACTUALS,False,True
2026-02-11,2026-02-11,2026-02-10T23:00:00,2026-09-23T11:00:08.735851+00:00,21,2026-02-11T20:00:00,Asia/Almaty,turbine_2,0.063,0.063,1,0.0415,,5.42,-3.3,1.2281,MOCK_MODE_SYNTHESIS,SYNTHETIC_DEMO,UNVERIFIED_NO_ACTUALS,False,True
2026-02-11,2026-02-11,2026-02-10T23:00:00,2026-09-23T11:00:08.735851+00:00,22,2026-02-11T21:00:00,Asia/Almaty,turbine_2,0.737,0.737,1,0.74275,,9.33,-3.8,1.2302,MOCK_MODE_SYNTHESIS,SYNTHETIC_DEMO,UNVERIFIED_NO_ACTUALS,False,True
2026-02-11,2026-02-11,2026-02-10T23:00:00,2026-09-23T11:00:08.735851+00:00,23,2026-02-11T22:00:00,Asia/Almaty,turbine_2,2.251,2.251,1,2.29775,,12.21,-4.9,1.2357,MOCK_MODE_SYNTHESIS,SYNTHETIC_DEMO,UNVERIFIED_NO_ACTUALS,False,True
2026-02-11,2026-02-11,2026-02-10T23:00:00,2026-09-23T11:00:08.735851+00:00,24,2026-02-11T23:00:00,Asia/Almaty,turbine_2,0.12475,0.12475,1,0.13175,,6.54,-6.2,1.2485,MOCK_MODE_SYNTHESIS,SYNTHETIC_DEMO,UNVERIFIED_NO_ACTUALS,False,True
2026-02-12,2026-02-12,2026-02-11T23:00:00,2026-09-23T11:00:08.763351+00:00,1,2026-02-12T00:00:00,Asia/Almaty,turbine_1,0.06925,0.06925,1,0.0465,,5.51,-4.3,1.2339,MOCK_MODE_SYNTHESIS,SYNTHETIC_DEMO,UNVERIFIED_NO_ACTUALS,False,True
2026-02-12,2026-02-12,2026-02-11T23:00:00,2026-09-23T11:00:08.763351+00:00,2,2026-02-12T01:00:00,Asia/Almaty,turbine_1,0.09175,0.09175,1,0.096,,6.2,-6.0,1.2324,MOCK_MODE_SYNTHESIS,SYNTHETIC_DEMO,UNVERIFIED_NO_ACTUALS,False,True
2026-02-12,2026-02-12,2026-02-11T23:00:00,2026-09-23T11:00:08.763351+00:00,3,2026-02-12T02:00:00,Asia/Almaty,turbine_1,0.014,0.014,1,0.0,,3.28,-9.8,1.2557,MOCK_MODE_SYNTHESIS,SYNTHETIC_DEMO,UNVERIFIED_NO_ACTUALS,False,True
2026-02-12,2026-02-12,2026-02-11T23:00:00,2026-09-23T11:00:08.763351+00:00,4,2026-02-12T03:00:00,Asia/Almaty,turbine_1,0.01525,0.01525,1,0.012,,4.59,-8.7,1.2597,MOCK_MODE_SYNTHESIS,SYNTHETIC_DEMO,UNVERIFIED_NO_ACTUALS,False,True
2026-02-12,2026-02-12,2026-02-11T23:00:00,2026-09-23T11:00:08.763351+00:00,5,2026-02-12T04:00:00,Asia/Almaty,turbine_1,0.031,0.031,1,0.07425,,5.91,-12.2,1.2641,MOCK_MODE_SYNTHESIS,SYNTHETIC_DEMO,UNVERIFIED_NO_ACTUALS,False,True
2026-02-12,2026-02-12,2026-02-11T23:00:00,2026-09-23T11:00:08.763351+00:00,6,2026-02-12T05:00:00,Asia/Almaty,turbine_1,0.437,0.437,1,0.5025,,8.54,-6.9,1.2415,MOCK_MODE_SYNTHESIS,SYNTHETIC_DEMO,UNVERIFIED_NO_ACTUALS,False,True
2026-02-12,2026-02-12,2026-02-11T23:00:00,2026-09-23T11:00:08.763351+00:00,7,2026-02-12T06:00:00,Asia/Almaty,turbine_1,0.062,0.062,1,0.0915,,6.13,-10.4,1.2522,MOCK_MODE_SYNTHESIS,SYNTHETIC_DEMO,UNVERIFIED_NO_ACTUALS,False,True
2026-02-12,2026-02-12,2026-02-11T23:00:00,2026-09-23T11:00:08.763351+00:00,8,2026-02-12T07:00:00,Asia/Almaty,turbine_1,0.32175,0.32175,1,0.3635,,7.94,-11.3,1.2667,MOCK_MODE_SYNTHESIS,SYNTHETIC_DEMO,UNVERIFIED_NO_ACTUALS,False,True
2026-02-12,2026-02-12,2026-02-11T23:00:00,2026-09-23T11:00:08.763351+00:00,9,2026-02-12T08:00:00,Asia/Almaty,turbine_1,2.2095,2.2095,1,2.3545,,12.29,-5.6,1.2337,MOCK_MODE_SYNTHESIS,SYNTHETIC_DEMO,UNVERIFIED_NO_ACTUALS,False,True
2026-02-12,2026-02-12,2026-02-11T23:00:00,2026-09-23T11:00:08.763351+00:00,10,2026-02-12T09:00:00,Asia/Almaty,turbine_1,1.227,1.227,1,1.281,,10.58,-6.6,1.2356,MOCK_MODE_SYNTHESIS,SYNTHETIC_DEMO,UNVERIFIED_NO_ACTUALS,False,True
2026-02-12,2026-02-12,2026-02-11T23:00:00,2026-09-23T11:00:08.763351+00:00,11,2026-02-12T10:00:00,Asia/Almaty,turbine_1,2.39725,2.39725,1,2.5,,14.02,-3.8,1.223,MOCK_MODE_SYNTHESIS,SYNTHETIC_DEMO,UNVERIFIED_NO_ACTUALS,False,True
2026-02-12,2026-02-12,2026-02-11T23:00:00,2026-09-23T11:00:08.763351+00:00,12,2026-02-12T11:00:00,Asia/Almaty,turbine_1,2.434,2.434,1,2.5,,15.59,-1.6,1.2181,MOCK_MODE_SYNTHESIS,SYNTHETIC_DEMO,UNVERIFIED_NO_ACTUALS,False,True
2026-02-12,2026-02-12,2026-02-11T23:00:00,2026-09-23T11:00:08.763351+00:00,13,2026-02-12T12:00:00,Asia/Almaty,turbine_1,2.3965,2.3965,1,2.5,,13.65,-1.6,1.2173,MOCK_MODE_SYNTHESIS,SYNTHETIC_DEMO,UNVERIFIED_NO_ACTUALS,False,True
2026-02-12,2026-02-12,2026-02-11T23:00:00,2026-09-23T11:00:08.763351+00:00,14,2026-02-12T13:00:00,Asia/Almaty,turbine_1,0.9745,0.9745,1,1.03175,,10.1,-0.7,1.211,MOCK_MODE_SYNTHESIS,SYNTHETIC_DEMO,UNVERIFIED_NO_ACTUALS,False,True
2026-02-12,2026-02-12,2026-02-11T23:00:00,2026-09-23T11:00:08.763351+00:00,15,2026-02-12T14:00:00,Asia/Almaty,turbine_1,2.44925,2.44925,1,2.5,,13.76,-0.5,1.2144,MOCK_MODE_SYNTHESIS,SYNTHETIC_DEMO,UNVERIFIED_NO_ACTUALS,False,True
2026-02-12,2026-02-12,2026-02-11T23:00:00,2026-09-23T11:00:08.763351+00:00,16,2026-02-12T15:00:00,Asia/Almaty,turbine_1,2.43275,2.43275,1,2.5,,14.98,-0.6,1.2154,MOCK_MODE_SYNTHESIS,SYNTHETIC_DEMO,UNVERIFIED_NO_ACTUALS,False,True
2026-02-12,2026-02-12,2026-02-11T23:00:00,2026-09-23T11:00:08.763351+00:00,17,2026-02-12T16:00:00,Asia/Almaty,turbine_1,1.61725,1.61725,1,1.61225,,11.26,2.4,1.2019,MOCK_MODE_SYNTHESIS,SYNTHETIC_DEMO,UNVERIFIED_NO_ACTUALS,False,True
2026-02-12,2026-02-12,2026-02-11T23:00:00,2026-09-23T11:00:08.763351+00:00,18,2026-02-12T17:00:00,Asia/Almaty,turbine_1,2.4255,2.4255,1,2.5,,16.76,-0.6,1.2105,MOCK_MODE_SYNTHESIS,SYNTHETIC_DEMO,UNVERIFIED_NO_ACTUALS,False,True
2026-02-12,2026-02-12,2026-02-11T23:00:00,2026-09-23T11:00:08.763351+00:00,19,2026-02-12T18:00:00,Asia/Almaty,turbine_1,0.57525,0.57525,1,0.58275,,8.89,2.3,1.1982,MOCK_MODE_SYNTHESIS,SYNTHETIC_DEMO,UNVERIFIED_NO_ACTUALS,False,True
2026-02-12,2026-02-12,2026-02-11T23:00:00,2026-09-23T11:00:08.763351+00:00,20,2026-02-12T19:00:00,Asia/Almaty,turbine_1,0.59375,0.59375,1,0.6035,,8.93,-1.8,1.2159,MOCK_MODE_SYNTHESIS,SYNTHETIC_DEMO,UNVERIFIED_NO_ACTUALS,False,True
2026-02-12,2026-02-12,2026-02-11T23:00:00,2026-09-23T11:00:08.763351+00:00,21,2026-02-12T20:00:00,Asia/Almaty,turbine_1,1.71675,1.71675,1,1.732,,11.43,1.0,1.2147,MOCK_MODE_SYNTHESIS,SYNTHETIC_DEMO,UNVERIFIED_NO_ACTUALS,False,True
2026-02-12,2026-02-12,2026-02-11T23:00:00,2026-09-23T11:00:08.763351+00:00,22,2026-02-12T21:00:00,Asia/Almaty,turbine_1,1.07975,1.07975,1,1.091,,10.2,-2.6,1.228,MOCK_MODE_SYNTHESIS,SYNTHETIC_DEMO,UNVERIFIED_NO_ACTUALS,False,True
2026-02-12,2026-02-12,2026-02-11T23:00:00,2026-09-23T11:00:08.763351+00:00,23,2026-02-12T22:00:00,Asia/Almaty,turbine_1,1.2035,1.2035,1,1.30575,,10.62,-6.0,1.2398,MOCK_MODE_SYNTHESIS,SYNTHETIC_DEMO,UNVERIFIED_NO_ACTUALS,False,True
2026-02-12,2026-02-12,2026-02-11T23:00:00,2026-09-23T11:00:08.763351+00:00,24,2026-02-12T23:00:00,Asia/Almaty,turbine_1,0.20025,0.20025,1,0.2165,,7.18,-6.1,1.2458,MOCK_MODE_SYNTHESIS,SYNTHETIC_DEMO,UNVERIFIED_NO_ACTUALS,False,True
2026-02-12,2026-02-12,2026-02-11T23:00:00,2026-09-23T11:00:08.779877+00:00,1,2026-02-12T00:00:00,Asia/Almaty,turbine_2,0.06925,0.06925,1,0.0465,,5.51,-4.3,1.2339,MOCK_MODE_SYNTHESIS,SYNTHETIC_DEMO,UNVERIFIED_NO_ACTUALS,False,True
2026-02-12,2026-02-12,2026-02-11T23:00:00,2026-09-23T11:00:08.779877+00:00,2,2026-02-12T01:00:00,Asia/Almaty,turbine_2,0.09175,0.09175,1,0.096,,6.2,-6.0,1.2324,MOCK_MODE_SYNTHESIS,SYNTHETIC_DEMO,UNVERIFIED_NO_ACTUALS,False,True
2026-02-12,2026-02-12,2026-02-11T23:00:00,2026-09-23T11:00:08.779877+00:00,3,2026-02-12T02:00:00,Asia/Almaty,turbine_2,0.014,0.014,1,0.0,,3.28,-9.8,1.2557,MOCK_MODE_SYNTHESIS,SYNTHETIC_DEMO,UNVERIFIED_NO_ACTUALS,False,True
2026-02-12,2026-02-12,2026-02-11T23:00:00,2026-09-23T11:00:08.779877+00:00,4,2026-02-12T03:00:00,Asia/Almaty,turbine_2,0.01525,0.01525,1,0.012,,4.59,-8.7,1.2597,MOCK_MODE_SYNTHESIS,SYNTHETIC_DEMO,UNVERIFIED_NO_ACTUALS,False,True
2026-02-12,2026-02-12,2026-02-11T23:00:00,2026-09-23T11:00:08.779877+00:00,5,2026-02-12T04:00:00,Asia/Almaty,turbine_2,0.031,0.031,1,0.07425,,5.91,-12.2,1.2641,MOCK_MODE_SYNTHESIS,SYNTHETIC_DEMO,UNVERIFIED_NO_ACTUALS,False,True
2026-02-12,2026-02-12,2026-02-11T23:00:00,2026-09-23T11:00:08.779877+00:00,6,2026-02-12T05:00:00,Asia/Almaty,turbine_2,0.437,0.437,1,0.5025,,8.54,-6.9,1.2415,MOCK_MODE_SYNTHESIS,SYNTHETIC_DEMO,UNVERIFIED_NO_ACTUALS,False,True
2026-02-12,2026-02-12,2026-02-11T23:00:00,2026-09-23T11:00:08.779877+00:00,7,2026-02-12T06:00:00,Asia/Almaty,turbine_2,0.062,0.062,1,0.0915,,6.13,-10.4,1.2522,MOCK_MODE_SYNTHESIS,SYNTHETIC_DEMO,UNVERIFIED_NO_ACTUALS,False,True
2026-02-12,2026-02-12,2026-02-11T23:00:00,2026-09-23T11:00:08.779877+00:00,8,2026-02-12T07:00:00,Asia/Almaty,turbine_2,0.32175,0.32175,1,0.3635,,7.94,-11.3,1.2667,MOCK_MODE_SYNTHESIS,SYNTHETIC_DEMO,UNVERIFIED_NO_ACTUALS,False,True
2026-02-12,2026-02-12,2026-02-11T23:00:00,2026-09-23T11:00:08.779877+00:00,9,2026-02-12T08:00:00,Asia/Almaty,turbine_2,2.2095,2.2095,1,2.3545,,12.29,-5.6,1.2337,MOCK_MODE_SYNTHESIS,SYNTHETIC_DEMO,UNVERIFIED_NO_ACTUALS,False,True
2026-02-12,2026-02-12,2026-02-11T23:00:00,2026-09-23T11:00:08.779877+00:00,10,2026-02-12T09:00:00,Asia/Almaty,turbine_2,1.227,1.227,1,1.281,,10.58,-6.6,1.2356,MOCK_MODE_SYNTHESIS,SYNTHETIC_DEMO,UNVERIFIED_NO_ACTUALS,False,True
2026-02-12,2026-02-12,2026-02-11T23:00:00,2026-09-23T11:00:08.779877+00:00,11,2026-02-12T10:00:00,Asia/Almaty,turbine_2,2.39725,2.39725,1,2.5,,14.02,-3.8,1.223,MOCK_MODE_SYNTHESIS,SYNTHETIC_DEMO,UNVERIFIED_NO_ACTUALS,False,True
2026-02-12,2026-02-12,2026-02-11T23:00:00,2026-09-23T11:00:08.779877+00:00,12,2026-02-12T11:00:00,Asia/Almaty,turbine_2,2.434,2.434,1,2.5,,15.59,-1.6,1.2181,MOCK_MODE_SYNTHESIS,SYNTHETIC_DEMO,UNVERIFIED_NO_ACTUALS,False,True
2026-02-12,2026-02-12,2026-02-11T23:00:00,2026-09-23T11:00:08.779877+00:00,13,2026-02-12T12:00:00,Asia/Almaty,turbine_2,2.3965,2.3965,1,2.5,,13.65,-1.6,1.2173,MOCK_MODE_SYNTHESIS,SYNTHETIC_DEMO,UNVERIFIED_NO_ACTUALS,False,True
2026-02-12,2026-02-12,2026-02-11T23:00:00,2026-09-23T11:00:08.779877+00:00,14,2026-02-12T13:00:00,Asia/Almaty,turbine_2,0.9745,0.9745,1,1.03175,,10.1,-0.7,1.211,MOCK_MODE_SYNTHESIS,SYNTHETIC_DEMO,UNVERIFIED_NO_ACTUALS,False,True
2026-02-12,2026-02-12,2026-02-11T23:00:00,2026-09-23T11:00:08.779877+00:00,15,2026-02-12T14:00:00,Asia/Almaty,turbine_2,2.44925,2.44925,1,2.5,,13.76,-0.5,1.2144,MOCK_MODE_SYNTHESIS,SYNTHETIC_DEMO,UNVERIFIED_NO_ACTUALS,False,True
2026-02-12,2026-02-12,2026-02-11T23:00:00,2026-09-23T11:00:08.779877+00:00,16,2026-02-12T15:00:00,Asia/Almaty,turbine_2,2.43275,2.43275,1,2.5,,14.98,-0.6,1.2154,MOCK_MODE_SYNTHESIS,SYNTHETIC_DEMO,UNVERIFIED_NO_ACTUALS,False,True
2026-02-12,2026-02-12,2026-02-11T23:00:00,2026-09-23T11:00:08.779877+00:00,17,2026-02-12T16:00:00,Asia/Almaty,turbine_2,1.61725,1.61725,1,1.61225,,11.26,2.4,1.2019,MOCK_MODE_SYNTHESIS,SYNTHETIC_DEMO,UNVERIFIED_NO_ACTUALS,False,True
2026-02-12,2026-02-12,2026-02-11T23:00:00,2026-09-23T11:00:08.779877+00:00,18,2026-02-12T17:00:00,Asia/Almaty,turbine_2,2.4255,2.4255,1,2.5,,16.76,-0.6,1.2105,MOCK_MODE_SYNTHESIS,SYNTHETIC_DEMO,UNVERIFIED_NO_ACTUALS,False,True
2026-02-12,2026-02-12,2026-02-11T23:00:00,2026-09-23T11:00:08.779877+00:00,19,2026-02-12T18:00:00,Asia/Almaty,turbine_2,0.57525,0.57525,1,0.58275,,8.89,2.3,1.1982,MOCK_MODE_SYNTHESIS,SYNTHETIC_DEMO,UNVERIFIED_NO_ACTUALS,False,True
2026-02-12,2026-02-12,2026-02-11T23:00:00,2026-09-23T11:00:08.779877+00:00,20,2026-02-12T19:00:00,Asia/Almaty,turbine_2,0.59375,0.59375,1,0.6035,,8.93,-1.8,1.2159,MOCK_MODE_SYNTHESIS,SYNTHETIC_DEMO,UNVERIFIED_NO_ACTUALS,False,True
2026-02-12,2026-02-12,2026-02-11T23:00:00,2026-09-23T11:00:08.779877+00:00,21,2026-02-12T20:00:00,Asia/Almaty,turbine_2,1.71675,1.71675,1,1.732,,11.43,1.0,1.2147,MOCK_MODE_SYNTHESIS,SYNTHETIC_DEMO,UNVERIFIED_NO_ACTUALS,False,True
2026-02-12,2026-02-12,2026-02-11T23:00:00,2026-09-23T11:00:08.779877+00:00,22,2026-02-12T21:00:00,Asia/Almaty,turbine_2,1.07975,1.07975,1,1.091,,10.2,-2.6,1.228,MOCK_MODE_SYNTHESIS,SYNTHETIC_DEMO,UNVERIFIED_NO_ACTUALS,False,True
2026-02-12,2026-02-12,2026-02-11T23:00:00,2026-09-23T11:00:08.779877+00:00,23,2026-02-12T22:00:00,Asia/Almaty,turbine_2,1.2035,1.2035,1,1.30575,,10.62,-6.0,1.2398,MOCK_MODE_SYNTHESIS,SYNTHETIC_DEMO,UNVERIFIED_NO_ACTUALS,False,True
2026-02-12,2026-02-12,2026-02-11T23:00:00,2026-09-23T11:00:08.779877+00:00,24,2026-02-12T23:00:00,Asia/Almaty,turbine_2,0.20025,0.20025,1,0.2165,,7.18,-6.1,1.2458,MOCK_MODE_SYNTHESIS,SYNTHETIC_DEMO,UNVERIFIED_NO_ACTUALS,False,True
2026-02-13,2026-02-13,2026-02-12T23:00:00,2026-09-23T11:00:08.795782+00:00,1,2026-02-13T00:00:00,Asia/Almaty,turbine_1,0.1765,0.1765,1,0.16775,,6.85,-5.7,1.2356,MOCK_MODE_SYNTHESIS,SYNTHETIC_DEMO,UNVERIFIED_NO_ACTUALS,False,True
2026-02-13,2026-02-13,2026-02-12T23:00:00,2026-09-23T11:00:08.795782+00:00,2,2026-02-13T01:00:00,Asia/Almaty,turbine_1,0.1285,0.1285,1,0.1525,,6.71,-8.9,1.2542,MOCK_MODE_SYNTHESIS,SYNTHETIC_DEMO,UNVERIFIED_NO_ACTUALS,False,True
2026-02-13,2026-02-13,2026-02-12T23:00:00,2026-09-23T11:00:08.795782+00:00,3,2026-02-13T02:00:00,Asia/Almaty,turbine_1,0.0,0.0,1,0.0,,0.84,-10.0,1.2612,MOCK_MODE_SYNTHESIS,SYNTHETIC_DEMO,UNVERIFIED_NO_ACTUALS,False,True
2026-02-13,2026-02-13,2026-02-12T23:00:00,2026-09-23T11:00:08.795782+00:00,4,2026-02-13T03:00:00,Asia/Almaty,turbine_1,0.0695,0.0695,1,0.08375,,6.04,-9.2,1.2535,MOCK_MODE_SYNTHESIS,SYNTHETIC_DEMO,UNVERIFIED_NO_ACTUALS,False,True
2026-02-13,2026-02-13,2026-02-12T23:00:00,2026-09-23T11:00:08.795782+00:00,5,2026-02-13T04:00:00,Asia/Almaty,turbine_1,0.0,0.0,1,0.0,,0.2,-9.7,1.2542,MOCK_MODE_SYNTHESIS,SYNTHETIC_DEMO,UNVERIFIED_NO_ACTUALS,False,True
2026-02-13,2026-02-13,2026-02-12T23:00:00,2026-09-23T11:00:08.795782+00:00,6,2026-02-13T05:00:00,Asia/Almaty,turbine_1,0.43525,0.43525,1,0.4915,,8.48,-9.8,1.2548,MOCK_MODE_SYNTHESIS,SYNTHETIC_DEMO,UNVERIFIED_NO_ACTUALS,False,True
2026-02-13,2026-02-13,2026-02-12T23:00:00,2026-09-23T11:00:08.795782+00:00,7,2026-02-13T06:00:00,Asia/Almaty,turbine_1,0.7715,0.7715,1,0.87975,,9.67,-7.8,1.2455,MOCK_MODE_SYNTHESIS,SYNTHETIC_DEMO,UNVERIFIED_NO_ACTUALS,False,True
2026-02-13,2026-02-13,2026-02-12T23:00:00,2026-09-23T11:00:08.795782+00:00,8,2026-02-13T07:00:00,Asia/Almaty,turbine_1,0.789,0.789,1,0.88025,,9.66,-8.2,1.2517,MOCK_MODE_SYNTHESIS,SYNTHETIC_DEMO,UNVERIFIED_NO_ACTUALS,False,True
2026-02-13,2026-02-13,2026-02-12T23:00:00,2026-09-23T11:00:08.795782+00:00,9,2026-02-13T08:00:00,Asia/Almaty,turbine_1,2.38775,2.38775,1,2.5,,13.22,-4.9,1.237,MOCK_MODE_SYNTHESIS,SYNTHETIC_DEMO,UNVERIFIED_NO_ACTUALS,False,True
2026-02-13,2026-02-13,2026-02-12T23:00:00,2026-09-23T11:00:08.795782+00:00,10,2026-02-13T09:00:00,Asia/Almaty,turbine_1,1.0525,1.0525,1,1.11225,,10.22,-6.6,1.2416,MOCK_MODE_SYNTHESIS,SYNTHETIC_DEMO,UNVERIFIED_NO_ACTUALS,False,True
2026-02-13,2026-02-13,2026-02-12T23:00:00,2026-09-23T11:00:08.795782+00:00,11,2026-02-13T10:00:00,Asia/Almaty,turbine_1,1.141,1.141,1,1.129,,10.3,-1.5,1.2193,MOCK_MODE_SYNTHESIS,SYNTHETIC_DEMO,UNVERIFIED_NO_ACTUALS,False,True
2026-02-13,2026-02-13,2026-02-12T23:00:00,2026-09-23T11:00:08.795782+00:00,12,2026-02-13T11:00:00,Asia/Almaty,turbine_1,0.0925,0.0925,1,0.077,,5.98,-2.4,1.2206,MOCK_MODE_SYNTHESIS,SYNTHETIC_DEMO,UNVERIFIED_NO_ACTUALS,False,True
2026-02-13,2026-02-13,2026-02-12T23:00:00,2026-09-23T11:00:08.795782+00:00,13,2026-02-13T12:00:00,Asia/Almaty,turbine_1,2.3565,2.3565,1,2.5,,16.52,-3.3,1.2205,MOCK_MODE_SYNTHESIS,SYNTHETIC_DEMO,UNVERIFIED_NO_ACTUALS,False,True
2026-02-13,2026-02-13,2026-02-12T23:00:00,2026-09-23T11:00:08.795782+00:00,14,2026-02-13T13:00:00,Asia/Almaty,turbine_1,0.545,0.545,1,0.555,,8.78,-0.3,1.2074,MOCK_MODE_SYNTHESIS,SYNTHETIC_DEMO,UNVERIFIED_NO_ACTUALS,False,True
2026-02-13,2026-02-13,2026-02-12T23:00:00,2026-09-23T11:00:08.795782+00:00,15,2026-02-13T14:00:00,Asia/Almaty,turbine_1,1.32375,1.32375,1,1.3005,,10.68,-0.1,1.206,MOCK_MODE_SYNTHESIS,SYNTHETIC_DEMO,UNVERIFIED_NO_ACTUALS,False,True
2026-02-13,2026-02-13,2026-02-12T23:00:00,2026-09-23T11:00:08.795782+00:00,16,2026-02-13T15:00:00,Asia/Almaty,turbine_1,2.43975,2.43975,1,2.5,,12.75,-0.4,1.2197,MOCK_MODE_SYNTHESIS,SYNTHETIC_DEMO,UNVERIFIED_NO_ACTUALS,False,True
2026-02-13,2026-02-13,2026-02-12T23:00:00,2026-09-23T11:00:08.795782+00:00,17,2026-02-13T16:00:00,Asia/Almaty,turbine_1,1.655,1.655,1,1.6665,,11.29,-3.3,1.2289,MOCK_MODE_SYNTHESIS,SYNTHETIC_DEMO,UNVERIFIED_NO_ACTUALS,False,True
2026-02-13,2026-02-13,2026-02-12T23:00:00,2026-09-23T11:00:08.795782+00:00,18,2026-02-13T17:00:00,Asia/Almaty,turbine_1,2.44475,2.44475,1,2.5,,14.16,1.5,1.1998,MOCK_MODE_SYNTHESIS,SYNTHETIC_DEMO,UNVERIFIED_NO_ACTUALS,False,True
2026-02-13,2026-02-13,2026-02-12T23:00:00,2026-09-23T11:00:08.795782+00:00,19,2026-02-13T18:00:00,Asia/Almaty,turbine_1,0.43525,0.43525,1,0.44875,,8.37,-0.2,1.2177,MOCK_MODE_SYNTHESIS,SYNTHETIC_DEMO,UNVERIFIED_NO_ACTUALS,False,True
2026-02-13,2026-02-13,2026-02-12T23:00:00,2026-09-23T11:00:08.795782+00:00,20,2026-02-13T19:00:00,Asia/Almaty,turbine_1,0.9565,0.9565,1,1.00575,,10.03,-0.5,1.2161,MOCK_MODE_SYNTHESIS,SYNTHETIC_DEMO,UNVERIFIED_NO_ACTUALS,False,True
2026-02-13,2026-02-13,2026-02-12T23:00:00,2026-09-23T11:00:08.795782+00:00,21,2026-02-13T20:00:00,Asia/Almaty,turbine_1,0.7065,0.7065,1,0.70725,,9.24,-1.8,1.223,MOCK_MODE_SYNTHESIS,SYNTHETIC_DEMO,UNVERIFIED_NO_ACTUALS,False,True
2026-02-13,2026-02-13,2026-02-12T23:00:00,2026-09-23T11:00:08.795782+00:00,22,2026-02-13T21:00:00,Asia/Almaty,turbine_1,0.0425,0.0425,1,0.02125,,4.94,-3.0,1.2228,MOCK_MODE_SYNTHESIS,SYNTHETIC_DEMO,UNVERIFIED_NO_ACTUALS,False,True
2026-02-13,2026-02-13,2026-02-12T23:00:00,2026-09-23T11:00:08.795782+00:00,23,2026-02-13T22:00:00,Asia/Almaty,turbine_1,0.04125,0.04125,1,0.01325,,4.66,-3.1,1.2223,MOCK_MODE_SYNTHESIS,SYNTHETIC_DEMO,UNVERIFIED_NO_ACTUALS,False,True
2026-02-13,2026-02-13,2026-02-12T23:00:00,2026-09-23T11:00:08.795782+00:00,24,2026-02-13T23:00:00,Asia/Almaty,turbine_1,0.10725,0.10725,1,0.1225,,6.46,-6.3,1.2419,MOCK_MODE_SYNTHESIS,SYNTHETIC_DEMO,UNVERIFIED_NO_ACTUALS,False,True
2026-02-13,2026-02-13,2026-02-12T23:00:00,2026-09-23T11:00:08.810854+00:00,1,2026-02-13T00:00:00,Asia/Almaty,turbine_2,0.1765,0.1765,1,0.16775,,6.85,-5.7,1.2356,MOCK_MODE_SYNTHESIS,SYNTHETIC_DEMO,UNVERIFIED_NO_ACTUALS,False,True
2026-02-13,2026-02-13,2026-02-12T23:00:00,2026-09-23T11:00:08.810854+00:00,2,2026-02-13T01:00:00,Asia/Almaty,turbine_2,0.1285,0.1285,1,0.1525,,6.71,-8.9,1.2542,MOCK_MODE_SYNTHESIS,SYNTHETIC_DEMO,UNVERIFIED_NO_ACTUALS,False,True
2026-02-13,2026-02-13,2026-02-12T23:00:00,2026-09-23T11:00:08.810854+00:00,3,2026-02-13T02:00:00,Asia/Almaty,turbine_2,0.0,0.0,1,0.0,,0.84,-10.0,1.2612,MOCK_MODE_SYNTHESIS,SYNTHETIC_DEMO,UNVERIFIED_NO_ACTUALS,False,True
2026-02-13,2026-02-13,2026-02-12T23:00:00,2026-09-23T11:00:08.810854+00:00,4,2026-02-13T03:00:00,Asia/Almaty,turbine_2,0.0695,0.0695,1,0.08375,,6.04,-9.2,1.2535,MOCK_MODE_SYNTHESIS,SYNTHETIC_DEMO,UNVERIFIED_NO_ACTUALS,False,True
2026-02-13,2026-02-13,2026-02-12T23:00:00,2026-09-23T11:00:08.810854+00:00,5,2026-02-13T04:00:00,Asia/Almaty,turbine_2,0.0,0.0,1,0.0,,0.2,-9.7,1.2542,MOCK_MODE_SYNTHESIS,SYNTHETIC_DEMO,UNVERIFIED_NO_ACTUALS,False,True
2026-02-13,2026-02-13,2026-02-12T23:00:00,2026-09-23T11:00:08.810854+00:00,6,2026-02-13T05:00:00,Asia/Almaty,turbine_2,0.43525,0.43525,1,0.4915,,8.48,-9.8,1.2548,MOCK_MODE_SYNTHESIS,SYNTHETIC_DEMO,UNVERIFIED_NO_ACTUALS,False,True
2026-02-13,2026-02-13,2026-02-12T23:00:00,2026-09-23T11:00:08.810854+00:00,7,2026-02-13T06:00:00,Asia/Almaty,turbine_2,0.7715,0.7715,1,0.87975,,9.67,-7.8,1.2455,MOCK_MODE_SYNTHESIS,SYNTHETIC_DEMO,UNVERIFIED_NO_ACTUALS,False,True
2026-02-13,2026-02-13,2026-02-12T23:00:00,2026-09-23T11:00:08.810854+00:00,8,2026-02-13T07:00:00,Asia/Almaty,turbine_2,0.789,0.789,1,0.88025,,9.66,-8.2,1.2517,MOCK_MODE_SYNTHESIS,SYNTHETIC_DEMO,UNVERIFIED_NO_ACTUALS,False,True
2026-02-13,2026-02-13,2026-02-12T23:00:00,2026-09-23T11:00:08.810854+00:00,9,2026-02-13T08:00:00,Asia/Almaty,turbine_2,2.38775,2.38775,1,2.5,,13.22,-4.9,1.237,MOCK_MODE_SYNTHESIS,SYNTHETIC_DEMO,UNVERIFIED_NO_ACTUALS,False,True
2026-02-13,2026-02-13,2026-02-12T23:00:00,2026-09-23T11:00:08.810854+00:00,10,2026-02-13T09:00:00,Asia/Almaty,turbine_2,1.0525,1.0525,1,1.11225,,10.22,-6.6,1.2416,MOCK_MODE_SYNTHESIS,SYNTHETIC_DEMO,UNVERIFIED_NO_ACTUALS,False,True
2026-02-13,2026-02-13,2026-02-12T23:00:00,2026-09-23T11:00:08.810854+00:00,11,2026-02-13T10:00:00,Asia/Almaty,turbine_2,1.141,1.141,1,1.129,,10.3,-1.5,1.2193,MOCK_MODE_SYNTHESIS,SYNTHETIC_DEMO,UNVERIFIED_NO_ACTUALS,False,True
2026-02-13,2026-02-13,2026-02-12T23:00:00,2026-09-23T11:00:08.810854+00:00,12,2026-02-13T11:00:00,Asia/Almaty,turbine_2,0.0925,0.0925,1,0.077,,5.98,-2.4,1.2206,MOCK_MODE_SYNTHESIS,SYNTHETIC_DEMO,UNVERIFIED_NO_ACTUALS,False,True
2026-02-13,2026-02-13,2026-02-12T23:00:00,2026-09-23T11:00:08.810854+00:00,13,2026-02-13T12:00:00,Asia/Almaty,turbine_2,2.3565,2.3565,1,2.5,,16.52,-3.3,1.2205,MOCK_MODE_SYNTHESIS,SYNTHETIC_DEMO,UNVERIFIED_NO_ACTUALS,False,True
2026-02-13,2026-02-13,2026-02-12T23:00:00,2026-09-23T11:00:08.810854+00:00,14,2026-02-13T13:00:00,Asia/Almaty,turbine_2,0.545,0.545,1,0.555,,8.78,-0.3,1.2074,MOCK_MODE_SYNTHESIS,SYNTHETIC_DEMO,UNVERIFIED_NO_ACTUALS,False,True
2026-02-13,2026-02-13,2026-02-12T23:00:00,2026-09-23T11:00:08.810854+00:00,15,2026-02-13T14:00:00,Asia/Almaty,turbine_2,1.32375,1.32375,1,1.3005,,10.68,-0.1,1.206,MOCK_MODE_SYNTHESIS,SYNTHETIC_DEMO,UNVERIFIED_NO_ACTUALS,False,True
2026-02-13,2026-02-13,2026-02-12T23:00:00,2026-09-23T11:00:08.810854+00:00,16,2026-02-13T15:00:00,Asia/Almaty,turbine_2,2.43975,2.43975,1,2.5,,12.75,-0.4,1.2197,MOCK_MODE_SYNTHESIS,SYNTHETIC_DEMO,UNVERIFIED_NO_ACTUALS,False,True
2026-02-13,2026-02-13,2026-02-12T23:00:00,2026-09-23T11:00:08.810854+00:00,17,2026-02-13T16:00:00,Asia/Almaty,turbine_2,1.655,1.655,1,1.6665,,11.29,-3.3,1.2289,MOCK_MODE_SYNTHESIS,SYNTHETIC_DEMO,UNVERIFIED_NO_ACTUALS,False,True
2026-02-13,2026-02-13,2026-02-12T23:00:00,2026-09-23T11:00:08.810854+00:00,18,2026-02-13T17:00:00,Asia/Almaty,turbine_2,2.44475,2.44475,1,2.5,,14.16,1.5,1.1998,MOCK_MODE_SYNTHESIS,SYNTHETIC_DEMO,UNVERIFIED_NO_ACTUALS,False,True
2026-02-13,2026-02-13,2026-02-12T23:00:00,2026-09-23T11:00:08.810854+00:00,19,2026-02-13T18:00:00,Asia/Almaty,turbine_2,0.43525,0.43525,1,0.44875,,8.37,-0.2,1.2177,MOCK_MODE_SYNTHESIS,SYNTHETIC_DEMO,UNVERIFIED_NO_ACTUALS,False,True
2026-02-13,2026-02-13,2026-02-12T23:00:00,2026-09-23T11:00:08.810854+00:00,20,2026-02-13T19:00:00,Asia/Almaty,turbine_2,0.9565,0.9565,1,1.00575,,10.03,-0.5,1.2161,MOCK_MODE_SYNTHESIS,SYNTHETIC_DEMO,UNVERIFIED_NO_ACTUALS,False,True
2026-02-13,2026-02-13,2026-02-12T23:00:00,2026-09-23T11:00:08.810854+00:00,21,2026-02-13T20:00:00,Asia/Almaty,turbine_2,0.7065,0.7065,1,0.70725,,9.24,-1.8,1.223,MOCK_MODE_SYNTHESIS,SYNTHETIC_DEMO,UNVERIFIED_NO_ACTUALS,False,True
2026-02-13,2026-02-13,2026-02-12T23:00:00,2026-09-23T11:00:08.810854+00:00,22,2026-02-13T21:00:00,Asia/Almaty,turbine_2,0.0425,0.0425,1,0.02125,,4.94,-3.0,1.2228,MOCK_MODE_SYNTHESIS,SYNTHETIC_DEMO,UNVERIFIED_NO_ACTUALS,False,True
2026-02-13,2026-02-13,2026-02-12T23:00:00,2026-09-23T11:00:08.810854+00:00,23,2026-02-13T22:00:00,Asia/Almaty,turbine_2,0.04125,0.04125,1,0.01325,,4.66,-3.1,1.2223,MOCK_MODE_SYNTHESIS,SYNTHETIC_DEMO,UNVERIFIED_NO_ACTUALS,False,True
2026-02-13,2026-02-13,2026-02-12T23:00:00,2026-09-23T11:00:08.810854+00:00,24,2026-02-13T23:00:00,Asia/Almaty,turbine_2,0.10725,0.10725,1,0.1225,,6.46,-6.3,1.2419,MOCK_MODE_SYNTHESIS,SYNTHETIC_DEMO,UNVERIFIED_NO_ACTUALS,False,True
2026-02-14,2026-02-14,2026-02-13T23:00:00,2026-09-23T11:00:08.826711+00:00,1,2026-02-14T00:00:00,Asia/Almaty,turbine_1,0.0,0.0,1,0.0,,2.68,-6.3,1.2348,MOCK_MODE_SYNTHESIS,SYNTHETIC_DEMO,UNVERIFIED_NO_ACTUALS,False,True
2026-02-14,2026-02-14,2026-02-13T23:00:00,2026-09-23T11:00:08.826711+00:00,2,2026-02-14T01:00:00,Asia/Almaty,turbine_1,0.23225,0.23225,1,0.26875,,7.49,-9.2,1.2472,MOCK_MODE_SYNTHESIS,SYNTHETIC_DEMO,UNVERIFIED_NO_ACTUALS,False,True
2026-02-14,2026-02-14,2026-02-13T23:00:00,2026-09-23T11:00:08.826711+00:00,3,2026-02-14T02:00:00,Asia/Almaty,turbine_1,1.80625,1.80625,1,1.96075,,11.67,-11.1,1.264,MOCK_MODE_SYNTHESIS,SYNTHETIC_DEMO,UNVERIFIED_NO_ACTUALS,False,True
2026-02-14,2026-02-14,2026-02-13T23:00:00,2026-09-23T11:00:08.826711+00:00,4,2026-02-14T03:00:00,Asia/Almaty,turbine_1,0.014,0.014,1,0.00025,,3.44,-7.4,1.2503,MOCK_MODE_SYNTHESIS,SYNTHETIC_DEMO,UNVERIFIED_NO_ACTUALS,False,True
2026-02-14,2026-02-14,2026-02-13T23:00:00,2026-09-23T11:00:08.826711+00:00,5,2026-02-14T04:00:00,Asia/Almaty,turbine_1,0.0,0.0,1,0.0,,1.79,-10.5,1.2591,MOCK_MODE_SYNTHESIS,SYNTHETIC_DEMO,UNVERIFIED_NO_ACTUALS,False,True
2026-02-14,2026-02-14,2026-02-13T23:00:00,2026-09-23T11:00:08.826711+00:00,6,2026-02-14T05:00:00,Asia/Almaty,turbine_1,2.35875,2.35875,1,2.5,,13.75,-9.7,1.2533,MOCK_MODE_SYNTHESIS,SYNTHETIC_DEMO,UNVERIFIED_NO_ACTUALS,False,True
2026-02-14,2026-02-14,2026-02-13T23:00:00,2026-09-23T11:00:08.826711+00:00,7,2026-02-14T06:00:00,Asia/Almaty,turbine_1,0.44125,0.44125,1,0.5125,,8.55,-9.0,1.2593,MOCK_MODE_SYNTHESIS,SYNTHETIC_DEMO,UNVERIFIED_NO_ACTUALS,False,True
2026-02-14,2026-02-14,2026-02-13T23:00:00,2026-09-23T11:00:08.826711+00:00,8,2026-02-14T07:00:00,Asia/Almaty,turbine_1,0.98125,0.98125,1,1.07775,,10.11,-8.6,1.2598,MOCK_MODE_SYNTHESIS,SYNTHETIC_DEMO,UNVERIFIED_NO_ACTUALS,False,True
2026-02-14,2026-02-14,2026-02-13T23:00:00,2026-09-23T11:00:08.826711+00:00,9,2026-02-14T08:00:00,Asia/Almaty,turbine_1,1.86275,1.86275,1,1.951,,11.71,-7.5,1.2404,MOCK_MODE_SYNTHESIS,SYNTHETIC_DEMO,UNVERIFIED_NO_ACTUALS,False,True
2026-02-14,2026-02-14,2026-02-13T23:00:00,2026-09-23T11:00:08.826711+00:00,10,2026-02-14T09:00:00,Asia/Almaty,turbine_1,1.10775,1.10775,1,1.15325,,10.33,-5.5,1.2301,MOCK_MODE_SYNTHESIS,SYNTHETIC_DEMO,UNVERIFIED_NO_ACTUALS,False,True
2026-02-14,2026-02-14,2026-02-13T23:00:00,2026-09-23T11:00:08.826711+00:00,11,2026-02-14T10:00:00,Asia/Almaty,turbine_1,1.38425,1.38425,1,1.3875,,10.79,-4.2,1.2331,MOCK_MODE_SYNTHESIS,SYNTHETIC_DEMO,UNVERIFIED_NO_ACTUALS,False,True
2026-02-14,2026-02-14,2026-02-13T23:00:00,2026-09-23T11:00:08.826711+00:00,12,2026-02-14T11:00:00,Asia/Almaty,turbine_1,2.34475,2.34475,1,2.5,,13.75,-7.0,1.2441,MOCK_MODE_SYNTHESIS,SYNTHETIC_DEMO,UNVERIFIED_NO_ACTUALS,False,True
2026-02-14,2026-02-14,2026-02-13T23:00:00,2026-09-23T11:00:08.826711+00:00,13,2026-02-14T12:00:00,Asia/Almaty,turbine_1,1.65875,1.65875,1,1.68375,,11.32,-2.9,1.2282,MOCK_MODE_SYNTHESIS,SYNTHETIC_DEMO,UNVERIFIED_NO_ACTUALS,False,True
2026-02-14,2026-02-14,2026-02-13T23:00:00,2026-09-23T11:00:08.826711+00:00,14,2026-02-14T13:00:00,Asia/Almaty,turbine_1,2.42575,2.42575,1,2.5,,12.79,-1.3,1.223,MOCK_MODE_SYNTHESIS,SYNTHETIC_DEMO,UNVERIFIED_NO_ACTUALS,False,True
2026-02-14,2026-02-14,2026-02-13T23:00:00,2026-09-23T11:00:08.826711+00:00,15,2026-02-14T14:00:00,Asia/Almaty,turbine_1,2.449,2.449,1,2.5,,15.38,1.9,1.1983,MOCK_MODE_SYNTHESIS,SYNTHETIC_DEMO,UNVERIFIED_NO_ACTUALS,False,True
2026-02-14,2026-02-14,2026-02-13T23:00:00,2026-09-23T11:00:08.826711+00:00,16,2026-02-14T15:00:00,Asia/Almaty,turbine_1,2.381,2.381,1,2.5,,15.01,-2.7,1.2237,MOCK_MODE_SYNTHESIS,SYNTHETIC_DEMO,UNVERIFIED_NO_ACTUALS,False,True
2026-02-14,2026-02-14,2026-02-13T23:00:00,2026-09-23T11:00:08.826711+00:00,17,2026-02-14T16:00:00,Asia/Almaty,turbine_1,2.4465,2.4465,1,2.5,,16.1,1.7,1.2003,MOCK_MODE_SYNTHESIS,SYNTHETIC_DEMO,UNVERIFIED_NO_ACTUALS,False,True
2026-02-14,2026-02-14,2026-02-13T23:00:00,2026-09-23T11:00:08.826711+00:00,18,2026-02-14T17:00:00,Asia/Almaty,turbine_1,2.38525,2.38525,1,2.5,,13.09,2.5,1.2017,MOCK_MODE_SYNTHESIS,SYNTHETIC_DEMO,UNVERIFIED_NO_ACTUALS,False,True
2026-02-14,2026-02-14,2026-02-13T23:00:00,2026-09-23T11:00:08.826711+00:00,19,2026-02-14T18:00:00,Asia/Almaty,turbine_1,2.42025,2.42025,1,2.5,,13.18,-1.1,1.214,MOCK_MODE_SYNTHESIS,SYNTHETIC_DEMO,UNVERIFIED_NO_ACTUALS,False,True
2026-02-14,2026-02-14,2026-02-13T23:00:00,2026-09-23T11:00:08.826711+00:00,20,2026-02-14T19:00:00,Asia/Almaty,turbine_1,2.43525,2.43525,1,2.5,,20.22,-0.1,1.2153,MOCK_MODE_SYNTHESIS,SYNTHETIC_DEMO,UNVERIFIED_NO_ACTUALS,False,True
2026-02-14,2026-02-14,2026-02-13T23:00:00,2026-09-23T11:00:08.826711+00:00,21,2026-02-14T20:00:00,Asia/Almaty,turbine_1,1.15975,1.15975,1,1.181,,10.42,-0.7,1.2144,MOCK_MODE_SYNTHESIS,SYNTHETIC_DEMO,UNVERIFIED_NO_ACTUALS,False,True
2026-02-14,2026-02-14,2026-02-13T23:00:00,2026-09-23T11:00:08.826711+00:00,22,2026-02-14T21:00:00,Asia/Almaty,turbine_1,0.0375,0.0375,1,0.00425,,4.14,-3.5,1.2304,MOCK_MODE_SYNTHESIS,SYNTHETIC_DEMO,UNVERIFIED_NO_ACTUALS,False,True
2026-02-14,2026-02-14,2026-02-13T23:00:00,2026-09-23T11:00:08.826711+00:00,23,2026-02-14T22:00:00,Asia/Almaty,turbine_1,0.04275,0.04275,1,0.01625,,4.77,-3.9,1.2296,MOCK_MODE_SYNTHESIS,SYNTHETIC_DEMO,UNVERIFIED_NO_ACTUALS,False,True
2026-02-14,2026-02-14,2026-02-13T23:00:00,2026-09-23T11:00:08.826711+00:00,24,2026-02-14T23:00:00,Asia/Almaty,turbine_1,0.47125,0.47125,1,0.49225,,8.5,-7.2,1.2432,MOCK_MODE_SYNTHESIS,SYNTHETIC_DEMO,UNVERIFIED_NO_ACTUALS,False,True
2026-02-14,2026-02-14,2026-02-13T23:00:00,2026-09-23T11:00:08.840961+00:00,1,2026-02-14T00:00:00,Asia/Almaty,turbine_2,0.0,0.0,1,0.0,,2.68,-6.3,1.2348,MOCK_MODE_SYNTHESIS,SYNTHETIC_DEMO,UNVERIFIED_NO_ACTUALS,False,True
2026-02-14,2026-02-14,2026-02-13T23:00:00,2026-09-23T11:00:08.840961+00:00,2,2026-02-14T01:00:00,Asia/Almaty,turbine_2,0.23225,0.23225,1,0.26875,,7.49,-9.2,1.2472,MOCK_MODE_SYNTHESIS,SYNTHETIC_DEMO,UNVERIFIED_NO_ACTUALS,False,True
2026-02-14,2026-02-14,2026-02-13T23:00:00,2026-09-23T11:00:08.840961+00:00,3,2026-02-14T02:00:00,Asia/Almaty,turbine_2,1.80625,1.80625,1,1.96075,,11.67,-11.1,1.264,MOCK_MODE_SYNTHESIS,SYNTHETIC_DEMO,UNVERIFIED_NO_ACTUALS,False,True
2026-02-14,2026-02-14,2026-02-13T23:00:00,2026-09-23T11:00:08.840961+00:00,4,2026-02-14T03:00:00,Asia/Almaty,turbine_2,0.014,0.014,1,0.00025,,3.44,-7.4,1.2503,MOCK_MODE_SYNTHESIS,SYNTHETIC_DEMO,UNVERIFIED_NO_ACTUALS,False,True
2026-02-14,2026-02-14,2026-02-13T23:00:00,2026-09-23T11:00:08.840961+00:00,5,2026-02-14T04:00:00,Asia/Almaty,turbine_2,0.0,0.0,1,0.0,,1.79,-10.5,1.2591,MOCK_MODE_SYNTHESIS,SYNTHETIC_DEMO,UNVERIFIED_NO_ACTUALS,False,True
2026-02-14,2026-02-14,2026-02-13T23:00:00,2026-09-23T11:00:08.840961+00:00,6,2026-02-14T05:00:00,Asia/Almaty,turbine_2,2.35875,2.35875,1,2.5,,13.75,-9.7,1.2533,MOCK_MODE_SYNTHESIS,SYNTHETIC_DEMO,UNVERIFIED_NO_ACTUALS,False,True
2026-02-14,2026-02-14,2026-02-13T23:00:00,2026-09-23T11:00:08.840961+00:00,7,2026-02-14T06:00:00,Asia/Almaty,turbine_2,0.44125,0.44125,1,0.5125,,8.55,-9.0,1.2593,MOCK_MODE_SYNTHESIS,SYNTHETIC_DEMO,UNVERIFIED_NO_ACTUALS,False,True
2026-02-14,2026-02-14,2026-02-13T23:00:00,2026-09-23T11:00:08.840961+00:00,8,2026-02-14T07:00:00,Asia/Almaty,turbine_2,0.98125,0.98125,1,1.07775,,10.11,-8.6,1.2598,MOCK_MODE_SYNTHESIS,SYNTHETIC_DEMO,UNVERIFIED_NO_ACTUALS,False,True
2026-02-14,2026-02-14,2026-02-13T23:00:00,2026-09-23T11:00:08.840961+00:00,9,2026-02-14T08:00:00,Asia/Almaty,turbine_2,1.86275,1.86275,1,1.951,,11.71,-7.5,1.2404,MOCK_MODE_SYNTHESIS,SYNTHETIC_DEMO,UNVERIFIED_NO_ACTUALS,False,True
2026-02-14,2026-02-14,2026-02-13T23:00:00,2026-09-23T11:00:08.840961+00:00,10,2026-02-14T09:00:00,Asia/Almaty,turbine_2,1.10775,1.10775,1,1.15325,,10.33,-5.5,1.2301,MOCK_MODE_SYNTHESIS,SYNTHETIC_DEMO,UNVERIFIED_NO_ACTUALS,False,True
2026-02-14,2026-02-14,2026-02-13T23:00:00,2026-09-23T11:00:08.840961+00:00,11,2026-02-14T10:00:00,Asia/Almaty,turbine_2,1.38425,1.38425,1,1.3875,,10.79,-4.2,1.2331,MOCK_MODE_SYNTHESIS,SYNTHETIC_DEMO,UNVERIFIED_NO_ACTUALS,False,True
2026-02-14,2026-02-14,2026-02-13T23:00:00,2026-09-23T11:00:08.840961+00:00,12,2026-02-14T11:00:00,Asia/Almaty,turbine_2,2.34475,2.34475,1,2.5,,13.75,-7.0,1.2441,MOCK_MODE_SYNTHESIS,SYNTHETIC_DEMO,UNVERIFIED_NO_ACTUALS,False,True
2026-02-14,2026-02-14,2026-02-13T23:00:00,2026-09-23T11:00:08.840961+00:00,13,2026-02-14T12:00:00,Asia/Almaty,turbine_2,1.65875,1.65875,1,1.68375,,11.32,-2.9,1.2282,MOCK_MODE_SYNTHESIS,SYNTHETIC_DEMO,UNVERIFIED_NO_ACTUALS,False,True
2026-02-14,2026-02-14,2026-02-13T23:00:00,2026-09-23T11:00:08.840961+00:00,14,2026-02-14T13:00:00,Asia/Almaty,turbine_2,2.42575,2.42575,1,2.5,,12.79,-1.3,1.223,MOCK_MODE_SYNTHESIS,SYNTHETIC_DEMO,UNVERIFIED_NO_ACTUALS,False,True
2026-02-14,2026-02-14,2026-02-13T23:00:00,2026-09-23T11:00:08.840961+00:00,15,2026-02-14T14:00:00,Asia/Almaty,turbine_2,2.449,2.449,1,2.5,,15.38,1.9,1.1983,MOCK_MODE_SYNTHESIS,SYNTHETIC_DEMO,UNVERIFIED_NO_ACTUALS,False,True
2026-02-14,2026-02-14,2026-02-13T23:00:00,2026-09-23T11:00:08.840961+00:00,16,2026-02-14T15:00:00,Asia/Almaty,turbine_2,2.381,2.381,1,2.5,,15.01,-2.7,1.2237,MOCK_MODE_SYNTHESIS,SYNTHETIC_DEMO,UNVERIFIED_NO_ACTUALS,False,True
2026-02-14,2026-02-14,2026-02-13T23:00:00,2026-09-23T11:00:08.840961+00:00,17,2026-02-14T16:00:00,Asia/Almaty,turbine_2,2.4465,2.4465,1,2.5,,16.1,1.7,1.2003,MOCK_MODE_SYNTHESIS,SYNTHETIC_DEMO,UNVERIFIED_NO_ACTUALS,False,True
2026-02-14,2026-02-14,2026-02-13T23:00:00,2026-09-23T11:00:08.840961+00:00,18,2026-02-14T17:00:00,Asia/Almaty,turbine_2,2.38525,2.38525,1,2.5,,13.09,2.5,1.2017,MOCK_MODE_SYNTHESIS,SYNTHETIC_DEMO,UNVERIFIED_NO_ACTUALS,False,True
2026-02-14,2026-02-14,2026-02-13T23:00:00,2026-09-23T11:00:08.840961+00:00,19,2026-02-14T18:00:00,Asia/Almaty,turbine_2,2.42025,2.42025,1,2.5,,13.18,-1.1,1.214,MOCK_MODE_SYNTHESIS,SYNTHETIC_DEMO,UNVERIFIED_NO_ACTUALS,False,True
2026-02-14,2026-02-14,2026-02-13T23:00:00,2026-09-23T11:00:08.840961+00:00,20,2026-02-14T19:00:00,Asia/Almaty,turbine_2,2.43525,2.43525,1,2.5,,20.22,-0.1,1.2153,MOCK_MODE_SYNTHESIS,SYNTHETIC_DEMO,UNVERIFIED_NO_ACTUALS,False,True
2026-02-14,2026-02-14,2026-02-13T23:00:00,2026-09-23T11:00:08.840961+00:00,21,2026-02-14T20:00:00,Asia/Almaty,turbine_2,1.15975,1.15975,1,1.181,,10.42,-0.7,1.2144,MOCK_MODE_SYNTHESIS,SYNTHETIC_DEMO,UNVERIFIED_NO_ACTUALS,False,True
2026-02-14,2026-02-14,2026-02-13T23:00:00,2026-09-23T11:00:08.840961+00:00,22,2026-02-14T21:00:00,Asia/Almaty,turbine_2,0.0375,0.0375,1,0.00425,,4.14,-3.5,1.2304,MOCK_MODE_SYNTHESIS,SYNTHETIC_DEMO,UNVERIFIED_NO_ACTUALS,False,True
2026-02-14,2026-02-14,2026-02-13T23:00:00,2026-09-23T11:00:08.840961+00:00,23,2026-02-14T22:00:00,Asia/Almaty,turbine_2,0.04275,0.04275,1,0.01625,,4.77,-3.9,1.2296,MOCK_MODE_SYNTHESIS,SYNTHETIC_DEMO,UNVERIFIED_NO_ACTUALS,False,True
2026-02-14,2026-02-14,2026-02-13T23:00:00,2026-09-23T11:00:08.840961+00:00,24,2026-02-14T23:00:00,Asia/Almaty,turbine_2,0.47125,0.47125,1,0.49225,,8.5,-7.2,1.2432,MOCK_MODE_SYNTHESIS,SYNTHETIC_DEMO,UNVERIFIED_NO_ACTUALS,False,True
2026-02-15,2026-02-15,2026-02-14T23:00:00,2026-09-23T11:00:08.854739+00:00,1,2026-02-15T00:00:00,Asia/Almaty,turbine_1,0.596,0.596,1,0.594,,8.88,-5.9,1.2276,MOCK_MODE_SYNTHESIS,SYNTHETIC_DEMO,UNVERIFIED_NO_ACTUALS,False,True
2026-02-15,2026-02-15,2026-02-14T23:00:00,2026-09-23T11:00:08.854739+00:00,2,2026-02-15T01:00:00,Asia/Almaty,turbine_1,0.3685,0.3685,1,0.36675,,8.0,-4.6,1.2326,MOCK_MODE_SYNTHESIS,SYNTHETIC_DEMO,UNVERIFIED_NO_ACTUALS,False,True
2026-02-15,2026-02-15,2026-02-14T23:00:00,2026-09-23T11:00:08.854739+00:00,3,2026-02-15T02:00:00,Asia/Almaty,turbine_1,0.2015,0.2015,1,0.2245,,7.22,-9.2,1.2546,MOCK_MODE_SYNTHESIS,SYNTHETIC_DEMO,UNVERIFIED_NO_ACTUALS,False,True
2026-02-15,2026-02-15,2026-02-14T23:00:00,2026-09-23T11:00:08.854739+00:00,4,2026-02-15T03:00:00,Asia/Almaty,turbine_1,0.0,0.0,1,0.0,,1.82,-7.0,1.244,MOCK_MODE_SYNTHESIS,SYNTHETIC_DEMO,UNVERIFIED_NO_ACTUALS,False,True
2026-02-15,2026-02-15,2026-02-14T23:00:00,2026-09-23T11:00:08.854739+00:00,5,2026-02-15T04:00:00,Asia/Almaty,turbine_1,0.0,0.0,1,0.00475,,4.16,-8.4,1.2495,MOCK_MODE_SYNTHESIS,SYNTHETIC_DEMO,UNVERIFIED_NO_ACTUALS,False,True
2026-02-15,2026-02-15,2026-02-14T23:00:00,2026-09-23T11:00:08.854739+00:00,6,2026-02-15T05:00:00,Asia/Almaty,turbine_1,0.10625,0.10625,1,0.1495,,6.69,-9.9,1.2511,MOCK_MODE_SYNTHESIS,SYNTHETIC_DEMO,UNVERIFIED_NO_ACTUALS,False,True
2026-02-15,2026-02-15,2026-02-14T23:00:00,2026-09-23T11:00:08.854739+00:00,7,2026-02-15T06:00:00,Asia/Almaty,turbine_1,0.0,0.0,1,0.0005,,3.53,-8.4,1.2484,MOCK_MODE_SYNTHESIS,SYNTHETIC_DEMO,UNVERIFIED_NO_ACTUALS,False,True
2026-02-15,2026-02-15,2026-02-14T23:00:00,2026-09-23T11:00:08.854739+00:00,8,2026-02-15T07:00:00,Asia/Almaty,turbine_1,1.3335,1.3335,1,1.46,,10.9,-7.2,1.2441,MOCK_MODE_SYNTHESIS,SYNTHETIC_DEMO,UNVERIFIED_NO_ACTUALS,False,True
2026-02-15,2026-02-15,2026-02-14T23:00:00,2026-09-23T11:00:08.854739+00:00,9,2026-02-15T08:00:00,Asia/Almaty,turbine_1,1.23825,1.23825,1,1.3435,,10.7,-5.2,1.2363,MOCK_MODE_SYNTHESIS,SYNTHETIC_DEMO,UNVERIFIED_NO_ACTUALS,False,True
2026-02-15,2026-02-15,2026-02-14T23:00:00,2026-09-23T11:00:08.854739+00:00,10,2026-02-15T09:00:00,Asia/Almaty,turbine_1,0.35375,0.35375,1,0.3685,,8.0,-6.0,1.2387,MOCK_MODE_SYNTHESIS,SYNTHETIC_DEMO,UNVERIFIED_NO_ACTUALS,False,True
2026-02-15,2026-02-15,2026-02-14T23:00:00,2026-09-23T11:00:08.854739+00:00,11,2026-02-15T10:00:00,Asia/Almaty,turbine_1,1.56575,1.56575,1,1.574,,11.17,-0.5,1.2125,MOCK_MODE_SYNTHESIS,SYNTHETIC_DEMO,UNVERIFIED_NO_ACTUALS,False,True
2026-02-15,2026-02-15,2026-02-14T23:00:00,2026-09-23T11:00:08.854739+00:00,12,2026-02-15T11:00:00,Asia/Almaty,turbine_1,0.84725,0.84725,1,0.8695,,9.69,-1.9,1.2201,MOCK_MODE_SYNTHESIS,SYNTHETIC_DEMO,UNVERIFIED_NO_ACTUALS,False,True
2026-02-15,2026-02-15,2026-02-14T23:00:00,2026-09-23T11:00:08.854739+00:00,13,2026-02-15T12:00:00,Asia/Almaty,turbine_1,2.35275,2.35275,1,2.5,,16.67,-3.3,1.2263,MOCK_MODE_SYNTHESIS,SYNTHETIC_DEMO,UNVERIFIED_NO_ACTUALS,False,True
2026-02-15,2026-02-15,2026-02-14T23:00:00,2026-09-23T11:00:08.854739+00:00,14,2026-02-15T13:00:00,Asia/Almaty,turbine_1,2.42425,2.42425,1,2.5,,17.62,0.8,1.205,MOCK_MODE_SYNTHESIS,SYNTHETIC_DEMO,UNVERIFIED_NO_ACTUALS,False,True
2026-02-15,2026-02-15,2026-02-14T23:00:00,2026-09-23T11:00:08.854739+00:00,15,2026-02-15T14:00:00,Asia/Almaty,turbine_1,2.43575,2.43575,1,2.5,,16.04,-0.5,1.2093,MOCK_MODE_SYNTHESIS,SYNTHETIC_DEMO,UNVERIFIED_NO_ACTUALS,False,True
2026-02-15,2026-02-15,2026-02-14T23:00:00,2026-09-23T11:00:08.854739+00:00,16,2026-02-15T15:00:00,Asia/Almaty,turbine_1,2.42,2.42,1,2.5,,13.45,-0.0,1.2097,MOCK_MODE_SYNTHESIS,SYNTHETIC_DEMO,UNVERIFIED_NO_ACTUALS,False,True
2026-02-15,2026-02-15,2026-02-14T23:00:00,2026-09-23T11:00:08.854739+00:00,17,2026-02-15T16:00:00,Asia/Almaty,turbine_1,1.61475,1.61475,1,1.604,,11.25,2.0,1.2,MOCK_MODE_SYNTHESIS,SYNTHETIC_DEMO,UNVERIFIED_NO_ACTUALS,False,True
2026-02-15,2026-02-15,2026-02-14T23:00:00,2026-09-23T11:00:08.854739+00:00,18,2026-02-15T17:00:00,Asia/Almaty,turbine_1,0.2335,0.2335,1,0.22625,,7.3,2.8,1.1952,MOCK_MODE_SYNTHESIS,SYNTHETIC_DEMO,UNVERIFIED_NO_ACTUALS,False,True
2026-02-15,2026-02-15,2026-02-14T23:00:00,2026-09-23T11:00:08.854739+00:00,19,2026-02-15T18:00:00,Asia/Almaty,turbine_1,2.463,2.463,1,2.5,,13.04,1.0,1.2059,MOCK_MODE_SYNTHESIS,SYNTHETIC_DEMO,UNVERIFIED_NO_ACTUALS,False,True
2026-02-15,2026-02-15,2026-02-14T23:00:00,2026-09-23T11:00:08.854739+00:00,20,2026-02-15T19:00:00,Asia/Almaty,turbine_1,0.817,0.817,1,0.84275,,9.61,-2.2,1.226,MOCK_MODE_SYNTHESIS,SYNTHETIC_DEMO,UNVERIFIED_NO_ACTUALS,False,True
2026-02-15,2026-02-15,2026-02-14T23:00:00,2026-09-23T11:00:08.854739+00:00,21,2026-02-15T20:00:00,Asia/Almaty,turbine_1,0.5635,0.5635,1,0.571,,8.81,-1.6,1.223,MOCK_MODE_SYNTHESIS,SYNTHETIC_DEMO,UNVERIFIED_NO_ACTUALS,False,True
2026-02-15,2026-02-15,2026-02-14T23:00:00,2026-09-23T11:00:08.854739+00:00,22,2026-02-15T21:00:00,Asia/Almaty,turbine_1,0.332,0.332,1,0.32425,,7.81,-2.2,1.2242,MOCK_MODE_SYNTHESIS,SYNTHETIC_DEMO,UNVERIFIED_NO_ACTUALS,False,True
2026-02-15,2026-02-15,2026-02-14T23:00:00,2026-09-23T11:00:08.854739+00:00,23,2026-02-15T22:00:00,Asia/Almaty,turbine_1,0.18875,0.18875,1,0.201,,7.09,-3.2,1.2341,MOCK_MODE_SYNTHESIS,SYNTHETIC_DEMO,UNVERIFIED_NO_ACTUALS,False,True
2026-02-15,2026-02-15,2026-02-14T23:00:00,2026-09-23T11:00:08.854739+00:00,24,2026-02-15T23:00:00,Asia/Almaty,turbine_1,0.22975,0.22975,1,0.26125,,7.45,-7.7,1.2459,MOCK_MODE_SYNTHESIS,SYNTHETIC_DEMO,UNVERIFIED_NO_ACTUALS,False,True
2026-02-15,2026-02-15,2026-02-14T23:00:00,2026-09-23T11:00:08.869030+00:00,1,2026-02-15T00:00:00,Asia/Almaty,turbine_2,0.596,0.596,1,0.594,,8.88,-5.9,1.2276,MOCK_MODE_SYNTHESIS,SYNTHETIC_DEMO,UNVERIFIED_NO_ACTUALS,False,True
2026-02-15,2026-02-15,2026-02-14T23:00:00,2026-09-23T11:00:08.869030+00:00,2,2026-02-15T01:00:00,Asia/Almaty,turbine_2,0.3685,0.3685,1,0.36675,,8.0,-4.6,1.2326,MOCK_MODE_SYNTHESIS,SYNTHETIC_DEMO,UNVERIFIED_NO_ACTUALS,False,True
2026-02-15,2026-02-15,2026-02-14T23:00:00,2026-09-23T11:00:08.869030+00:00,3,2026-02-15T02:00:00,Asia/Almaty,turbine_2,0.2015,0.2015,1,0.2245,,7.22,-9.2,1.2546,MOCK_MODE_SYNTHESIS,SYNTHETIC_DEMO,UNVERIFIED_NO_ACTUALS,False,True
2026-02-15,2026-02-15,2026-02-14T23:00:00,2026-09-23T11:00:08.869030+00:00,4,2026-02-15T03:00:00,Asia/Almaty,turbine_2,0.0,0.0,1,0.0,,1.82,-7.0,1.244,MOCK_MODE_SYNTHESIS,SYNTHETIC_DEMO,UNVERIFIED_NO_ACTUALS,False,True
2026-02-15,2026-02-15,2026-02-14T23:00:00,2026-09-23T11:00:08.869030+00:00,5,2026-02-15T04:00:00,Asia/Almaty,turbine_2,0.0,0.0,1,0.00475,,4.16,-8.4,1.2495,MOCK_MODE_SYNTHESIS,SYNTHETIC_DEMO,UNVERIFIED_NO_ACTUALS,False,True
2026-02-15,2026-02-15,2026-02-14T23:00:00,2026-09-23T11:00:08.869030+00:00,6,2026-02-15T05:00:00,Asia/Almaty,turbine_2,0.10625,0.10625,1,0.1495,,6.69,-9.9,1.2511,MOCK_MODE_SYNTHESIS,SYNTHETIC_DEMO,UNVERIFIED_NO_ACTUALS,False,True
2026-02-15,2026-02-15,2026-02-14T23:00:00,2026-09-23T11:00:08.869030+00:00,7,2026-02-15T06:00:00,Asia/Almaty,turbine_2,0.0,0.0,1,0.0005,,3.53,-8.4,1.2484,MOCK_MODE_SYNTHESIS,SYNTHETIC_DEMO,UNVERIFIED_NO_ACTUALS,False,True
2026-02-15,2026-02-15,2026-02-14T23:00:00,2026-09-23T11:00:08.869030+00:00,8,2026-02-15T07:00:00,Asia/Almaty,turbine_2,1.3335,1.3335,1,1.46,,10.9,-7.2,1.2441,MOCK_MODE_SYNTHESIS,SYNTHETIC_DEMO,UNVERIFIED_NO_ACTUALS,False,True
2026-02-15,2026-02-15,2026-02-14T23:00:00,2026-09-23T11:00:08.869030+00:00,9,2026-02-15T08:00:00,Asia/Almaty,turbine_2,1.23825,1.23825,1,1.3435,,10.7,-5.2,1.2363,MOCK_MODE_SYNTHESIS,SYNTHETIC_DEMO,UNVERIFIED_NO_ACTUALS,False,True
2026-02-15,2026-02-15,2026-02-14T23:00:00,2026-09-23T11:00:08.869030+00:00,10,2026-02-15T09:00:00,Asia/Almaty,turbine_2,0.35375,0.35375,1,0.3685,,8.0,-6.0,1.2387,MOCK_MODE_SYNTHESIS,SYNTHETIC_DEMO,UNVERIFIED_NO_ACTUALS,False,True
2026-02-15,2026-02-15,2026-02-14T23:00:00,2026-09-23T11:00:08.869030+00:00,11,2026-02-15T10:00:00,Asia/Almaty,turbine_2,1.56575,1.56575,1,1.574,,11.17,-0.5,1.2125,MOCK_MODE_SYNTHESIS,SYNTHETIC_DEMO,UNVERIFIED_NO_ACTUALS,False,True
2026-02-15,2026-02-15,2026-02-14T23:00:00,2026-09-23T11:00:08.869030+00:00,12,2026-02-15T11:00:00,Asia/Almaty,turbine_2,0.84725,0.84725,1,0.8695,,9.69,-1.9,1.2201,MOCK_MODE_SYNTHESIS,SYNTHETIC_DEMO,UNVERIFIED_NO_ACTUALS,False,True
2026-02-15,2026-02-15,2026-02-14T23:00:00,2026-09-23T11:00:08.869030+00:00,13,2026-02-15T12:00:00,Asia/Almaty,turbine_2,2.35275,2.35275,1,2.5,,16.67,-3.3,1.2263,MOCK_MODE_SYNTHESIS,SYNTHETIC_DEMO,UNVERIFIED_NO_ACTUALS,False,True
2026-02-15,2026-02-15,2026-02-14T23:00:00,2026-09-23T11:00:08.869030+00:00,14,2026-02-15T13:00:00,Asia/Almaty,turbine_2,2.42425,2.42425,1,2.5,,17.62,0.8,1.205,MOCK_MODE_SYNTHESIS,SYNTHETIC_DEMO,UNVERIFIED_NO_ACTUALS,False,True
2026-02-15,2026-02-15,2026-02-14T23:00:00,2026-09-23T11:00:08.869030+00:00,15,2026-02-15T14:00:00,Asia/Almaty,turbine_2,2.43575,2.43575,1,2.5,,16.04,-0.5,1.2093,MOCK_MODE_SYNTHESIS,SYNTHETIC_DEMO,UNVERIFIED_NO_ACTUALS,False,True
2026-02-15,2026-02-15,2026-02-14T23:00:00,2026-09-23T11:00:08.869030+00:00,16,2026-02-15T15:00:00,Asia/Almaty,turbine_2,2.42,2.42,1,2.5,,13.45,-0.0,1.2097,MOCK_MODE_SYNTHESIS,SYNTHETIC_DEMO,UNVERIFIED_NO_ACTUALS,False,True
2026-02-15,2026-02-15,2026-02-14T23:00:00,2026-09-23T11:00:08.869030+00:00,17,2026-02-15T16:00:00,Asia/Almaty,turbine_2,1.61475,1.61475,1,1.604,,11.25,2.0,1.2,MOCK_MODE_SYNTHESIS,SYNTHETIC_DEMO,UNVERIFIED_NO_ACTUALS,False,True
2026-02-15,2026-02-15,2026-02-14T23:00:00,2026-09-23T11:00:08.869030+00:00,18,2026-02-15T17:00:00,Asia/Almaty,turbine_2,0.2335,0.2335,1,0.22625,,7.3,2.8,1.1952,MOCK_MODE_SYNTHESIS,SYNTHETIC_DEMO,UNVERIFIED_NO_ACTUALS,False,True
2026-02-15,2026-02-15,2026-02-14T23:00:00,2026-09-23T11:00:08.869030+00:00,19,2026-02-15T18:00:00,Asia/Almaty,turbine_2,2.463,2.463,1,2.5,,13.04,1.0,1.2059,MOCK_MODE_SYNTHESIS,SYNTHETIC_DEMO,UNVERIFIED_NO_ACTUALS,False,True
2026-02-15,2026-02-15,2026-02-14T23:00:00,2026-09-23T11:00:08.869030+00:00,20,2026-02-15T19:00:00,Asia/Almaty,turbine_2,0.817,0.817,1,0.84275,,9.61,-2.2,1.226,MOCK_MODE_SYNTHESIS,SYNTHETIC_DEMO,UNVERIFIED_NO_ACTUALS,False,True
2026-02-15,2026-02-15,2026-02-14T23:00:00,2026-09-23T11:00:08.869030+00:00,21,2026-02-15T20:00:00,Asia/Almaty,turbine_2,0.5635,0.5635,1,0.571,,8.81,-1.6,1.223,MOCK_MODE_SYNTHESIS,SYNTHETIC_DEMO,UNVERIFIED_NO_ACTUALS,False,True
2026-02-15,2026-02-15,2026-02-14T23:00:00,2026-09-23T11:00:08.869030+00:00,22,2026-02-15T21:00:00,Asia/Almaty,turbine_2,0.332,0.332,1,0.32425,,7.81,-2.2,1.2242,MOCK_MODE_SYNTHESIS,SYNTHETIC_DEMO,UNVERIFIED_NO_ACTUALS,False,True
2026-02-15,2026-02-15,2026-02-14T23:00:00,2026-09-23T11:00:08.869030+00:00,23,2026-02-15T22:00:00,Asia/Almaty,turbine_2,0.18875,0.18875,1,0.201,,7.09,-3.2,1.2341,MOCK_MODE_SYNTHESIS,SYNTHETIC_DEMO,UNVERIFIED_NO_ACTUALS,False,True
2026-02-15,2026-02-15,2026-02-14T23:00:00,2026-09-23T11:00:08.869030+00:00,24,2026-02-15T23:00:00,Asia/Almaty,turbine_2,0.22975,0.22975,1,0.26125,,7.45,-7.7,1.2459,MOCK_MODE_SYNTHESIS,SYNTHETIC_DEMO,UNVERIFIED_NO_ACTUALS,False,True
2026-02-16,2026-02-16,2026-02-15T23:00:00,2026-09-23T11:00:08.883948+00:00,1,2026-02-16T00:00:00,Asia/Almaty,turbine_1,0.015,0.015,1,0.012,,4.6,-7.2,1.2425,MOCK_MODE_SYNTHESIS,SYNTHETIC_DEMO,UNVERIFIED_NO_ACTUALS,False,True
2026-02-16,2026-02-16,2026-02-15T23:00:00,2026-09-23T11:00:08.883948+00:00,2,2026-02-16T01:00:00,Asia/Almaty,turbine_1,0.05075,0.05075,1,0.025,,5.04,-4.7,1.2319,MOCK_MODE_SYNTHESIS,SYNTHETIC_DEMO,UNVERIFIED_NO_ACTUALS,False,True
2026-02-16,2026-02-16,2026-02-15T23:00:00,2026-09-23T11:00:08.883948+00:00,3,2026-02-16T02:00:00,Asia/Almaty,turbine_1,0.46825,0.46825,1,0.50325,,8.53,-8.5,1.2502,MOCK_MODE_SYNTHESIS,SYNTHETIC_DEMO,UNVERIFIED_NO_ACTUALS,False,True
2026-02-16,2026-02-16,2026-02-15T23:00:00,2026-09-23T11:00:08.883948+00:00,4,2026-02-16T03:00:00,Asia/Almaty,turbine_1,0.014,0.014,1,0.0005,,3.57,-10.5,1.2535,MOCK_MODE_SYNTHESIS,SYNTHETIC_DEMO,UNVERIFIED_NO_ACTUALS,False,True
2026-02-16,2026-02-16,2026-02-15T23:00:00,2026-09-23T11:00:08.883948+00:00,5,2026-02-16T04:00:00,Asia/Almaty,turbine_1,0.01375,0.01375,1,0.0355,,5.29,-7.2,1.2441,MOCK_MODE_SYNTHESIS,SYNTHETIC_DEMO,UNVERIFIED_NO_ACTUALS,False,True
2026-02-16,2026-02-16,2026-02-15T23:00:00,2026-09-23T11:00:08.883948+00:00,6,2026-02-16T05:00:00,Asia/Almaty,turbine_1,0.08875,0.08875,1,0.13525,,6.57,-7.6,1.2485,MOCK_MODE_SYNTHESIS,SYNTHETIC_DEMO,UNVERIFIED_NO_ACTUALS,False,True
2026-02-16,2026-02-16,2026-02-15T23:00:00,2026-09-23T11:00:08.883948+00:00,7,2026-02-16T06:00:00,Asia/Almaty,turbine_1,0.487,0.487,1,0.5485,,8.7,-7.4,1.2441,MOCK_MODE_SYNTHESIS,SYNTHETIC_DEMO,UNVERIFIED_NO_ACTUALS,False,True
2026-02-16,2026-02-16,2026-02-15T23:00:00,2026-09-23T11:00:08.883948+00:00,8,2026-02-16T07:00:00,Asia/Almaty,turbine_1,0.65725,0.65725,1,0.728,,9.24,-9.4,1.2586,MOCK_MODE_SYNTHESIS,SYNTHETIC_DEMO,UNVERIFIED_NO_ACTUALS,False,True
2026-02-16,2026-02-16,2026-02-15T23:00:00,2026-09-23T11:00:08.883948+00:00,9,2026-02-16T08:00:00,Asia/Almaty,turbine_1,2.362,2.362,1,2.5,,13.92,-5.8,1.2424,MOCK_MODE_SYNTHESIS,SYNTHETIC_DEMO,UNVERIFIED_NO_ACTUALS,False,True
2026-02-16,2026-02-16,2026-02-15T23:00:00,2026-09-23T11:00:08.883948+00:00,10,2026-02-16T09:00:00,Asia/Almaty,turbine_1,2.33175,2.33175,1,2.5,,14.63,-6.4,1.2352,MOCK_MODE_SYNTHESIS,SYNTHETIC_DEMO,UNVERIFIED_NO_ACTUALS,False,True
2026-02-16,2026-02-16,2026-02-15T23:00:00,2026-09-23T11:00:08.883948+00:00,11,2026-02-16T10:00:00,Asia/Almaty,turbine_1,2.324,2.324,1,2.5,,14.98,-2.3,1.2289,MOCK_MODE_SYNTHESIS,SYNTHETIC_DEMO,UNVERIFIED_NO_ACTUALS,False,True
2026-02-16,2026-02-16,2026-02-15T23:00:00,2026-09-23T11:00:08.883948+00:00,12,2026-02-16T11:00:00,Asia/Almaty,turbine_1,2.1805,2.1805,1,2.22025,,12.14,-0.6,1.2215,MOCK_MODE_SYNTHESIS,SYNTHETIC_DEMO,UNVERIFIED_NO_ACTUALS,False,True
2026-02-16,2026-02-16,2026-02-15T23:00:00,2026-09-23T11:00:08.883948+00:00,13,2026-02-16T12:00:00,Asia/Almaty,turbine_1,2.36525,2.36525,1,2.38125,,12.33,-4.7,1.2318,MOCK_MODE_SYNTHESIS,SYNTHETIC_DEMO,UNVERIFIED_NO_ACTUALS,False,True
2026-02-16,2026-02-16,2026-02-15T23:00:00,2026-09-23T11:00:08.883948+00:00,14,2026-02-16T13:00:00,Asia/Almaty,turbine_1,0.7865,0.7865,1,0.7905,,9.51,1.1,1.2037,MOCK_MODE_SYNTHESIS,SYNTHETIC_DEMO,UNVERIFIED_NO_ACTUALS,False,True
2026-02-16,2026-02-16,2026-02-15T23:00:00,2026-09-23T11:00:08.883948+00:00,15,2026-02-16T14:00:00,Asia/Almaty,turbine_1,2.42075,2.42075,1,2.46125,,12.48,-0.9,1.2137,MOCK_MODE_SYNTHESIS,SYNTHETIC_DEMO,UNVERIFIED_NO_ACTUALS,False,True
2026-02-16,2026-02-16,2026-02-15T23:00:00,2026-09-23T11:00:08.883948+00:00,16,2026-02-16T15:00:00,Asia/Almaty,turbine_1,2.35,2.35,1,2.5,,17.26,-2.8,1.223,MOCK_MODE_SYNTHESIS,SYNTHETIC_DEMO,UNVERIFIED_NO_ACTUALS,False,True
2026-02-16,2026-02-16,2026-02-15T23:00:00,2026-09-23T11:00:08.883948+00:00,17,2026-02-16T16:00:00,Asia/Almaty,turbine_1,2.447,2.447,1,2.5,,16.23,2.8,1.2009,MOCK_MODE_SYNTHESIS,SYNTHETIC_DEMO,UNVERIFIED_NO_ACTUALS,False,True
2026-02-16,2026-02-16,2026-02-15T23:00:00,2026-09-23T11:00:08.883948+00:00,18,2026-02-16T17:00:00,Asia/Almaty,turbine_1,1.0855,1.0855,1,1.1045,,10.28,1.7,1.2026,MOCK_MODE_SYNTHESIS,SYNTHETIC_DEMO,UNVERIFIED_NO_ACTUALS,False,True
2026-02-16,2026-02-16,2026-02-15T23:00:00,2026-09-23T11:00:08.883948+00:00,19,2026-02-16T18:00:00,Asia/Almaty,turbine_1,0.52775,0.52775,1,0.52275,,8.66,1.4,1.211,MOCK_MODE_SYNTHESIS,SYNTHETIC_DEMO,UNVERIFIED_NO_ACTUALS,False,True
2026-02-16,2026-02-16,2026-02-15T23:00:00,2026-09-23T11:00:08.883948+00:00,20,2026-02-16T19:00:00,Asia/Almaty,turbine_1,0.77125,0.77125,1,0.79825,,9.52,-0.2,1.2099,MOCK_MODE_SYNTHESIS,SYNTHETIC_DEMO,UNVERIFIED_NO_ACTUALS,False,True
2026-02-16,2026-02-16,2026-02-15T23:00:00,2026-09-23T11:00:08.883948+00:00,21,2026-02-16T20:00:00,Asia/Almaty,turbine_1,1.04675,1.04675,1,1.06775,,10.16,-1.0,1.2222,MOCK_MODE_SYNTHESIS,SYNTHETIC_DEMO,UNVERIFIED_NO_ACTUALS,False,True
2026-02-16,2026-02-16,2026-02-15T23:00:00,2026-09-23T11:00:08.883948+00:00,22,2026-02-16T21:00:00,Asia/Almaty,turbine_1,2.3935,2.3935,1,2.5,,14.39,-4.0,1.2271,MOCK_MODE_SYNTHESIS,SYNTHETIC_DEMO,UNVERIFIED_NO_ACTUALS,False,True
2026-02-16,2026-02-16,2026-02-15T23:00:00,2026-09-23T11:00:08.883948+00:00,23,2026-02-16T22:00:00,Asia/Almaty,turbine_1,0.189,0.189,1,0.198,,7.09,-2.6,1.2164,MOCK_MODE_SYNTHESIS,SYNTHETIC_DEMO,UNVERIFIED_NO_ACTUALS,False,True
2026-02-16,2026-02-16,2026-02-15T23:00:00,2026-09-23T11:00:08.883948+00:00,24,2026-02-16T23:00:00,Asia/Almaty,turbine_1,0.04025,0.04025,1,0.03925,,5.36,-7.7,1.2512,MOCK_MODE_SYNTHESIS,SYNTHETIC_DEMO,UNVERIFIED_NO_ACTUALS,False,True
2026-02-16,2026-02-16,2026-02-15T23:00:00,2026-09-23T11:00:08.898385+00:00,1,2026-02-16T00:00:00,Asia/Almaty,turbine_2,0.015,0.015,1,0.012,,4.6,-7.2,1.2425,MOCK_MODE_SYNTHESIS,SYNTHETIC_DEMO,UNVERIFIED_NO_ACTUALS,False,True
2026-02-16,2026-02-16,2026-02-15T23:00:00,2026-09-23T11:00:08.898385+00:00,2,2026-02-16T01:00:00,Asia/Almaty,turbine_2,0.05075,0.05075,1,0.025,,5.04,-4.7,1.2319,MOCK_MODE_SYNTHESIS,SYNTHETIC_DEMO,UNVERIFIED_NO_ACTUALS,False,True
2026-02-16,2026-02-16,2026-02-15T23:00:00,2026-09-23T11:00:08.898385+00:00,3,2026-02-16T02:00:00,Asia/Almaty,turbine_2,0.46825,0.46825,1,0.50325,,8.53,-8.5,1.2502,MOCK_MODE_SYNTHESIS,SYNTHETIC_DEMO,UNVERIFIED_NO_ACTUALS,False,True
2026-02-16,2026-02-16,2026-02-15T23:00:00,2026-09-23T11:00:08.898385+00:00,4,2026-02-16T03:00:00,Asia/Almaty,turbine_2,0.014,0.014,1,0.0005,,3.57,-10.5,1.2535,MOCK_MODE_SYNTHESIS,SYNTHETIC_DEMO,UNVERIFIED_NO_ACTUALS,False,True
2026-02-16,2026-02-16,2026-02-15T23:00:00,2026-09-23T11:00:08.898385+00:00,5,2026-02-16T04:00:00,Asia/Almaty,turbine_2,0.01375,0.01375,1,0.0355,,5.29,-7.2,1.2441,MOCK_MODE_SYNTHESIS,SYNTHETIC_DEMO,UNVERIFIED_NO_ACTUALS,False,True
2026-02-16,2026-02-16,2026-02-15T23:00:00,2026-09-23T11:00:08.898385+00:00,6,2026-02-16T05:00:00,Asia/Almaty,turbine_2,0.08875,0.08875,1,0.13525,,6.57,-7.6,1.2485,MOCK_MODE_SYNTHESIS,SYNTHETIC_DEMO,UNVERIFIED_NO_ACTUALS,False,True
2026-02-16,2026-02-16,2026-02-15T23:00:00,2026-09-23T11:00:08.898385+00:00,7,2026-02-16T06:00:00,Asia/Almaty,turbine_2,0.487,0.487,1,0.5485,,8.7,-7.4,1.2441,MOCK_MODE_SYNTHESIS,SYNTHETIC_DEMO,UNVERIFIED_NO_ACTUALS,False,True
2026-02-16,2026-02-16,2026-02-15T23:00:00,2026-09-23T11:00:08.898385+00:00,8,2026-02-16T07:00:00,Asia/Almaty,turbine_2,0.65725,0.65725,1,0.728,,9.24,-9.4,1.2586,MOCK_MODE_SYNTHESIS,SYNTHETIC_DEMO,UNVERIFIED_NO_ACTUALS,False,True
2026-02-16,2026-02-16,2026-02-15T23:00:00,2026-09-23T11:00:08.898385+00:00,9,2026-02-16T08:00:00,Asia/Almaty,turbine_2,2.362,2.362,1,2.5,,13.92,-5.8,1.2424,MOCK_MODE_SYNTHESIS,SYNTHETIC_DEMO,UNVERIFIED_NO_ACTUALS,False,True
2026-02-16,2026-02-16,2026-02-15T23:00:00,2026-09-23T11:00:08.898385+00:00,10,2026-02-16T09:00:00,Asia/Almaty,turbine_2,2.33175,2.33175,1,2.5,,14.63,-6.4,1.2352,MOCK_MODE_SYNTHESIS,SYNTHETIC_DEMO,UNVERIFIED_NO_ACTUALS,False,True
2026-02-16,2026-02-16,2026-02-15T23:00:00,2026-09-23T11:00:08.898385+00:00,11,2026-02-16T10:00:00,Asia/Almaty,turbine_2,2.324,2.324,1,2.5,,14.98,-2.3,1.2289,MOCK_MODE_SYNTHESIS,SYNTHETIC_DEMO,UNVERIFIED_NO_ACTUALS,False,True
2026-02-16,2026-02-16,2026-02-15T23:00:00,2026-09-23T11:00:08.898385+00:00,12,2026-02-16T11:00:00,Asia/Almaty,turbine_2,2.1805,2.1805,1,2.22025,,12.14,-0.6,1.2215,MOCK_MODE_SYNTHESIS,SYNTHETIC_DEMO,UNVERIFIED_NO_ACTUALS,False,True
2026-02-16,2026-02-16,2026-02-15T23:00:00,2026-09-23T11:00:08.898385+00:00,13,2026-02-16T12:00:00,Asia/Almaty,turbine_2,2.36525,2.36525,1,2.38125,,12.33,-4.7,1.2318,MOCK_MODE_SYNTHESIS,SYNTHETIC_DEMO,UNVERIFIED_NO_ACTUALS,False,True
2026-02-16,2026-02-16,2026-02-15T23:00:00,2026-09-23T11:00:08.898385+00:00,14,2026-02-16T13:00:00,Asia/Almaty,turbine_2,0.7865,0.7865,1,0.7905,,9.51,1.1,1.2037,MOCK_MODE_SYNTHESIS,SYNTHETIC_DEMO,UNVERIFIED_NO_ACTUALS,False,True
2026-02-16,2026-02-16,2026-02-15T23:00:00,2026-09-23T11:00:08.898385+00:00,15,2026-02-16T14:00:00,Asia/Almaty,turbine_2,2.42075,2.42075,1,2.46125,,12.48,-0.9,1.2137,MOCK_MODE_SYNTHESIS,SYNTHETIC_DEMO,UNVERIFIED_NO_ACTUALS,False,True
2026-02-16,2026-02-16,2026-02-15T23:00:00,2026-09-23T11:00:08.898385+00:00,16,2026-02-16T15:00:00,Asia/Almaty,turbine_2,2.35,2.35,1,2.5,,17.26,-2.8,1.223,MOCK_MODE_SYNTHESIS,SYNTHETIC_DEMO,UNVERIFIED_NO_ACTUALS,False,True
2026-02-16,2026-02-16,2026-02-15T23:00:00,2026-09-23T11:00:08.898385+00:00,17,2026-02-16T16:00:00,Asia/Almaty,turbine_2,2.447,2.447,1,2.5,,16.23,2.8,1.2009,MOCK_MODE_SYNTHESIS,SYNTHETIC_DEMO,UNVERIFIED_NO_ACTUALS,False,True
2026-02-16,2026-02-16,2026-02-15T23:00:00,2026-09-23T11:00:08.898385+00:00,18,2026-02-16T17:00:00,Asia/Almaty,turbine_2,1.0855,1.0855,1,1.1045,,10.28,1.7,1.2026,MOCK_MODE_SYNTHESIS,SYNTHETIC_DEMO,UNVERIFIED_NO_ACTUALS,False,True
2026-02-16,2026-02-16,2026-02-15T23:00:00,2026-09-23T11:00:08.898385+00:00,19,2026-02-16T18:00:00,Asia/Almaty,turbine_2,0.52775,0.52775,1,0.52275,,8.66,1.4,1.211,MOCK_MODE_SYNTHESIS,SYNTHETIC_DEMO,UNVERIFIED_NO_ACTUALS,False,True
2026-02-16,2026-02-16,2026-02-15T23:00:00,2026-09-23T11:00:08.898385+00:00,20,2026-02-16T19:00:00,Asia/Almaty,turbine_2,0.77125,0.77125,1,0.79825,,9.52,-0.2,1.2099,MOCK_MODE_SYNTHESIS,SYNTHETIC_DEMO,UNVERIFIED_NO_ACTUALS,False,True
2026-02-16,2026-02-16,2026-02-15T23:00:00,2026-09-23T11:00:08.898385+00:00,21,2026-02-16T20:00:00,Asia/Almaty,turbine_2,1.04675,1.04675,1,1.06775,,10.16,-1.0,1.2222,MOCK_MODE_SYNTHESIS,SYNTHETIC_DEMO,UNVERIFIED_NO_ACTUALS,False,True
2026-02-16,2026-02-16,2026-02-15T23:00:00,2026-09-23T11:00:08.898385+00:00,22,2026-02-16T21:00:00,Asia/Almaty,turbine_2,2.3935,2.3935,1,2.5,,14.39,-4.0,1.2271,MOCK_MODE_SYNTHESIS,SYNTHETIC_DEMO,UNVERIFIED_NO_ACTUALS,False,True
2026-02-16,2026-02-16,2026-02-15T23:00:00,2026-09-23T11:00:08.898385+00:00,23,2026-02-16T22:00:00,Asia/Almaty,turbine_2,0.189,0.189,1,0.198,,7.09,-2.6,1.2164,MOCK_MODE_SYNTHESIS,SYNTHETIC_DEMO,UNVERIFIED_NO_ACTUALS,False,True
2026-02-16,2026-02-16,2026-02-15T23:00:00,2026-09-23T11:00:08.898385+00:00,24,2026-02-16T23:00:00,Asia/Almaty,turbine_2,0.04025,0.04025,1,0.03925,,5.36,-7.7,1.2512,MOCK_MODE_SYNTHESIS,SYNTHETIC_DEMO,UNVERIFIED_NO_ACTUALS,False,True
2026-02-17,2026-02-17,2026-02-16T23:00:00,2026-09-23T11:00:08.913228+00:00,1,2026-02-17T00:00:00,Asia/Almaty,turbine_1,0.214,0.214,1,0.24275,,7.33,-10.2,1.2559,MOCK_MODE_SYNTHESIS,SYNTHETIC_DEMO,UNVERIFIED_NO_ACTUALS,False,True
2026-02-17,2026-02-17,2026-02-16T23:00:00,2026-09-23T11:00:08.913228+00:00,2,2026-02-17T01:00:00,Asia/Almaty,turbine_1,0.014,0.014,1,0.0,,3.08,-7.6,1.2498,MOCK_MODE_SYNTHESIS,SYNTHETIC_DEMO,UNVERIFIED_NO_ACTUALS,False,True
2026-02-17,2026-02-17,2026-02-16T23:00:00,2026-09-23T11:00:08.913228+00:00,3,2026-02-17T02:00:00,Asia/Almaty,turbine_1,1.0645,1.0645,1,1.12275,,10.23,-8.6,1.2479,MOCK_MODE_SYNTHESIS,SYNTHETIC_DEMO,UNVERIFIED_NO_ACTUALS,False,True
2026-02-17,2026-02-17,2026-02-16T23:00:00,2026-09-23T11:00:08.913228+00:00,4,2026-02-17T03:00:00,Asia/Almaty,turbine_1,0.014,0.014,1,0.00925,,4.46,-9.2,1.2546,MOCK_MODE_SYNTHESIS,SYNTHETIC_DEMO,UNVERIFIED_NO_ACTUALS,False,True
2026-02-17,2026-02-17,2026-02-16T23:00:00,2026-09-23T11:00:08.913228+00:00,5,2026-02-17T04:00:00,Asia/Almaty,turbine_1,0.02825,0.02825,1,0.0675,,5.83,-8.5,1.2493,MOCK_MODE_SYNTHESIS,SYNTHETIC_DEMO,UNVERIFIED_NO_ACTUALS,False,True
2026-02-17,2026-02-17,2026-02-16T23:00:00,2026-09-23T11:00:08.913228+00:00,6,2026-02-17T05:00:00,Asia/Almaty,turbine_1,0.38025,0.38025,1,0.42175,,8.19,-10.7,1.2675,MOCK_MODE_SYNTHESIS,SYNTHETIC_DEMO,UNVERIFIED_NO_ACTUALS,False,True
2026-02-17,2026-02-17,2026-02-16T23:00:00,2026-09-23T11:00:08.913228+00:00,7,2026-02-17T06:00:00,Asia/Almaty,turbine_1,0.36225,0.36225,1,0.43525,,8.27,-8.5,1.2492,MOCK_MODE_SYNTHESIS,SYNTHETIC_DEMO,UNVERIFIED_NO_ACTUALS,False,True
2026-02-17,2026-02-17,2026-02-16T23:00:00,2026-09-23T11:00:08.913228+00:00,8,2026-02-17T07:00:00,Asia/Almaty,turbine_1,0.1385,0.1385,1,0.19825,,7.06,-6.9,1.2446,MOCK_MODE_SYNTHESIS,SYNTHETIC_DEMO,UNVERIFIED_NO_ACTUALS,False,True
2026-02-17,2026-02-17,2026-02-16T23:00:00,2026-09-23T11:00:08.913228+00:00,9,2026-02-17T08:00:00,Asia/Almaty,turbine_1,1.37975,1.37975,1,1.52,,11.02,-6.2,1.2379,MOCK_MODE_SYNTHESIS,SYNTHETIC_DEMO,UNVERIFIED_NO_ACTUALS,False,True
2026-02-17,2026-02-17,2026-02-16T23:00:00,2026-09-23T11:00:08.913228+00:00,10,2026-02-17T09:00:00,Asia/Almaty,turbine_1,1.26525,1.26525,1,1.24975,,10.52,-4.5,1.2346,MOCK_MODE_SYNTHESIS,SYNTHETIC_DEMO,UNVERIFIED_NO_ACTUALS,False,True
2026-02-17,2026-02-17,2026-02-16T23:00:00,2026-09-23T11:00:08.913228+00:00,11,2026-02-17T10:00:00,Asia/Almaty,turbine_1,0.384,0.384,1,0.39,,8.09,-5.8,1.2426,MOCK_MODE_SYNTHESIS,SYNTHETIC_DEMO,UNVERIFIED_NO_ACTUALS,False,True
2026-02-17,2026-02-17,2026-02-16T23:00:00,2026-09-23T11:00:08.913228+00:00,12,2026-02-17T11:00:00,Asia/Almaty,turbine_1,2.33125,2.33125,1,2.5,,17.58,-2.5,1.2255,MOCK_MODE_SYNTHESIS,SYNTHETIC_DEMO,UNVERIFIED_NO_ACTUALS,False,True
2026-02-17,2026-02-17,2026-02-16T23:00:00,2026-09-23T11:00:08.913228+00:00,13,2026-02-17T12:00:00,Asia/Almaty,turbine_1,2.43875,2.43875,1,2.5,,13.38,0.2,1.2166,MOCK_MODE_SYNTHESIS,SYNTHETIC_DEMO,UNVERIFIED_NO_ACTUALS,False,True
2026-02-17,2026-02-17,2026-02-16T23:00:00,2026-09-23T11:00:08.913228+00:00,14,2026-02-17T13:00:00,Asia/Almaty,turbine_1,2.4025,2.4025,1,2.5,,12.84,-2.6,1.2243,MOCK_MODE_SYNTHESIS,SYNTHETIC_DEMO,UNVERIFIED_NO_ACTUALS,False,True
2026-02-17,2026-02-17,2026-02-16T23:00:00,2026-09-23T11:00:08.913228+00:00,15,2026-02-17T14:00:00,Asia/Almaty,turbine_1,2.43625,2.43625,1,2.5,,14.05,-0.7,1.2158,MOCK_MODE_SYNTHESIS,SYNTHETIC_DEMO,UNVERIFIED_NO_ACTUALS,False,True
2026-02-17,2026-02-17,2026-02-16T23:00:00,2026-09-23T11:00:08.913228+00:00,16,2026-02-17T15:00:00,Asia/Almaty,turbine_1,2.4175,2.4175,1,2.5,,12.66,1.4,1.2035,MOCK_MODE_SYNTHESIS,SYNTHETIC_DEMO,UNVERIFIED_NO_ACTUALS,False,True
2026-02-17,2026-02-17,2026-02-16T23:00:00,2026-09-23T11:00:08.913228+00:00,17,2026-02-17T16:00:00,Asia/Almaty,turbine_1,2.44925,2.44925,1,2.5,,14.56,2.7,1.2016,MOCK_MODE_SYNTHESIS,SYNTHETIC_DEMO,UNVERIFIED_NO_ACTUALS,False,True
2026-02-17,2026-02-17,2026-02-16T23:00:00,2026-09-23T11:00:08.913228+00:00,18,2026-02-17T17:00:00,Asia/Almaty,turbine_1,2.4455,2.4455,1,2.5,,13.62,2.1,1.1988,MOCK_MODE_SYNTHESIS,SYNTHETIC_DEMO,UNVERIFIED_NO_ACTUALS,False,True
2026-02-17,2026-02-17,2026-02-16T23:00:00,2026-09-23T11:00:08.913228+00:00,19,2026-02-17T18:00:00,Asia/Almaty,turbine_1,1.07125,1.07125,1,1.0975,,10.24,-1.3,1.2148,MOCK_MODE_SYNTHESIS,SYNTHETIC_DEMO,UNVERIFIED_NO_ACTUALS,False,True
2026-02-17,2026-02-17,2026-02-16T23:00:00,2026-09-23T11:00:08.913228+00:00,20,2026-02-17T19:00:00,Asia/Almaty,turbine_1,0.9575,0.9575,1,0.97125,,9.95,-0.5,1.2153,MOCK_MODE_SYNTHESIS,SYNTHETIC_DEMO,UNVERIFIED_NO_ACTUALS,False,True
2026-02-17,2026-02-17,2026-02-16T23:00:00,2026-09-23T11:00:08.913228+00:00,21,2026-02-17T20:00:00,Asia/Almaty,turbine_1,0.22975,0.22975,1,0.24275,,7.35,-4.7,1.2395,MOCK_MODE_SYNTHESIS,SYNTHETIC_DEMO,UNVERIFIED_NO_ACTUALS,False,True
2026-02-17,2026-02-17,2026-02-16T23:00:00,2026-09-23T11:00:08.913228+00:00,22,2026-02-17T21:00:00,Asia/Almaty,turbine_1,0.307,0.307,1,0.31025,,7.73,-3.9,1.2312,MOCK_MODE_SYNTHESIS,SYNTHETIC_DEMO,UNVERIFIED_NO_ACTUALS,False,True
2026-02-17,2026-02-17,2026-02-16T23:00:00,2026-09-23T11:00:08.913228+00:00,23,2026-02-17T22:00:00,Asia/Almaty,turbine_1,1.235,1.235,1,1.243,,10.52,-2.1,1.2279,MOCK_MODE_SYNTHESIS,SYNTHETIC_DEMO,UNVERIFIED_NO_ACTUALS,False,True
2026-02-17,2026-02-17,2026-02-16T23:00:00,2026-09-23T11:00:08.913228+00:00,24,2026-02-17T23:00:00,Asia/Almaty,turbine_1,0.457,0.457,1,0.4585,,8.38,-5.4,1.2368,MOCK_MODE_SYNTHESIS,SYNTHETIC_DEMO,UNVERIFIED_NO_ACTUALS,False,True
2026-02-17,2026-02-17,2026-02-16T23:00:00,2026-09-23T11:00:08.928383+00:00,1,2026-02-17T00:00:00,Asia/Almaty,turbine_2,0.214,0.214,1,0.24275,,7.33,-10.2,1.2559,MOCK_MODE_SYNTHESIS,SYNTHETIC_DEMO,UNVERIFIED_NO_ACTUALS,False,True
2026-02-17,2026-02-17,2026-02-16T23:00:00,2026-09-23T11:00:08.928383+00:00,2,2026-02-17T01:00:00,Asia/Almaty,turbine_2,0.014,0.014,1,0.0,,3.08,-7.6,1.2498,MOCK_MODE_SYNTHESIS,SYNTHETIC_DEMO,UNVERIFIED_NO_ACTUALS,False,True
2026-02-17,2026-02-17,2026-02-16T23:00:00,2026-09-23T11:00:08.928383+00:00,3,2026-02-17T02:00:00,Asia/Almaty,turbine_2,1.0645,1.0645,1,1.12275,,10.23,-8.6,1.2479,MOCK_MODE_SYNTHESIS,SYNTHETIC_DEMO,UNVERIFIED_NO_ACTUALS,False,True
2026-02-17,2026-02-17,2026-02-16T23:00:00,2026-09-23T11:00:08.928383+00:00,4,2026-02-17T03:00:00,Asia/Almaty,turbine_2,0.014,0.014,1,0.00925,,4.46,-9.2,1.2546,MOCK_MODE_SYNTHESIS,SYNTHETIC_DEMO,UNVERIFIED_NO_ACTUALS,False,True
2026-02-17,2026-02-17,2026-02-16T23:00:00,2026-09-23T11:00:08.928383+00:00,5,2026-02-17T04:00:00,Asia/Almaty,turbine_2,0.02825,0.02825,1,0.0675,,5.83,-8.5,1.2493,MOCK_MODE_SYNTHESIS,SYNTHETIC_DEMO,UNVERIFIED_NO_ACTUALS,False,True
2026-02-17,2026-02-17,2026-02-16T23:00:00,2026-09-23T11:00:08.928383+00:00,6,2026-02-17T05:00:00,Asia/Almaty,turbine_2,0.38025,0.38025,1,0.42175,,8.19,-10.7,1.2675,MOCK_MODE_SYNTHESIS,SYNTHETIC_DEMO,UNVERIFIED_NO_ACTUALS,False,True
2026-02-17,2026-02-17,2026-02-16T23:00:00,2026-09-23T11:00:08.928383+00:00,7,2026-02-17T06:00:00,Asia/Almaty,turbine_2,0.36225,0.36225,1,0.43525,,8.27,-8.5,1.2492,MOCK_MODE_SYNTHESIS,SYNTHETIC_DEMO,UNVERIFIED_NO_ACTUALS,False,True
2026-02-17,2026-02-17,2026-02-16T23:00:00,2026-09-23T11:00:08.928383+00:00,8,2026-02-17T07:00:00,Asia/Almaty,turbine_2,0.1385,0.1385,1,0.19825,,7.06,-6.9,1.2446,MOCK_MODE_SYNTHESIS,SYNTHETIC_DEMO,UNVERIFIED_NO_ACTUALS,False,True
2026-02-17,2026-02-17,2026-02-16T23:00:00,2026-09-23T11:00:08.928383+00:00,9,2026-02-17T08:00:00,Asia/Almaty,turbine_2,1.37975,1.37975,1,1.52,,11.02,-6.2,1.2379,MOCK_MODE_SYNTHESIS,SYNTHETIC_DEMO,UNVERIFIED_NO_ACTUALS,False,True
2026-02-17,2026-02-17,2026-02-16T23:00:00,2026-09-23T11:00:08.928383+00:00,10,2026-02-17T09:00:00,Asia/Almaty,turbine_2,1.26525,1.26525,1,1.24975,,10.52,-4.5,1.2346,MOCK_MODE_SYNTHESIS,SYNTHETIC_DEMO,UNVERIFIED_NO_ACTUALS,False,True
2026-02-17,2026-02-17,2026-02-16T23:00:00,2026-09-23T11:00:08.928383+00:00,11,2026-02-17T10:00:00,Asia/Almaty,turbine_2,0.384,0.384,1,0.39,,8.09,-5.8,1.2426,MOCK_MODE_SYNTHESIS,SYNTHETIC_DEMO,UNVERIFIED_NO_ACTUALS,False,True
2026-02-17,2026-02-17,2026-02-16T23:00:00,2026-09-23T11:00:08.928383+00:00,12,2026-02-17T11:00:00,Asia/Almaty,turbine_2,2.33125,2.33125,1,2.5,,17.58,-2.5,1.2255,MOCK_MODE_SYNTHESIS,SYNTHETIC_DEMO,UNVERIFIED_NO_ACTUALS,False,True
2026-02-17,2026-02-17,2026-02-16T23:00:00,2026-09-23T11:00:08.928383+00:00,13,2026-02-17T12:00:00,Asia/Almaty,turbine_2,2.43875,2.43875,1,2.5,,13.38,0.2,1.2166,MOCK_MODE_SYNTHESIS,SYNTHETIC_DEMO,UNVERIFIED_NO_ACTUALS,False,True
2026-02-17,2026-02-17,2026-02-16T23:00:00,2026-09-23T11:00:08.928383+00:00,14,2026-02-17T13:00:00,Asia/Almaty,turbine_2,2.4025,2.4025,1,2.5,,12.84,-2.6,1.2243,MOCK_MODE_SYNTHESIS,SYNTHETIC_DEMO,UNVERIFIED_NO_ACTUALS,False,True
2026-02-17,2026-02-17,2026-02-16T23:00:00,2026-09-23T11:00:08.928383+00:00,15,2026-02-17T14:00:00,Asia/Almaty,turbine_2,2.43625,2.43625,1,2.5,,14.05,-0.7,1.2158,MOCK_MODE_SYNTHESIS,SYNTHETIC_DEMO,UNVERIFIED_NO_ACTUALS,False,True
2026-02-17,2026-02-17,2026-02-16T23:00:00,2026-09-23T11:00:08.928383+00:00,16,2026-02-17T15:00:00,Asia/Almaty,turbine_2,2.4175,2.4175,1,2.5,,12.66,1.4,1.2035,MOCK_MODE_SYNTHESIS,SYNTHETIC_DEMO,UNVERIFIED_NO_ACTUALS,False,True
2026-02-17,2026-02-17,2026-02-16T23:00:00,2026-09-23T11:00:08.928383+00:00,17,2026-02-17T16:00:00,Asia/Almaty,turbine_2,2.44925,2.44925,1,2.5,,14.56,2.7,1.2016,MOCK_MODE_SYNTHESIS,SYNTHETIC_DEMO,UNVERIFIED_NO_ACTUALS,False,True
2026-02-17,2026-02-17,2026-02-16T23:00:00,2026-09-23T11:00:08.928383+00:00,18,2026-02-17T17:00:00,Asia/Almaty,turbine_2,2.4455,2.4455,1,2.5,,13.62,2.1,1.1988,MOCK_MODE_SYNTHESIS,SYNTHETIC_DEMO,UNVERIFIED_NO_ACTUALS,False,True
2026-02-17,2026-02-17,2026-02-16T23:00:00,2026-09-23T11:00:08.928383+00:00,19,2026-02-17T18:00:00,Asia/Almaty,turbine_2,1.07125,1.07125,1,1.0975,,10.24,-1.3,1.2148,MOCK_MODE_SYNTHESIS,SYNTHETIC_DEMO,UNVERIFIED_NO_ACTUALS,False,True
2026-02-17,2026-02-17,2026-02-16T23:00:00,2026-09-23T11:00:08.928383+00:00,20,2026-02-17T19:00:00,Asia/Almaty,turbine_2,0.9575,0.9575,1,0.97125,,9.95,-0.5,1.2153,MOCK_MODE_SYNTHESIS,SYNTHETIC_DEMO,UNVERIFIED_NO_ACTUALS,False,True
2026-02-17,2026-02-17,2026-02-16T23:00:00,2026-09-23T11:00:08.928383+00:00,21,2026-02-17T20:00:00,Asia/Almaty,turbine_2,0.22975,0.22975,1,0.24275,,7.35,-4.7,1.2395,MOCK_MODE_SYNTHESIS,SYNTHETIC_DEMO,UNVERIFIED_NO_ACTUALS,False,True
2026-02-17,2026-02-17,2026-02-16T23:00:00,2026-09-23T11:00:08.928383+00:00,22,2026-02-17T21:00:00,Asia/Almaty,turbine_2,0.307,0.307,1,0.31025,,7.73,-3.9,1.2312,MOCK_MODE_SYNTHESIS,SYNTHETIC_DEMO,UNVERIFIED_NO_ACTUALS,False,True
2026-02-17,2026-02-17,2026-02-16T23:00:00,2026-09-23T11:00:08.928383+00:00,23,2026-02-17T22:00:00,Asia/Almaty,turbine_2,1.235,1.235,1,1.243,,10.52,-2.1,1.2279,MOCK_MODE_SYNTHESIS,SYNTHETIC_DEMO,UNVERIFIED_NO_ACTUALS,False,True
2026-02-17,2026-02-17,2026-02-16T23:00:00,2026-09-23T11:00:08.928383+00:00,24,2026-02-17T23:00:00,Asia/Almaty,turbine_2,0.457,0.457,1,0.4585,,8.38,-5.4,1.2368,MOCK_MODE_SYNTHESIS,SYNTHETIC_DEMO,UNVERIFIED_NO_ACTUALS,False,True
2026-02-18,2026-02-18,2026-02-17T23:00:00,2026-09-23T11:00:08.944597+00:00,1,2026-02-18T00:00:00,Asia/Almaty,turbine_1,0.016,0.016,1,0.00825,,4.41,-6.9,1.243,MOCK_MODE_SYNTHESIS,SYNTHETIC_DEMO,UNVERIFIED_NO_ACTUALS,False,True
2026-02-18,2026-02-18,2026-02-17T23:00:00,2026-09-23T11:00:08.944597+00:00,2,2026-02-18T01:00:00,Asia/Almaty,turbine_1,0.04025,0.04025,1,0.041,,5.4,-6.9,1.2438,MOCK_MODE_SYNTHESIS,SYNTHETIC_DEMO,UNVERIFIED_NO_ACTUALS,False,True
2026-02-18,2026-02-18,2026-02-17T23:00:00,2026-09-23T11:00:08.944597+00:00,3,2026-02-18T02:00:00,Asia/Almaty,turbine_1,0.461,0.461,1,0.5105,,8.56,-7.8,1.248,MOCK_MODE_SYNTHESIS,SYNTHETIC_DEMO,UNVERIFIED_NO_ACTUALS,False,True
2026-02-18,2026-02-18,2026-02-17T23:00:00,2026-09-23T11:00:08.944597+00:00,4,2026-02-18T03:00:00,Asia/Almaty,turbine_1,0.9165,0.9165,1,0.979,,9.93,-6.5,1.2359,MOCK_MODE_SYNTHESIS,SYNTHETIC_DEMO,UNVERIFIED_NO_ACTUALS,False,True
2026-02-18,2026-02-18,2026-02-17T23:00:00,2026-09-23T11:00:08.944597+00:00,5,2026-02-18T04:00:00,Asia/Almaty,turbine_1,0.0,0.0,1,0.015,,4.72,-7.8,1.2434,MOCK_MODE_SYNTHESIS,SYNTHETIC_DEMO,UNVERIFIED_NO_ACTUALS,False,True
2026-02-18,2026-02-18,2026-02-17T23:00:00,2026-09-23T11:00:08.944597+00:00,6,2026-02-18T05:00:00,Asia/Almaty,turbine_1,0.01425,0.01425,1,0.0405,,5.38,-8.7,1.2611,MOCK_MODE_SYNTHESIS,SYNTHETIC_DEMO,UNVERIFIED_NO_ACTUALS,False,True
2026-02-18,2026-02-18,2026-02-17T23:00:00,2026-09-23T11:00:08.944597+00:00,7,2026-02-18T06:00:00,Asia/Almaty,turbine_1,1.5575,1.5575,1,1.67925,,11.27,-7.9,1.2473,MOCK_MODE_SYNTHESIS,SYNTHETIC_DEMO,UNVERIFIED_NO_ACTUALS,False,True
2026-02-18,2026-02-18,2026-02-17T23:00:00,2026-09-23T11:00:08.944597+00:00,8,2026-02-18T07:00:00,Asia/Almaty,turbine_1,0.20275,0.20275,1,0.2415,,7.34,-5.3,1.2415,MOCK_MODE_SYNTHESIS,SYNTHETIC_DEMO,UNVERIFIED_NO_ACTUALS,False,True
2026-02-18,2026-02-18,2026-02-17T23:00:00,2026-09-23T11:00:08.944597+00:00,9,2026-02-18T08:00:00,Asia/Almaty,turbine_1,0.2815,0.2815,1,0.33325,,7.81,-7.8,1.2577,MOCK_MODE_SYNTHESIS,SYNTHETIC_DEMO,UNVERIFIED_NO_ACTUALS,False,True
2026-02-18,2026-02-18,2026-02-17T23:00:00,2026-09-23T11:00:08.944597+00:00,10,2026-02-18T09:00:00,Asia/Almaty,turbine_1,2.401,2.401,1,2.49775,,12.48,-4.3,1.2316,MOCK_MODE_SYNTHESIS,SYNTHETIC_DEMO,UNVERIFIED_NO_ACTUALS,False,True
2026-02-18,2026-02-18,2026-02-17T23:00:00,2026-09-23T11:00:08.944597+00:00,11,2026-02-18T10:00:00,Asia/Almaty,turbine_1,2.33675,2.33675,1,2.5,,15.52,-2.3,1.2193,MOCK_MODE_SYNTHESIS,SYNTHETIC_DEMO,UNVERIFIED_NO_ACTUALS,False,True
2026-02-18,2026-02-18,2026-02-17T23:00:00,2026-09-23T11:00:08.944597+00:00,12,2026-02-18T11:00:00,Asia/Almaty,turbine_1,0.677,0.677,1,0.695,,9.21,-1.8,1.2191,MOCK_MODE_SYNTHESIS,SYNTHETIC_DEMO,UNVERIFIED_NO_ACTUALS,False,True
2026-02-18,2026-02-18,2026-02-17T23:00:00,2026-09-23T11:00:08.944597+00:00,13,2026-02-18T12:00:00,Asia/Almaty,turbine_1,2.302,2.302,1,2.5,,20.84,-5.5,1.2363,MOCK_MODE_SYNTHESIS,SYNTHETIC_DEMO,UNVERIFIED_NO_ACTUALS,False,True
2026-02-18,2026-02-18,2026-02-17T23:00:00,2026-09-23T11:00:08.944597+00:00,14,2026-02-18T13:00:00,Asia/Almaty,turbine_1,2.44175,2.44175,1,2.5,,13.64,2.7,1.1986,MOCK_MODE_SYNTHESIS,SYNTHETIC_DEMO,UNVERIFIED_NO_ACTUALS,False,True
2026-02-18,2026-02-18,2026-02-17T23:00:00,2026-09-23T11:00:08.944597+00:00,15,2026-02-18T14:00:00,Asia/Almaty,turbine_1,2.454,2.454,1,2.5,,15.4,0.9,1.2085,MOCK_MODE_SYNTHESIS,SYNTHETIC_DEMO,UNVERIFIED_NO_ACTUALS,False,True
2026-02-18,2026-02-18,2026-02-17T23:00:00,2026-09-23T11:00:08.944597+00:00,16,2026-02-18T15:00:00,Asia/Almaty,turbine_1,0.39975,0.39975,1,0.41475,,8.26,3.2,1.197,MOCK_MODE_SYNTHESIS,SYNTHETIC_DEMO,UNVERIFIED_NO_ACTUALS,False,True
2026-02-18,2026-02-18,2026-02-17T23:00:00,2026-09-23T11:00:08.944597+00:00,17,2026-02-18T16:00:00,Asia/Almaty,turbine_1,1.888,1.888,1,1.93175,,11.77,3.2,1.2032,MOCK_MODE_SYNTHESIS,SYNTHETIC_DEMO,UNVERIFIED_NO_ACTUALS,False,True
2026-02-18,2026-02-18,2026-02-17T23:00:00,2026-09-23T11:00:08.944597+00:00,18,2026-02-18T17:00:00,Asia/Almaty,turbine_1,2.39725,2.39725,1,2.376,,12.39,2.6,1.2056,MOCK_MODE_SYNTHESIS,SYNTHETIC_DEMO,UNVERIFIED_NO_ACTUALS,False,True
2026-02-18,2026-02-18,2026-02-17T23:00:00,2026-09-23T11:00:08.944597+00:00,19,2026-02-18T18:00:00,Asia/Almaty,turbine_1,2.43975,2.43975,1,2.4235,,12.44,0.4,1.2103,MOCK_MODE_SYNTHESIS,SYNTHETIC_DEMO,UNVERIFIED_NO_ACTUALS,False,True
2026-02-18,2026-02-18,2026-02-17T23:00:00,2026-09-23T11:00:08.944597+00:00,20,2026-02-18T19:00:00,Asia/Almaty,turbine_1,1.42775,1.42775,1,1.46725,,10.99,-0.6,1.2084,MOCK_MODE_SYNTHESIS,SYNTHETIC_DEMO,UNVERIFIED_NO_ACTUALS,False,True
2026-02-18,2026-02-18,2026-02-17T23:00:00,2026-09-23T11:00:08.944597+00:00,21,2026-02-18T20:00:00,Asia/Almaty,turbine_1,1.508,1.508,1,1.4855,,11.03,1.3,1.2053,MOCK_MODE_SYNTHESIS,SYNTHETIC_DEMO,UNVERIFIED_NO_ACTUALS,False,True
2026-02-18,2026-02-18,2026-02-17T23:00:00,2026-09-23T11:00:08.944597+00:00,22,2026-02-18T21:00:00,Asia/Almaty,turbine_1,0.70325,0.70325,1,0.705,,9.24,-2.7,1.219,MOCK_MODE_SYNTHESIS,SYNTHETIC_DEMO,UNVERIFIED_NO_ACTUALS,False,True
2026-02-18,2026-02-18,2026-02-17T23:00:00,2026-09-23T11:00:08.944597+00:00,23,2026-02-18T22:00:00,Asia/Almaty,turbine_1,0.533,0.533,1,0.55275,,8.75,-1.8,1.2215,MOCK_MODE_SYNTHESIS,SYNTHETIC_DEMO,UNVERIFIED_NO_ACTUALS,False,True
2026-02-18,2026-02-18,2026-02-17T23:00:00,2026-09-23T11:00:08.944597+00:00,24,2026-02-18T23:00:00,Asia/Almaty,turbine_1,0.06975,0.06975,1,0.081,,6.02,-6.4,1.2361,MOCK_MODE_SYNTHESIS,SYNTHETIC_DEMO,UNVERIFIED_NO_ACTUALS,False,True
2026-02-18,2026-02-18,2026-02-17T23:00:00,2026-09-23T11:00:08.959785+00:00,1,2026-02-18T00:00:00,Asia/Almaty,turbine_2,0.016,0.016,1,0.00825,,4.41,-6.9,1.243,MOCK_MODE_SYNTHESIS,SYNTHETIC_DEMO,UNVERIFIED_NO_ACTUALS,False,True
2026-02-18,2026-02-18,2026-02-17T23:00:00,2026-09-23T11:00:08.959785+00:00,2,2026-02-18T01:00:00,Asia/Almaty,turbine_2,0.04025,0.04025,1,0.041,,5.4,-6.9,1.2438,MOCK_MODE_SYNTHESIS,SYNTHETIC_DEMO,UNVERIFIED_NO_ACTUALS,False,True
2026-02-18,2026-02-18,2026-02-17T23:00:00,2026-09-23T11:00:08.959785+00:00,3,2026-02-18T02:00:00,Asia/Almaty,turbine_2,0.461,0.461,1,0.5105,,8.56,-7.8,1.248,MOCK_MODE_SYNTHESIS,SYNTHETIC_DEMO,UNVERIFIED_NO_ACTUALS,False,True
2026-02-18,2026-02-18,2026-02-17T23:00:00,2026-09-23T11:00:08.959785+00:00,4,2026-02-18T03:00:00,Asia/Almaty,turbine_2,0.9165,0.9165,1,0.979,,9.93,-6.5,1.2359,MOCK_MODE_SYNTHESIS,SYNTHETIC_DEMO,UNVERIFIED_NO_ACTUALS,False,True
2026-02-18,2026-02-18,2026-02-17T23:00:00,2026-09-23T11:00:08.959785+00:00,5,2026-02-18T04:00:00,Asia/Almaty,turbine_2,0.0,0.0,1,0.015,,4.72,-7.8,1.2434,MOCK_MODE_SYNTHESIS,SYNTHETIC_DEMO,UNVERIFIED_NO_ACTUALS,False,True
2026-02-18,2026-02-18,2026-02-17T23:00:00,2026-09-23T11:00:08.959785+00:00,6,2026-02-18T05:00:00,Asia/Almaty,turbine_2,0.01425,0.01425,1,0.0405,,5.38,-8.7,1.2611,MOCK_MODE_SYNTHESIS,SYNTHETIC_DEMO,UNVERIFIED_NO_ACTUALS,False,True
2026-02-18,2026-02-18,2026-02-17T23:00:00,2026-09-23T11:00:08.959785+00:00,7,2026-02-18T06:00:00,Asia/Almaty,turbine_2,1.5575,1.5575,1,1.67925,,11.27,-7.9,1.2473,MOCK_MODE_SYNTHESIS,SYNTHETIC_DEMO,UNVERIFIED_NO_ACTUALS,False,True
2026-02-18,2026-02-18,2026-02-17T23:00:00,2026-09-23T11:00:08.959785+00:00,8,2026-02-18T07:00:00,Asia/Almaty,turbine_2,0.20275,0.20275,1,0.2415,,7.34,-5.3,1.2415,MOCK_MODE_SYNTHESIS,SYNTHETIC_DEMO,UNVERIFIED_NO_ACTUALS,False,True
2026-02-18,2026-02-18,2026-02-17T23:00:00,2026-09-23T11:00:08.959785+00:00,9,2026-02-18T08:00:00,Asia/Almaty,turbine_2,0.2815,0.2815,1,0.33325,,7.81,-7.8,1.2577,MOCK_MODE_SYNTHESIS,SYNTHETIC_DEMO,UNVERIFIED_NO_ACTUALS,False,True
2026-02-18,2026-02-18,2026-02-17T23:00:00,2026-09-23T11:00:08.959785+00:00,10,2026-02-18T09:00:00,Asia/Almaty,turbine_2,2.401,2.401,1,2.49775,,12.48,-4.3,1.2316,MOCK_MODE_SYNTHESIS,SYNTHETIC_DEMO,UNVERIFIED_NO_ACTUALS,False,True
2026-02-18,2026-02-18,2026-02-17T23:00:00,2026-09-23T11:00:08.959785+00:00,11,2026-02-18T10:00:00,Asia/Almaty,turbine_2,2.33675,2.33675,1,2.5,,15.52,-2.3,1.2193,MOCK_MODE_SYNTHESIS,SYNTHETIC_DEMO,UNVERIFIED_NO_ACTUALS,False,True
2026-02-18,2026-02-18,2026-02-17T23:00:00,2026-09-23T11:00:08.959785+00:00,12,2026-02-18T11:00:00,Asia/Almaty,turbine_2,0.677,0.677,1,0.695,,9.21,-1.8,1.2191,MOCK_MODE_SYNTHESIS,SYNTHETIC_DEMO,UNVERIFIED_NO_ACTUALS,False,True
2026-02-18,2026-02-18,2026-02-17T23:00:00,2026-09-23T11:00:08.959785+00:00,13,2026-02-18T12:00:00,Asia/Almaty,turbine_2,2.302,2.302,1,2.5,,20.84,-5.5,1.2363,MOCK_MODE_SYNTHESIS,SYNTHETIC_DEMO,UNVERIFIED_NO_ACTUALS,False,True
2026-02-18,2026-02-18,2026-02-17T23:00:00,2026-09-23T11:00:08.959785+00:00,14,2026-02-18T13:00:00,Asia/Almaty,turbine_2,2.44175,2.44175,1,2.5,,13.64,2.7,1.1986,MOCK_MODE_SYNTHESIS,SYNTHETIC_DEMO,UNVERIFIED_NO_ACTUALS,False,True
2026-02-18,2026-02-18,2026-02-17T23:00:00,2026-09-23T11:00:08.959785+00:00,15,2026-02-18T14:00:00,Asia/Almaty,turbine_2,2.454,2.454,1,2.5,,15.4,0.9,1.2085,MOCK_MODE_SYNTHESIS,SYNTHETIC_DEMO,UNVERIFIED_NO_ACTUALS,False,True
2026-02-18,2026-02-18,2026-02-17T23:00:00,2026-09-23T11:00:08.959785+00:00,16,2026-02-18T15:00:00,Asia/Almaty,turbine_2,0.39975,0.39975,1,0.41475,,8.26,3.2,1.197,MOCK_MODE_SYNTHESIS,SYNTHETIC_DEMO,UNVERIFIED_NO_ACTUALS,False,True
2026-02-18,2026-02-18,2026-02-17T23:00:00,2026-09-23T11:00:08.959785+00:00,17,2026-02-18T16:00:00,Asia/Almaty,turbine_2,1.888,1.888,1,1.93175,,11.77,3.2,1.2032,MOCK_MODE_SYNTHESIS,SYNTHETIC_DEMO,UNVERIFIED_NO_ACTUALS,False,True
2026-02-18,2026-02-18,2026-02-17T23:00:00,2026-09-23T11:00:08.959785+00:00,18,2026-02-18T17:00:00,Asia/Almaty,turbine_2,2.39725,2.39725,1,2.376,,12.39,2.6,1.2056,MOCK_MODE_SYNTHESIS,SYNTHETIC_DEMO,UNVERIFIED_NO_ACTUALS,False,True
2026-02-18,2026-02-18,2026-02-17T23:00:00,2026-09-23T11:00:08.959785+00:00,19,2026-02-18T18:00:00,Asia/Almaty,turbine_2,2.43975,2.43975,1,2.4235,,12.44,0.4,1.2103,MOCK_MODE_SYNTHESIS,SYNTHETIC_DEMO,UNVERIFIED_NO_ACTUALS,False,True
2026-02-18,2026-02-18,2026-02-17T23:00:00,2026-09-23T11:00:08.959785+00:00,20,2026-02-18T19:00:00,Asia/Almaty,turbine_2,1.42775,1.42775,1,1.46725,,10.99,-0.6,1.2084,MOCK_MODE_SYNTHESIS,SYNTHETIC_DEMO,UNVERIFIED_NO_ACTUALS,False,True
2026-02-18,2026-02-18,2026-02-17T23:00:00,2026-09-23T11:00:08.959785+00:00,21,2026-02-18T20:00:00,Asia/Almaty,turbine_2,1.508,1.508,1,1.4855,,11.03,1.3,1.2053,MOCK_MODE_SYNTHESIS,SYNTHETIC_DEMO,UNVERIFIED_NO_ACTUALS,False,True
2026-02-18,2026-02-18,2026-02-17T23:00:00,2026-09-23T11:00:08.959785+00:00,22,2026-02-18T21:00:00,Asia/Almaty,turbine_2,0.70325,0.70325,1,0.705,,9.24,-2.7,1.219,MOCK_MODE_SYNTHESIS,SYNTHETIC_DEMO,UNVERIFIED_NO_ACTUALS,False,True
2026-02-18,2026-02-18,2026-02-17T23:00:00,2026-09-23T11:00:08.959785+00:00,23,2026-02-18T22:00:00,Asia/Almaty,turbine_2,0.533,0.533,1,0.55275,,8.75,-1.8,1.2215,MOCK_MODE_SYNTHESIS,SYNTHETIC_DEMO,UNVERIFIED_NO_ACTUALS,False,True
2026-02-18,2026-02-18,2026-02-17T23:00:00,2026-09-23T11:00:08.959785+00:00,24,2026-02-18T23:00:00,Asia/Almaty,turbine_2,0.06975,0.06975,1,0.081,,6.02,-6.4,1.2361,MOCK_MODE_SYNTHESIS,SYNTHETIC_DEMO,UNVERIFIED_NO_ACTUALS,False,True
2026-02-19,2026-02-19,2026-02-18T23:00:00,2026-09-23T11:00:08.975634+00:00,1,2026-02-19T00:00:00,Asia/Almaty,turbine_1,0.014,0.014,1,0.0005,,3.54,-7.9,1.249,MOCK_MODE_SYNTHESIS,SYNTHETIC_DEMO,UNVERIFIED_NO_ACTUALS,False,True
2026-02-19,2026-02-19,2026-02-18T23:00:00,2026-09-23T11:00:08.975634+00:00,2,2026-02-19T01:00:00,Asia/Almaty,turbine_1,0.0,0.0,1,0.0,,2.71,-8.0,1.2504,MOCK_MODE_SYNTHESIS,SYNTHETIC_DEMO,UNVERIFIED_NO_ACTUALS,False,True
2026-02-19,2026-02-19,2026-02-18T23:00:00,2026-09-23T11:00:08.975634+00:00,3,2026-02-19T02:00:00,Asia/Almaty,turbine_1,0.0,0.0,1,0.0,,2.7,-8.0,1.2454,MOCK_MODE_SYNTHESIS,SYNTHETIC_DEMO,UNVERIFIED_NO_ACTUALS,False,True
2026-02-19,2026-02-19,2026-02-18T23:00:00,2026-09-23T11:00:08.975634+00:00,4,2026-02-19T03:00:00,Asia/Almaty,turbine_1,0.0,0.0,1,0.0,,0.16,-7.1,1.2473,MOCK_MODE_SYNTHESIS,SYNTHETIC_DEMO,UNVERIFIED_NO_ACTUALS,False,True
2026-02-19,2026-02-19,2026-02-18T23:00:00,2026-09-23T11:00:08.975634+00:00,5,2026-02-19T04:00:00,Asia/Almaty,turbine_1,0.059,0.059,1,0.0975,,6.2,-7.3,1.251,MOCK_MODE_SYNTHESIS,SYNTHETIC_DEMO,UNVERIFIED_NO_ACTUALS,False,True
2026-02-19,2026-02-19,2026-02-18T23:00:00,2026-09-23T11:00:08.975634+00:00,6,2026-02-19T05:00:00,Asia/Almaty,turbine_1,0.0,0.0,1,0.0,,2.47,-8.7,1.2495,MOCK_MODE_SYNTHESIS,SYNTHETIC_DEMO,UNVERIFIED_NO_ACTUALS,False,True
2026-02-19,2026-02-19,2026-02-18T23:00:00,2026-09-23T11:00:08.975634+00:00,7,2026-02-19T06:00:00,Asia/Almaty,turbine_1,0.0615,0.0615,1,0.1015,,6.24,-9.5,1.2544,MOCK_MODE_SYNTHESIS,SYNTHETIC_DEMO,UNVERIFIED_NO_ACTUALS,False,True
2026-02-19,2026-02-19,2026-02-18T23:00:00,2026-09-23T11:00:08.975634+00:00,8,2026-02-19T07:00:00,Asia/Almaty,turbine_1,2.345,2.345,1,2.5,,17.37,-9.7,1.2522,MOCK_MODE_SYNTHESIS,SYNTHETIC_DEMO,UNVERIFIED_NO_ACTUALS,False,True
2026-02-19,2026-02-19,2026-02-18T23:00:00,2026-09-23T11:00:08.975634+00:00,9,2026-02-19T08:00:00,Asia/Almaty,turbine_1,2.34675,2.34675,1,2.5,,13.92,-6.5,1.2441,MOCK_MODE_SYNTHESIS,SYNTHETIC_DEMO,UNVERIFIED_NO_ACTUALS,False,True
2026-02-19,2026-02-19,2026-02-18T23:00:00,2026-09-23T11:00:08.975634+00:00,10,2026-02-19T09:00:00,Asia/Almaty,turbine_1,2.3425,2.3425,1,2.5,,15.59,-5.5,1.2377,MOCK_MODE_SYNTHESIS,SYNTHETIC_DEMO,UNVERIFIED_NO_ACTUALS,False,True
2026-02-19,2026-02-19,2026-02-18T23:00:00,2026-09-23T11:00:08.975634+00:00,11,2026-02-19T10:00:00,Asia/Almaty,turbine_1,2.3785,2.3785,1,2.5,,12.98,-4.8,1.2297,MOCK_MODE_SYNTHESIS,SYNTHETIC_DEMO,UNVERIFIED_NO_ACTUALS,False,True
2026-02-19,2026-02-19,2026-02-18T23:00:00,2026-09-23T11:00:08.975634+00:00,12,2026-02-19T11:00:00,Asia/Almaty,turbine_1,2.41425,2.41425,1,2.5,,13.6,-1.7,1.2214,MOCK_MODE_SYNTHESIS,SYNTHETIC_DEMO,UNVERIFIED_NO_ACTUALS,False,True
2026-02-19,2026-02-19,2026-02-18T23:00:00,2026-09-23T11:00:08.975634+00:00,13,2026-02-19T12:00:00,Asia/Almaty,turbine_1,2.1255,2.1255,1,2.18375,,12.08,-3.1,1.2255,MOCK_MODE_SYNTHESIS,SYNTHETIC_DEMO,UNVERIFIED_NO_ACTUALS,False,True
2026-02-19,2026-02-19,2026-02-18T23:00:00,2026-09-23T11:00:08.975634+00:00,14,2026-02-19T13:00:00,Asia/Almaty,turbine_1,2.42825,2.42825,1,2.5,,14.64,0.3,1.2086,MOCK_MODE_SYNTHESIS,SYNTHETIC_DEMO,UNVERIFIED_NO_ACTUALS,False,True
2026-02-19,2026-02-19,2026-02-18T23:00:00,2026-09-23T11:00:08.975634+00:00,15,2026-02-19T14:00:00,Asia/Almaty,turbine_1,2.44275,2.44275,1,2.5,,17.8,0.9,1.2034,MOCK_MODE_SYNTHESIS,SYNTHETIC_DEMO,UNVERIFIED_NO_ACTUALS,False,True
2026-02-19,2026-02-19,2026-02-18T23:00:00,2026-09-23T11:00:08.975634+00:00,16,2026-02-19T15:00:00,Asia/Almaty,turbine_1,2.44825,2.44825,1,2.5,,19.15,2.9,1.1982,MOCK_MODE_SYNTHESIS,SYNTHETIC_DEMO,UNVERIFIED_NO_ACTUALS,False,True
2026-02-19,2026-02-19,2026-02-18T23:00:00,2026-09-23T11:00:08.975634+00:00,17,2026-02-19T16:00:00,Asia/Almaty,turbine_1,2.4135,2.4135,1,2.5,,13.01,0.9,1.2122,MOCK_MODE_SYNTHESIS,SYNTHETIC_DEMO,UNVERIFIED_NO_ACTUALS,False,True
2026-02-19,2026-02-19,2026-02-18T23:00:00,2026-09-23T11:00:08.975634+00:00,18,2026-02-19T17:00:00,Asia/Almaty,turbine_1,2.40325,2.40325,1,2.5,,14.83,-0.8,1.215,MOCK_MODE_SYNTHESIS,SYNTHETIC_DEMO,UNVERIFIED_NO_ACTUALS,False,True
2026-02-19,2026-02-19,2026-02-18T23:00:00,2026-09-23T11:00:08.975634+00:00,19,2026-02-19T18:00:00,Asia/Almaty,turbine_1,1.83225,1.83225,1,1.8665,,11.65,0.8,1.2116,MOCK_MODE_SYNTHESIS,SYNTHETIC_DEMO,UNVERIFIED_NO_ACTUALS,False,True
2026-02-19,2026-02-19,2026-02-18T23:00:00,2026-09-23T11:00:08.975634+00:00,20,2026-02-19T19:00:00,Asia/Almaty,turbine_1,2.41275,2.41275,1,2.5,,13.28,-0.3,1.2114,MOCK_MODE_SYNTHESIS,SYNTHETIC_DEMO,UNVERIFIED_NO_ACTUALS,False,True
2026-02-19,2026-02-19,2026-02-18T23:00:00,2026-09-23T11:00:08.975634+00:00,21,2026-02-19T20:00:00,Asia/Almaty,turbine_1,0.6795,0.6795,1,0.69375,,9.2,-3.6,1.223,MOCK_MODE_SYNTHESIS,SYNTHETIC_DEMO,UNVERIFIED_NO_ACTUALS,False,True
2026-02-19,2026-02-19,2026-02-18T23:00:00,2026-09-23T11:00:08.975634+00:00,22,2026-02-19T21:00:00,Asia/Almaty,turbine_1,2.17525,2.17525,1,2.1815,,12.08,-2.8,1.2243,MOCK_MODE_SYNTHESIS,SYNTHETIC_DEMO,UNVERIFIED_NO_ACTUALS,False,True
2026-02-19,2026-02-19,2026-02-18T23:00:00,2026-09-23T11:00:08.975634+00:00,23,2026-02-19T22:00:00,Asia/Almaty,turbine_1,2.42025,2.42025,1,2.5,,12.71,-3.5,1.227,MOCK_MODE_SYNTHESIS,SYNTHETIC_DEMO,UNVERIFIED_NO_ACTUALS,False,True
2026-02-19,2026-02-19,2026-02-18T23:00:00,2026-09-23T11:00:08.975634+00:00,24,2026-02-19T23:00:00,Asia/Almaty,turbine_1,0.49575,0.49575,1,0.50775,,8.58,-3.6,1.2275,MOCK_MODE_SYNTHESIS,SYNTHETIC_DEMO,UNVERIFIED_NO_ACTUALS,False,True
2026-02-19,2026-02-19,2026-02-18T23:00:00,2026-09-23T11:00:08.990867+00:00,1,2026-02-19T00:00:00,Asia/Almaty,turbine_2,0.014,0.014,1,0.0005,,3.54,-7.9,1.249,MOCK_MODE_SYNTHESIS,SYNTHETIC_DEMO,UNVERIFIED_NO_ACTUALS,False,True
2026-02-19,2026-02-19,2026-02-18T23:00:00,2026-09-23T11:00:08.990867+00:00,2,2026-02-19T01:00:00,Asia/Almaty,turbine_2,0.0,0.0,1,0.0,,2.71,-8.0,1.2504,MOCK_MODE_SYNTHESIS,SYNTHETIC_DEMO,UNVERIFIED_NO_ACTUALS,False,True
2026-02-19,2026-02-19,2026-02-18T23:00:00,2026-09-23T11:00:08.990867+00:00,3,2026-02-19T02:00:00,Asia/Almaty,turbine_2,0.0,0.0,1,0.0,,2.7,-8.0,1.2454,MOCK_MODE_SYNTHESIS,SYNTHETIC_DEMO,UNVERIFIED_NO_ACTUALS,False,True
2026-02-19,2026-02-19,2026-02-18T23:00:00,2026-09-23T11:00:08.990867+00:00,4,2026-02-19T03:00:00,Asia/Almaty,turbine_2,0.0,0.0,1,0.0,,0.16,-7.1,1.2473,MOCK_MODE_SYNTHESIS,SYNTHETIC_DEMO,UNVERIFIED_NO_ACTUALS,False,True
2026-02-19,2026-02-19,2026-02-18T23:00:00,2026-09-23T11:00:08.990867+00:00,5,2026-02-19T04:00:00,Asia/Almaty,turbine_2,0.059,0.059,1,0.0975,,6.2,-7.3,1.251,MOCK_MODE_SYNTHESIS,SYNTHETIC_DEMO,UNVERIFIED_NO_ACTUALS,False,True
2026-02-19,2026-02-19,2026-02-18T23:00:00,2026-09-23T11:00:08.990867+00:00,6,2026-02-19T05:00:00,Asia/Almaty,turbine_2,0.0,0.0,1,0.0,,2.47,-8.7,1.2495,MOCK_MODE_SYNTHESIS,SYNTHETIC_DEMO,UNVERIFIED_NO_ACTUALS,False,True
2026-02-19,2026-02-19,2026-02-18T23:00:00,2026-09-23T11:00:08.990867+00:00,7,2026-02-19T06:00:00,Asia/Almaty,turbine_2,0.0615,0.0615,1,0.1015,,6.24,-9.5,1.2544,MOCK_MODE_SYNTHESIS,SYNTHETIC_DEMO,UNVERIFIED_NO_ACTUALS,False,True
2026-02-19,2026-02-19,2026-02-18T23:00:00,2026-09-23T11:00:08.990867+00:00,8,2026-02-19T07:00:00,Asia/Almaty,turbine_2,2.345,2.345,1,2.5,,17.37,-9.7,1.2522,MOCK_MODE_SYNTHESIS,SYNTHETIC_DEMO,UNVERIFIED_NO_ACTUALS,False,True
2026-02-19,2026-02-19,2026-02-18T23:00:00,2026-09-23T11:00:08.990867+00:00,9,2026-02-19T08:00:00,Asia/Almaty,turbine_2,2.34675,2.34675,1,2.5,,13.92,-6.5,1.2441,MOCK_MODE_SYNTHESIS,SYNTHETIC_DEMO,UNVERIFIED_NO_ACTUALS,False,True
2026-02-19,2026-02-19,2026-02-18T23:00:00,2026-09-23T11:00:08.990867+00:00,10,2026-02-19T09:00:00,Asia/Almaty,turbine_2,2.3425,2.3425,1,2.5,,15.59,-5.5,1.2377,MOCK_MODE_SYNTHESIS,SYNTHETIC_DEMO,UNVERIFIED_NO_ACTUALS,False,True
2026-02-19,2026-02-19,2026-02-18T23:00:00,2026-09-23T11:00:08.990867+00:00,11,2026-02-19T10:00:00,Asia/Almaty,turbine_2,2.3785,2.3785,1,2.5,,12.98,-4.8,1.2297,MOCK_MODE_SYNTHESIS,SYNTHETIC_DEMO,UNVERIFIED_NO_ACTUALS,False,True
2026-02-19,2026-02-19,2026-02-18T23:00:00,2026-09-23T11:00:08.990867+00:00,12,2026-02-19T11:00:00,Asia/Almaty,turbine_2,2.41425,2.41425,1,2.5,,13.6,-1.7,1.2214,MOCK_MODE_SYNTHESIS,SYNTHETIC_DEMO,UNVERIFIED_NO_ACTUALS,False,True
2026-02-19,2026-02-19,2026-02-18T23:00:00,2026-09-23T11:00:08.990867+00:00,13,2026-02-19T12:00:00,Asia/Almaty,turbine_2,2.1255,2.1255,1,2.18375,,12.08,-3.1,1.2255,MOCK_MODE_SYNTHESIS,SYNTHETIC_DEMO,UNVERIFIED_NO_ACTUALS,False,True
2026-02-19,2026-02-19,2026-02-18T23:00:00,2026-09-23T11:00:08.990867+00:00,14,2026-02-19T13:00:00,Asia/Almaty,turbine_2,2.42825,2.42825,1,2.5,,14.64,0.3,1.2086,MOCK_MODE_SYNTHESIS,SYNTHETIC_DEMO,UNVERIFIED_NO_ACTUALS,False,True
2026-02-19,2026-02-19,2026-02-18T23:00:00,2026-09-23T11:00:08.990867+00:00,15,2026-02-19T14:00:00,Asia/Almaty,turbine_2,2.44275,2.44275,1,2.5,,17.8,0.9,1.2034,MOCK_MODE_SYNTHESIS,SYNTHETIC_DEMO,UNVERIFIED_NO_ACTUALS,False,True
2026-02-19,2026-02-19,2026-02-18T23:00:00,2026-09-23T11:00:08.990867+00:00,16,2026-02-19T15:00:00,Asia/Almaty,turbine_2,2.44825,2.44825,1,2.5,,19.15,2.9,1.1982,MOCK_MODE_SYNTHESIS,SYNTHETIC_DEMO,UNVERIFIED_NO_ACTUALS,False,True
2026-02-19,2026-02-19,2026-02-18T23:00:00,2026-09-23T11:00:08.990867+00:00,17,2026-02-19T16:00:00,Asia/Almaty,turbine_2,2.4135,2.4135,1,2.5,,13.01,0.9,1.2122,MOCK_MODE_SYNTHESIS,SYNTHETIC_DEMO,UNVERIFIED_NO_ACTUALS,False,True
2026-02-19,2026-02-19,2026-02-18T23:00:00,2026-09-23T11:00:08.990867+00:00,18,2026-02-19T17:00:00,Asia/Almaty,turbine_2,2.40325,2.40325,1,2.5,,14.83,-0.8,1.215,MOCK_MODE_SYNTHESIS,SYNTHETIC_DEMO,UNVERIFIED_NO_ACTUALS,False,True
2026-02-19,2026-02-19,2026-02-18T23:00:00,2026-09-23T11:00:08.990867+00:00,19,2026-02-19T18:00:00,Asia/Almaty,turbine_2,1.83225,1.83225,1,1.8665,,11.65,0.8,1.2116,MOCK_MODE_SYNTHESIS,SYNTHETIC_DEMO,UNVERIFIED_NO_ACTUALS,False,True
2026-02-19,2026-02-19,2026-02-18T23:00:00,2026-09-23T11:00:08.990867+00:00,20,2026-02-19T19:00:00,Asia/Almaty,turbine_2,2.41275,2.41275,1,2.5,,13.28,-0.3,1.2114,MOCK_MODE_SYNTHESIS,SYNTHETIC_DEMO,UNVERIFIED_NO_ACTUALS,False,True
2026-02-19,2026-02-19,2026-02-18T23:00:00,2026-09-23T11:00:08.990867+00:00,21,2026-02-19T20:00:00,Asia/Almaty,turbine_2,0.6795,0.6795,1,0.69375,,9.2,-3.6,1.223,MOCK_MODE_SYNTHESIS,SYNTHETIC_DEMO,UNVERIFIED_NO_ACTUALS,False,True
2026-02-19,2026-02-19,2026-02-18T23:00:00,2026-09-23T11:00:08.990867+00:00,22,2026-02-19T21:00:00,Asia/Almaty,turbine_2,2.17525,2.17525,1,2.1815,,12.08,-2.8,1.2243,MOCK_MODE_SYNTHESIS,SYNTHETIC_DEMO,UNVERIFIED_NO_ACTUALS,False,True
2026-02-19,2026-02-19,2026-02-18T23:00:00,2026-09-23T11:00:08.990867+00:00,23,2026-02-19T22:00:00,Asia/Almaty,turbine_2,2.42025,2.42025,1,2.5,,12.71,-3.5,1.227,MOCK_MODE_SYNTHESIS,SYNTHETIC_DEMO,UNVERIFIED_NO_ACTUALS,False,True
2026-02-19,2026-02-19,2026-02-18T23:00:00,2026-09-23T11:00:08.990867+00:00,24,2026-02-19T23:00:00,Asia/Almaty,turbine_2,0.49575,0.49575,1,0.50775,,8.58,-3.6,1.2275,MOCK_MODE_SYNTHESIS,SYNTHETIC_DEMO,UNVERIFIED_NO_ACTUALS,False,True
2026-02-20,2026-02-20,2026-02-19T23:00:00,2026-09-23T11:00:09.006864+00:00,1,2026-02-20T00:00:00,Asia/Almaty,turbine_1,0.03525,0.03525,1,0.04275,,5.43,-7.8,1.2498,MOCK_MODE_SYNTHESIS,SYNTHETIC_DEMO,UNVERIFIED_NO_ACTUALS,False,True
2026-02-20,2026-02-20,2026-02-19T23:00:00,2026-09-23T11:00:09.006864+00:00,2,2026-02-20T01:00:00,Asia/Almaty,turbine_1,0.02025,0.02025,1,0.0,,3.24,-6.0,1.2426,MOCK_MODE_SYNTHESIS,SYNTHETIC_DEMO,UNVERIFIED_NO_ACTUALS,False,True
2026-02-20,2026-02-20,2026-02-19T23:00:00,2026-09-23T11:00:09.006864+00:00,3,2026-02-20T02:00:00,Asia/Almaty,turbine_1,0.0,0.0,1,0.0,,0.01,-6.0,1.2336,MOCK_MODE_SYNTHESIS,SYNTHETIC_DEMO,UNVERIFIED_NO_ACTUALS,False,True
2026-02-20,2026-02-20,2026-02-19T23:00:00,2026-09-23T11:00:09.006864+00:00,4,2026-02-20T03:00:00,Asia/Almaty,turbine_1,0.53375,0.53375,1,0.59275,,8.84,-7.8,1.2501,MOCK_MODE_SYNTHESIS,SYNTHETIC_DEMO,UNVERIFIED_NO_ACTUALS,False,True
2026-02-20,2026-02-20,2026-02-19T23:00:00,2026-09-23T11:00:09.006864+00:00,5,2026-02-20T04:00:00,Asia/Almaty,turbine_1,0.0,0.0,1,0.0,,1.96,-7.5,1.2434,MOCK_MODE_SYNTHESIS,SYNTHETIC_DEMO,UNVERIFIED_NO_ACTUALS,False,True
2026-02-20,2026-02-20,2026-02-19T23:00:00,2026-09-23T11:00:09.006864+00:00,6,2026-02-20T05:00:00,Asia/Almaty,turbine_1,0.0,0.0,1,0.0,,3.07,-9.5,1.2513,MOCK_MODE_SYNTHESIS,SYNTHETIC_DEMO,UNVERIFIED_NO_ACTUALS,False,True
2026-02-20,2026-02-20,2026-02-19T23:00:00,2026-09-23T11:00:09.006864+00:00,7,2026-02-20T06:00:00,Asia/Almaty,turbine_1,0.01425,0.01425,1,0.035,,5.27,-9.7,1.2606,MOCK_MODE_SYNTHESIS,SYNTHETIC_DEMO,UNVERIFIED_NO_ACTUALS,False,True
2026-02-20,2026-02-20,2026-02-19T23:00:00,2026-09-23T11:00:09.006864+00:00,8,2026-02-20T07:00:00,Asia/Almaty,turbine_1,0.987,0.987,1,1.103,,10.21,-6.2,1.2365,MOCK_MODE_SYNTHESIS,SYNTHETIC_DEMO,UNVERIFIED_NO_ACTUALS,False,True
2026-02-20,2026-02-20,2026-02-19T23:00:00,2026-09-23T11:00:09.006864+00:00,9,2026-02-20T08:00:00,Asia/Almaty,turbine_1,0.33125,0.33125,1,0.3765,,8.03,-6.0,1.2427,MOCK_MODE_SYNTHESIS,SYNTHETIC_DEMO,UNVERIFIED_NO_ACTUALS,False,True
2026-02-20,2026-02-20,2026-02-19T23:00:00,2026-09-23T11:00:09.006864+00:00,10,2026-02-20T09:00:00,Asia/Almaty,turbine_1,2.3595,2.3595,1,2.5,,15.48,-5.0,1.2337,MOCK_MODE_SYNTHESIS,SYNTHETIC_DEMO,UNVERIFIED_NO_ACTUALS,False,True
2026-02-20,2026-02-20,2026-02-19T23:00:00,2026-09-23T11:00:09.006864+00:00,11,2026-02-20T10:00:00,Asia/Almaty,turbine_1,2.3365,2.3365,1,2.5,,16.86,-3.9,1.2264,MOCK_MODE_SYNTHESIS,SYNTHETIC_DEMO,UNVERIFIED_NO_ACTUALS,False,True
2026-02-20,2026-02-20,2026-02-19T23:00:00,2026-09-23T11:00:09.006864+00:00,12,2026-02-20T11:00:00,Asia/Almaty,turbine_1,1.1305,1.1305,1,1.139,,10.32,-1.6,1.22,MOCK_MODE_SYNTHESIS,SYNTHETIC_DEMO,UNVERIFIED_NO_ACTUALS,False,True
2026-02-20,2026-02-20,2026-02-19T23:00:00,2026-09-23T11:00:09.006864+00:00,13,2026-02-20T12:00:00,Asia/Almaty,turbine_1,2.438,2.438,1,2.5,,15.8,-0.2,1.2038,MOCK_MODE_SYNTHESIS,SYNTHETIC_DEMO,UNVERIFIED_NO_ACTUALS,False,True
2026-02-20,2026-02-20,2026-02-19T23:00:00,2026-09-23T11:00:09.006864+00:00,14,2026-02-20T13:00:00,Asia/Almaty,turbine_1,2.4435,2.4435,1,2.5,,15.59,3.2,1.1988,MOCK_MODE_SYNTHESIS,SYNTHETIC_DEMO,UNVERIFIED_NO_ACTUALS,False,True
2026-02-20,2026-02-20,2026-02-19T23:00:00,2026-09-23T11:00:09.006864+00:00,15,2026-02-20T14:00:00,Asia/Almaty,turbine_1,1.155,1.155,1,1.17875,,10.45,3.5,1.1975,MOCK_MODE_SYNTHESIS,SYNTHETIC_DEMO,UNVERIFIED_NO_ACTUALS,False,True
2026-02-20,2026-02-20,2026-02-19T23:00:00,2026-09-23T11:00:09.006864+00:00,16,2026-02-20T15:00:00,Asia/Almaty,turbine_1,1.3815,1.3815,1,1.403,,10.87,0.2,1.2092,MOCK_MODE_SYNTHESIS,SYNTHETIC_DEMO,UNVERIFIED_NO_ACTUALS,False,True
2026-02-20,2026-02-20,2026-02-19T23:00:00,2026-09-23T11:00:09.006864+00:00,17,2026-02-20T16:00:00,Asia/Almaty,turbine_1,1.7245,1.7245,1,1.7295,,11.46,1.7,1.2,MOCK_MODE_SYNTHESIS,SYNTHETIC_DEMO,UNVERIFIED_NO_ACTUALS,False,True
2026-02-20,2026-02-20,2026-02-19T23:00:00,2026-09-23T11:00:09.006864+00:00,18,2026-02-20T17:00:00,Asia/Almaty,turbine_1,2.448,2.448,1,2.5,,13.69,2.1,1.2037,MOCK_MODE_SYNTHESIS,SYNTHETIC_DEMO,UNVERIFIED_NO_ACTUALS,False,True
2026-02-20,2026-02-20,2026-02-19T23:00:00,2026-09-23T11:00:09.006864+00:00,19,2026-02-20T18:00:00,Asia/Almaty,turbine_1,2.4425,2.4425,1,2.5,,15.71,-0.7,1.2184,MOCK_MODE_SYNTHESIS,SYNTHETIC_DEMO,UNVERIFIED_NO_ACTUALS,False,True
2026-02-20,2026-02-20,2026-02-19T23:00:00,2026-09-23T11:00:09.006864+00:00,20,2026-02-20T19:00:00,Asia/Almaty,turbine_1,0.0675,0.0675,1,0.0555,,5.68,-0.5,1.2104,MOCK_MODE_SYNTHESIS,SYNTHETIC_DEMO,UNVERIFIED_NO_ACTUALS,False,True
2026-02-20,2026-02-20,2026-02-19T23:00:00,2026-09-23T11:00:09.006864+00:00,21,2026-02-20T20:00:00,Asia/Almaty,turbine_1,1.46175,1.46175,1,1.456,,10.95,-3.1,1.2174,MOCK_MODE_SYNTHESIS,SYNTHETIC_DEMO,UNVERIFIED_NO_ACTUALS,False,True
2026-02-20,2026-02-20,2026-02-19T23:00:00,2026-09-23T11:00:09.006864+00:00,22,2026-02-20T21:00:00,Asia/Almaty,turbine_1,0.0,0.0,1,0.0,,2.7,-2.1,1.2202,MOCK_MODE_SYNTHESIS,SYNTHETIC_DEMO,UNVERIFIED_NO_ACTUALS,False,True
2026-02-20,2026-02-20,2026-02-19T23:00:00,2026-09-23T11:00:09.006864+00:00,23,2026-02-20T22:00:00,Asia/Almaty,turbine_1,0.78575,0.78575,1,0.80825,,9.51,-3.8,1.2309,MOCK_MODE_SYNTHESIS,SYNTHETIC_DEMO,UNVERIFIED_NO_ACTUALS,False,True
2026-02-20,2026-02-20,2026-02-19T23:00:00,2026-09-23T11:00:09.006864+00:00,24,2026-02-20T23:00:00,Asia/Almaty,turbine_1,0.23175,0.23175,1,0.25475,,7.41,-7.3,1.2481,MOCK_MODE_SYNTHESIS,SYNTHETIC_DEMO,UNVERIFIED_NO_ACTUALS,False,True
2026-02-20,2026-02-20,2026-02-19T23:00:00,2026-09-23T11:00:09.023098+00:00,1,2026-02-20T00:00:00,Asia/Almaty,turbine_2,0.03525,0.03525,1,0.04275,,5.43,-7.8,1.2498,MOCK_MODE_SYNTHESIS,SYNTHETIC_DEMO,UNVERIFIED_NO_ACTUALS,False,True
2026-02-20,2026-02-20,2026-02-19T23:00:00,2026-09-23T11:00:09.023098+00:00,2,2026-02-20T01:00:00,Asia/Almaty,turbine_2,0.02025,0.02025,1,0.0,,3.24,-6.0,1.2426,MOCK_MODE_SYNTHESIS,SYNTHETIC_DEMO,UNVERIFIED_NO_ACTUALS,False,True
2026-02-20,2026-02-20,2026-02-19T23:00:00,2026-09-23T11:00:09.023098+00:00,3,2026-02-20T02:00:00,Asia/Almaty,turbine_2,0.0,0.0,1,0.0,,0.01,-6.0,1.2336,MOCK_MODE_SYNTHESIS,SYNTHETIC_DEMO,UNVERIFIED_NO_ACTUALS,False,True
2026-02-20,2026-02-20,2026-02-19T23:00:00,2026-09-23T11:00:09.023098+00:00,4,2026-02-20T03:00:00,Asia/Almaty,turbine_2,0.53375,0.53375,1,0.59275,,8.84,-7.8,1.2501,MOCK_MODE_SYNTHESIS,SYNTHETIC_DEMO,UNVERIFIED_NO_ACTUALS,False,True
2026-02-20,2026-02-20,2026-02-19T23:00:00,2026-09-23T11:00:09.023098+00:00,5,2026-02-20T04:00:00,Asia/Almaty,turbine_2,0.0,0.0,1,0.0,,1.96,-7.5,1.2434,MOCK_MODE_SYNTHESIS,SYNTHETIC_DEMO,UNVERIFIED_NO_ACTUALS,False,True
2026-02-20,2026-02-20,2026-02-19T23:00:00,2026-09-23T11:00:09.023098+00:00,6,2026-02-20T05:00:00,Asia/Almaty,turbine_2,0.0,0.0,1,0.0,,3.07,-9.5,1.2513,MOCK_MODE_SYNTHESIS,SYNTHETIC_DEMO,UNVERIFIED_NO_ACTUALS,False,True
2026-02-20,2026-02-20,2026-02-19T23:00:00,2026-09-23T11:00:09.023098+00:00,7,2026-02-20T06:00:00,Asia/Almaty,turbine_2,0.01425,0.01425,1,0.035,,5.27,-9.7,1.2606,MOCK_MODE_SYNTHESIS,SYNTHETIC_DEMO,UNVERIFIED_NO_ACTUALS,False,True
2026-02-20,2026-02-20,2026-02-19T23:00:00,2026-09-23T11:00:09.023098+00:00,8,2026-02-20T07:00:00,Asia/Almaty,turbine_2,0.987,0.987,1,1.103,,10.21,-6.2,1.2365,MOCK_MODE_SYNTHESIS,SYNTHETIC_DEMO,UNVERIFIED_NO_ACTUALS,False,True
2026-02-20,2026-02-20,2026-02-19T23:00:00,2026-09-23T11:00:09.023098+00:00,9,2026-02-20T08:00:00,Asia/Almaty,turbine_2,0.33125,0.33125,1,0.3765,,8.03,-6.0,1.2427,MOCK_MODE_SYNTHESIS,SYNTHETIC_DEMO,UNVERIFIED_NO_ACTUALS,False,True
2026-02-20,2026-02-20,2026-02-19T23:00:00,2026-09-23T11:00:09.023098+00:00,10,2026-02-20T09:00:00,Asia/Almaty,turbine_2,2.3595,2.3595,1,2.5,,15.48,-5.0,1.2337,MOCK_MODE_SYNTHESIS,SYNTHETIC_DEMO,UNVERIFIED_NO_ACTUALS,False,True
2026-02-20,2026-02-20,2026-02-19T23:00:00,2026-09-23T11:00:09.023098+00:00,11,2026-02-20T10:00:00,Asia/Almaty,turbine_2,2.3365,2.3365,1,2.5,,16.86,-3.9,1.2264,MOCK_MODE_SYNTHESIS,SYNTHETIC_DEMO,UNVERIFIED_NO_ACTUALS,False,True
2026-02-20,2026-02-20,2026-02-19T23:00:00,2026-09-23T11:00:09.023098+00:00,12,2026-02-20T11:00:00,Asia/Almaty,turbine_2,1.1305,1.1305,1,1.139,,10.32,-1.6,1.22,MOCK_MODE_SYNTHESIS,SYNTHETIC_DEMO,UNVERIFIED_NO_ACTUALS,False,True
2026-02-20,2026-02-20,2026-02-19T23:00:00,2026-09-23T11:00:09.023098+00:00,13,2026-02-20T12:00:00,Asia/Almaty,turbine_2,2.438,2.438,1,2.5,,15.8,-0.2,1.2038,MOCK_MODE_SYNTHESIS,SYNTHETIC_DEMO,UNVERIFIED_NO_ACTUALS,False,True
2026-02-20,2026-02-20,2026-02-19T23:00:00,2026-09-23T11:00:09.023098+00:00,14,2026-02-20T13:00:00,Asia/Almaty,turbine_2,2.4435,2.4435,1,2.5,,15.59,3.2,1.1988,MOCK_MODE_SYNTHESIS,SYNTHETIC_DEMO,UNVERIFIED_NO_ACTUALS,False,True
2026-02-20,2026-02-20,2026-02-19T23:00:00,2026-09-23T11:00:09.023098+00:00,15,2026-02-20T14:00:00,Asia/Almaty,turbine_2,1.155,1.155,1,1.17875,,10.45,3.5,1.1975,MOCK_MODE_SYNTHESIS,SYNTHETIC_DEMO,UNVERIFIED_NO_ACTUALS,False,True
2026-02-20,2026-02-20,2026-02-19T23:00:00,2026-09-23T11:00:09.023098+00:00,16,2026-02-20T15:00:00,Asia/Almaty,turbine_2,1.3815,1.3815,1,1.403,,10.87,0.2,1.2092,MOCK_MODE_SYNTHESIS,SYNTHETIC_DEMO,UNVERIFIED_NO_ACTUALS,False,True
2026-02-20,2026-02-20,2026-02-19T23:00:00,2026-09-23T11:00:09.023098+00:00,17,2026-02-20T16:00:00,Asia/Almaty,turbine_2,1.7245,1.7245,1,1.7295,,11.46,1.7,1.2,MOCK_MODE_SYNTHESIS,SYNTHETIC_DEMO,UNVERIFIED_NO_ACTUALS,False,True
2026-02-20,2026-02-20,2026-02-19T23:00:00,2026-09-23T11:00:09.023098+00:00,18,2026-02-20T17:00:00,Asia/Almaty,turbine_2,2.448,2.448,1,2.5,,13.69,2.1,1.2037,MOCK_MODE_SYNTHESIS,SYNTHETIC_DEMO,UNVERIFIED_NO_ACTUALS,False,True
2026-02-20,2026-02-20,2026-02-19T23:00:00,2026-09-23T11:00:09.023098+00:00,19,2026-02-20T18:00:00,Asia/Almaty,turbine_2,2.4425,2.4425,1,2.5,,15.71,-0.7,1.2184,MOCK_MODE_SYNTHESIS,SYNTHETIC_DEMO,UNVERIFIED_NO_ACTUALS,False,True
2026-02-20,2026-02-20,2026-02-19T23:00:00,2026-09-23T11:00:09.023098+00:00,20,2026-02-20T19:00:00,Asia/Almaty,turbine_2,0.0675,0.0675,1,0.0555,,5.68,-0.5,1.2104,MOCK_MODE_SYNTHESIS,SYNTHETIC_DEMO,UNVERIFIED_NO_ACTUALS,False,True
2026-02-20,2026-02-20,2026-02-19T23:00:00,2026-09-23T11:00:09.023098+00:00,21,2026-02-20T20:00:00,Asia/Almaty,turbine_2,1.46175,1.46175,1,1.456,,10.95,-3.1,1.2174,MOCK_MODE_SYNTHESIS,SYNTHETIC_DEMO,UNVERIFIED_NO_ACTUALS,False,True
2026-02-20,2026-02-20,2026-02-19T23:00:00,2026-09-23T11:00:09.023098+00:00,22,2026-02-20T21:00:00,Asia/Almaty,turbine_2,0.0,0.0,1,0.0,,2.7,-2.1,1.2202,MOCK_MODE_SYNTHESIS,SYNTHETIC_DEMO,UNVERIFIED_NO_ACTUALS,False,True
2026-02-20,2026-02-20,2026-02-19T23:00:00,2026-09-23T11:00:09.023098+00:00,23,2026-02-20T22:00:00,Asia/Almaty,turbine_2,0.78575,0.78575,1,0.80825,,9.51,-3.8,1.2309,MOCK_MODE_SYNTHESIS,SYNTHETIC_DEMO,UNVERIFIED_NO_ACTUALS,False,True
2026-02-20,2026-02-20,2026-02-19T23:00:00,2026-09-23T11:00:09.023098+00:00,24,2026-02-20T23:00:00,Asia/Almaty,turbine_2,0.23175,0.23175,1,0.25475,,7.41,-7.3,1.2481,MOCK_MODE_SYNTHESIS,SYNTHETIC_DEMO,UNVERIFIED_NO_ACTUALS,False,True
2026-02-21,2026-02-21,2026-02-20T23:00:00,2026-09-23T11:00:09.037914+00:00,1,2026-02-21T00:00:00,Asia/Almaty,turbine_1,0.1285,0.1285,1,0.1285,,6.52,-5.1,1.2387,MOCK_MODE_SYNTHESIS,SYNTHETIC_DEMO,UNVERIFIED_NO_ACTUALS,False,True
2026-02-21,2026-02-21,2026-02-20T23:00:00,2026-09-23T11:00:09.037914+00:00,2,2026-02-21T01:00:00,Asia/Almaty,turbine_1,0.0895,0.0895,1,0.09875,,6.22,-6.6,1.2428,MOCK_MODE_SYNTHESIS,SYNTHETIC_DEMO,UNVERIFIED_NO_ACTUALS,False,True
2026-02-21,2026-02-21,2026-02-20T23:00:00,2026-09-23T11:00:09.037914+00:00,3,2026-02-21T02:00:00,Asia/Almaty,turbine_1,1.2005,1.2005,1,1.286,,10.54,-10.7,1.2603,MOCK_MODE_SYNTHESIS,SYNTHETIC_DEMO,UNVERIFIED_NO_ACTUALS,False,True
2026-02-21,2026-02-21,2026-02-20T23:00:00,2026-09-23T11:00:09.037914+00:00,4,2026-02-21T03:00:00,Asia/Almaty,turbine_1,0.04675,0.04675,1,0.05025,,5.57,-9.1,1.2465,MOCK_MODE_SYNTHESIS,SYNTHETIC_DEMO,UNVERIFIED_NO_ACTUALS,False,True
2026-02-21,2026-02-21,2026-02-20T23:00:00,2026-09-23T11:00:09.037914+00:00,5,2026-02-21T04:00:00,Asia/Almaty,turbine_1,0.0,0.0,1,0.00275,,3.98,-8.3,1.2494,MOCK_MODE_SYNTHESIS,SYNTHETIC_DEMO,UNVERIFIED_NO_ACTUALS,False,True
2026-02-21,2026-02-21,2026-02-20T23:00:00,2026-09-23T11:00:09.037914+00:00,6,2026-02-21T05:00:00,Asia/Almaty,turbine_1,1.143,1.143,1,1.293,,10.58,-8.9,1.2472,MOCK_MODE_SYNTHESIS,SYNTHETIC_DEMO,UNVERIFIED_NO_ACTUALS,False,True
2026-02-21,2026-02-21,2026-02-20T23:00:00,2026-09-23T11:00:09.037914+00:00,7,2026-02-21T06:00:00,Asia/Almaty,turbine_1,0.6085,0.6085,1,0.6965,,9.16,-8.6,1.2519,MOCK_MODE_SYNTHESIS,SYNTHETIC_DEMO,UNVERIFIED_NO_ACTUALS,False,True
2026-02-21,2026-02-21,2026-02-20T23:00:00,2026-09-23T11:00:09.037914+00:00,8,2026-02-21T07:00:00,Asia/Almaty,turbine_1,0.9305,0.9305,1,1.03725,,10.04,-8.4,1.2488,MOCK_MODE_SYNTHESIS,SYNTHETIC_DEMO,UNVERIFIED_NO_ACTUALS,False,True
2026-02-21,2026-02-21,2026-02-20T23:00:00,2026-09-23T11:00:09.037914+00:00,9,2026-02-21T08:00:00,Asia/Almaty,turbine_1,0.2825,0.2825,1,0.28675,,7.61,-4.2,1.2296,MOCK_MODE_SYNTHESIS,SYNTHETIC_DEMO,UNVERIFIED_NO_ACTUALS,False,True
2026-02-21,2026-02-21,2026-02-20T23:00:00,2026-09-23T11:00:09.037914+00:00,10,2026-02-21T09:00:00,Asia/Almaty,turbine_1,2.3955,2.3955,1,2.5,,12.93,-4.2,1.2368,MOCK_MODE_SYNTHESIS,SYNTHETIC_DEMO,UNVERIFIED_NO_ACTUALS,False,True
2026-02-21,2026-02-21,2026-02-20T23:00:00,2026-09-23T11:00:09.037914+00:00,11,2026-02-21T10:00:00,Asia/Almaty,turbine_1,2.375,2.375,1,2.5,,14.23,-4.5,1.2273,MOCK_MODE_SYNTHESIS,SYNTHETIC_DEMO,UNVERIFIED_NO_ACTUALS,False,True
2026-02-21,2026-02-21,2026-02-20T23:00:00,2026-09-23T11:00:09.037914+00:00,12,2026-02-21T11:00:00,Asia/Almaty,turbine_1,1.82225,1.82225,1,1.81925,,11.53,-3.2,1.2315,MOCK_MODE_SYNTHESIS,SYNTHETIC_DEMO,UNVERIFIED_NO_ACTUALS,False,True
2026-02-21,2026-02-21,2026-02-20T23:00:00,2026-09-23T11:00:09.037914+00:00,13,2026-02-21T12:00:00,Asia/Almaty,turbine_1,2.4515,2.4515,1,2.5,,14.98,-1.1,1.2164,MOCK_MODE_SYNTHESIS,SYNTHETIC_DEMO,UNVERIFIED_NO_ACTUALS,False,True
2026-02-21,2026-02-21,2026-02-20T23:00:00,2026-09-23T11:00:09.037914+00:00,14,2026-02-21T13:00:00,Asia/Almaty,turbine_1,0.7795,0.7795,1,0.815,,9.57,-0.5,1.2073,MOCK_MODE_SYNTHESIS,SYNTHETIC_DEMO,UNVERIFIED_NO_ACTUALS,False,True
2026-02-21,2026-02-21,2026-02-20T23:00:00,2026-09-23T11:00:09.037914+00:00,15,2026-02-21T14:00:00,Asia/Almaty,turbine_1,2.42275,2.42275,1,2.5,,14.13,0.4,1.2098,MOCK_MODE_SYNTHESIS,SYNTHETIC_DEMO,UNVERIFIED_NO_ACTUALS,False,True
2026-02-21,2026-02-21,2026-02-20T23:00:00,2026-09-23T11:00:09.037914+00:00,16,2026-02-21T15:00:00,Asia/Almaty,turbine_1,2.4335,2.4335,1,2.5,,21.04,1.6,1.2059,MOCK_MODE_SYNTHESIS,SYNTHETIC_DEMO,UNVERIFIED_NO_ACTUALS,False,True
2026-02-21,2026-02-21,2026-02-20T23:00:00,2026-09-23T11:00:09.037914+00:00,17,2026-02-21T16:00:00,Asia/Almaty,turbine_1,2.424,2.424,1,2.5,,21.16,2.1,1.198,MOCK_MODE_SYNTHESIS,SYNTHETIC_DEMO,UNVERIFIED_NO_ACTUALS,False,True
2026-02-21,2026-02-21,2026-02-20T23:00:00,2026-09-23T11:00:09.037914+00:00,18,2026-02-21T17:00:00,Asia/Almaty,turbine_1,2.45525,2.45525,1,2.5,,12.87,2.4,1.2033,MOCK_MODE_SYNTHESIS,SYNTHETIC_DEMO,UNVERIFIED_NO_ACTUALS,False,True
2026-02-21,2026-02-21,2026-02-20T23:00:00,2026-09-23T11:00:09.037914+00:00,19,2026-02-21T18:00:00,Asia/Almaty,turbine_1,2.463,2.463,1,2.5,,12.98,1.2,1.2055,MOCK_MODE_SYNTHESIS,SYNTHETIC_DEMO,UNVERIFIED_NO_ACTUALS,False,True
2026-02-21,2026-02-21,2026-02-20T23:00:00,2026-09-23T11:00:09.037914+00:00,20,2026-02-21T19:00:00,Asia/Almaty,turbine_1,0.22725,0.22725,1,0.2405,,7.37,1.6,1.211,MOCK_MODE_SYNTHESIS,SYNTHETIC_DEMO,UNVERIFIED_NO_ACTUALS,False,True
2026-02-21,2026-02-21,2026-02-20T23:00:00,2026-09-23T11:00:09.037914+00:00,21,2026-02-21T20:00:00,Asia/Almaty,turbine_1,0.47675,0.47675,1,0.485,,8.52,-0.6,1.2117,MOCK_MODE_SYNTHESIS,SYNTHETIC_DEMO,UNVERIFIED_NO_ACTUALS,False,True
2026-02-21,2026-02-21,2026-02-20T23:00:00,2026-09-23T11:00:09.037914+00:00,22,2026-02-21T21:00:00,Asia/Almaty,turbine_1,2.194,2.194,1,2.15725,,12.04,-1.5,1.2267,MOCK_MODE_SYNTHESIS,SYNTHETIC_DEMO,UNVERIFIED_NO_ACTUALS,False,True
2026-02-21,2026-02-21,2026-02-20T23:00:00,2026-09-23T11:00:09.037914+00:00,23,2026-02-21T22:00:00,Asia/Almaty,turbine_1,0.4045,0.4045,1,0.42075,,8.23,-5.8,1.2358,MOCK_MODE_SYNTHESIS,SYNTHETIC_DEMO,UNVERIFIED_NO_ACTUALS,False,True
2026-02-21,2026-02-21,2026-02-20T23:00:00,2026-09-23T11:00:09.037914+00:00,24,2026-02-21T23:00:00,Asia/Almaty,turbine_1,0.095,0.095,1,0.08825,,6.11,-5.3,1.232,MOCK_MODE_SYNTHESIS,SYNTHETIC_DEMO,UNVERIFIED_NO_ACTUALS,False,True
2026-02-21,2026-02-21,2026-02-20T23:00:00,2026-09-23T11:00:09.052820+00:00,1,2026-02-21T00:00:00,Asia/Almaty,turbine_2,0.1285,0.1285,1,0.1285,,6.52,-5.1,1.2387,MOCK_MODE_SYNTHESIS,SYNTHETIC_DEMO,UNVERIFIED_NO_ACTUALS,False,True
2026-02-21,2026-02-21,2026-02-20T23:00:00,2026-09-23T11:00:09.052820+00:00,2,2026-02-21T01:00:00,Asia/Almaty,turbine_2,0.0895,0.0895,1,0.09875,,6.22,-6.6,1.2428,MOCK_MODE_SYNTHESIS,SYNTHETIC_DEMO,UNVERIFIED_NO_ACTUALS,False,True
2026-02-21,2026-02-21,2026-02-20T23:00:00,2026-09-23T11:00:09.052820+00:00,3,2026-02-21T02:00:00,Asia/Almaty,turbine_2,1.2005,1.2005,1,1.286,,10.54,-10.7,1.2603,MOCK_MODE_SYNTHESIS,SYNTHETIC_DEMO,UNVERIFIED_NO_ACTUALS,False,True
2026-02-21,2026-02-21,2026-02-20T23:00:00,2026-09-23T11:00:09.052820+00:00,4,2026-02-21T03:00:00,Asia/Almaty,turbine_2,0.04675,0.04675,1,0.05025,,5.57,-9.1,1.2465,MOCK_MODE_SYNTHESIS,SYNTHETIC_DEMO,UNVERIFIED_NO_ACTUALS,False,True
2026-02-21,2026-02-21,2026-02-20T23:00:00,2026-09-23T11:00:09.052820+00:00,5,2026-02-21T04:00:00,Asia/Almaty,turbine_2,0.0,0.0,1,0.00275,,3.98,-8.3,1.2494,MOCK_MODE_SYNTHESIS,SYNTHETIC_DEMO,UNVERIFIED_NO_ACTUALS,False,True
2026-02-21,2026-02-21,2026-02-20T23:00:00,2026-09-23T11:00:09.052820+00:00,6,2026-02-21T05:00:00,Asia/Almaty,turbine_2,1.143,1.143,1,1.293,,10.58,-8.9,1.2472,MOCK_MODE_SYNTHESIS,SYNTHETIC_DEMO,UNVERIFIED_NO_ACTUALS,False,True
2026-02-21,2026-02-21,2026-02-20T23:00:00,2026-09-23T11:00:09.052820+00:00,7,2026-02-21T06:00:00,Asia/Almaty,turbine_2,0.6085,0.6085,1,0.6965,,9.16,-8.6,1.2519,MOCK_MODE_SYNTHESIS,SYNTHETIC_DEMO,UNVERIFIED_NO_ACTUALS,False,True
2026-02-21,2026-02-21,2026-02-20T23:00:00,2026-09-23T11:00:09.052820+00:00,8,2026-02-21T07:00:00,Asia/Almaty,turbine_2,0.9305,0.9305,1,1.03725,,10.04,-8.4,1.2488,MOCK_MODE_SYNTHESIS,SYNTHETIC_DEMO,UNVERIFIED_NO_ACTUALS,False,True
2026-02-21,2026-02-21,2026-02-20T23:00:00,2026-09-23T11:00:09.052820+00:00,9,2026-02-21T08:00:00,Asia/Almaty,turbine_2,0.2825,0.2825,1,0.28675,,7.61,-4.2,1.2296,MOCK_MODE_SYNTHESIS,SYNTHETIC_DEMO,UNVERIFIED_NO_ACTUALS,False,True
2026-02-21,2026-02-21,2026-02-20T23:00:00,2026-09-23T11:00:09.052820+00:00,10,2026-02-21T09:00:00,Asia/Almaty,turbine_2,2.3955,2.3955,1,2.5,,12.93,-4.2,1.2368,MOCK_MODE_SYNTHESIS,SYNTHETIC_DEMO,UNVERIFIED_NO_ACTUALS,False,True
2026-02-21,2026-02-21,2026-02-20T23:00:00,2026-09-23T11:00:09.052820+00:00,11,2026-02-21T10:00:00,Asia/Almaty,turbine_2,2.375,2.375,1,2.5,,14.23,-4.5,1.2273,MOCK_MODE_SYNTHESIS,SYNTHETIC_DEMO,UNVERIFIED_NO_ACTUALS,False,True
2026-02-21,2026-02-21,2026-02-20T23:00:00,2026-09-23T11:00:09.052820+00:00,12,2026-02-21T11:00:00,Asia/Almaty,turbine_2,1.82225,1.82225,1,1.81925,,11.53,-3.2,1.2315,MOCK_MODE_SYNTHESIS,SYNTHETIC_DEMO,UNVERIFIED_NO_ACTUALS,False,True
2026-02-21,2026-02-21,2026-02-20T23:00:00,2026-09-23T11:00:09.052820+00:00,13,2026-02-21T12:00:00,Asia/Almaty,turbine_2,2.4515,2.4515,1,2.5,,14.98,-1.1,1.2164,MOCK_MODE_SYNTHESIS,SYNTHETIC_DEMO,UNVERIFIED_NO_ACTUALS,False,True
2026-02-21,2026-02-21,2026-02-20T23:00:00,2026-09-23T11:00:09.052820+00:00,14,2026-02-21T13:00:00,Asia/Almaty,turbine_2,0.7795,0.7795,1,0.815,,9.57,-0.5,1.2073,MOCK_MODE_SYNTHESIS,SYNTHETIC_DEMO,UNVERIFIED_NO_ACTUALS,False,True
2026-02-21,2026-02-21,2026-02-20T23:00:00,2026-09-23T11:00:09.052820+00:00,15,2026-02-21T14:00:00,Asia/Almaty,turbine_2,2.42275,2.42275,1,2.5,,14.13,0.4,1.2098,MOCK_MODE_SYNTHESIS,SYNTHETIC_DEMO,UNVERIFIED_NO_ACTUALS,False,True
2026-02-21,2026-02-21,2026-02-20T23:00:00,2026-09-23T11:00:09.052820+00:00,16,2026-02-21T15:00:00,Asia/Almaty,turbine_2,2.4335,2.4335,1,2.5,,21.04,1.6,1.2059,MOCK_MODE_SYNTHESIS,SYNTHETIC_DEMO,UNVERIFIED_NO_ACTUALS,False,True
2026-02-21,2026-02-21,2026-02-20T23:00:00,2026-09-23T11:00:09.052820+00:00,17,2026-02-21T16:00:00,Asia/Almaty,turbine_2,2.424,2.424,1,2.5,,21.16,2.1,1.198,MOCK_MODE_SYNTHESIS,SYNTHETIC_DEMO,UNVERIFIED_NO_ACTUALS,False,True
2026-02-21,2026-02-21,2026-02-20T23:00:00,2026-09-23T11:00:09.052820+00:00,18,2026-02-21T17:00:00,Asia/Almaty,turbine_2,2.45525,2.45525,1,2.5,,12.87,2.4,1.2033,MOCK_MODE_SYNTHESIS,SYNTHETIC_DEMO,UNVERIFIED_NO_ACTUALS,False,True
2026-02-21,2026-02-21,2026-02-20T23:00:00,2026-09-23T11:00:09.052820+00:00,19,2026-02-21T18:00:00,Asia/Almaty,turbine_2,2.463,2.463,1,2.5,,12.98,1.2,1.2055,MOCK_MODE_SYNTHESIS,SYNTHETIC_DEMO,UNVERIFIED_NO_ACTUALS,False,True
2026-02-21,2026-02-21,2026-02-20T23:00:00,2026-09-23T11:00:09.052820+00:00,20,2026-02-21T19:00:00,Asia/Almaty,turbine_2,0.22725,0.22725,1,0.2405,,7.37,1.6,1.211,MOCK_MODE_SYNTHESIS,SYNTHETIC_DEMO,UNVERIFIED_NO_ACTUALS,False,True
2026-02-21,2026-02-21,2026-02-20T23:00:00,2026-09-23T11:00:09.052820+00:00,21,2026-02-21T20:00:00,Asia/Almaty,turbine_2,0.47675,0.47675,1,0.485,,8.52,-0.6,1.2117,MOCK_MODE_SYNTHESIS,SYNTHETIC_DEMO,UNVERIFIED_NO_ACTUALS,False,True
2026-02-21,2026-02-21,2026-02-20T23:00:00,2026-09-23T11:00:09.052820+00:00,22,2026-02-21T21:00:00,Asia/Almaty,turbine_2,2.194,2.194,1,2.15725,,12.04,-1.5,1.2267,MOCK_MODE_SYNTHESIS,SYNTHETIC_DEMO,UNVERIFIED_NO_ACTUALS,False,True
2026-02-21,2026-02-21,2026-02-20T23:00:00,2026-09-23T11:00:09.052820+00:00,23,2026-02-21T22:00:00,Asia/Almaty,turbine_2,0.4045,0.4045,1,0.42075,,8.23,-5.8,1.2358,MOCK_MODE_SYNTHESIS,SYNTHETIC_DEMO,UNVERIFIED_NO_ACTUALS,False,True
2026-02-21,2026-02-21,2026-02-20T23:00:00,2026-09-23T11:00:09.052820+00:00,24,2026-02-21T23:00:00,Asia/Almaty,turbine_2,0.095,0.095,1,0.08825,,6.11,-5.3,1.232,MOCK_MODE_SYNTHESIS,SYNTHETIC_DEMO,UNVERIFIED_NO_ACTUALS,False,True
2026-02-22,2026-02-22,2026-02-21T23:00:00,2026-09-23T11:00:09.067279+00:00,1,2026-02-22T00:00:00,Asia/Almaty,turbine_1,1.476,1.476,1,1.5255,,11.03,-5.8,1.2377,MOCK_MODE_SYNTHESIS,SYNTHETIC_DEMO,UNVERIFIED_NO_ACTUALS,False,True
2026-02-22,2026-02-22,2026-02-21T23:00:00,2026-09-23T11:00:09.067279+00:00,2,2026-02-22T01:00:00,Asia/Almaty,turbine_1,0.25825,0.25825,1,0.28175,,7.55,-7.5,1.2565,MOCK_MODE_SYNTHESIS,SYNTHETIC_DEMO,UNVERIFIED_NO_ACTUALS,False,True
2026-02-22,2026-02-22,2026-02-21T23:00:00,2026-09-23T11:00:09.067279+00:00,3,2026-02-22T02:00:00,Asia/Almaty,turbine_1,0.0,0.0,1,0.0,,2.53,-5.7,1.2378,MOCK_MODE_SYNTHESIS,SYNTHETIC_DEMO,UNVERIFIED_NO_ACTUALS,False,True
2026-02-22,2026-02-22,2026-02-21T23:00:00,2026-09-23T11:00:09.067279+00:00,4,2026-02-22T03:00:00,Asia/Almaty,turbine_1,0.0165,0.0165,1,0.00375,,4.08,-8.0,1.2473,MOCK_MODE_SYNTHESIS,SYNTHETIC_DEMO,UNVERIFIED_NO_ACTUALS,False,True
2026-02-22,2026-02-22,2026-02-21T23:00:00,2026-09-23T11:00:09.067279+00:00,5,2026-02-22T04:00:00,Asia/Almaty,turbine_1,0.0,0.0,1,0.0,,0.0,-10.2,1.2592,MOCK_MODE_SYNTHESIS,SYNTHETIC_DEMO,UNVERIFIED_NO_ACTUALS,False,True
2026-02-22,2026-02-22,2026-02-21T23:00:00,2026-09-23T11:00:09.067279+00:00,6,2026-02-22T05:00:00,Asia/Almaty,turbine_1,1.75425,1.75425,1,1.9055,,11.62,-8.5,1.2498,MOCK_MODE_SYNTHESIS,SYNTHETIC_DEMO,UNVERIFIED_NO_ACTUALS,False,True
2026-02-22,2026-02-22,2026-02-21T23:00:00,2026-09-23T11:00:09.067279+00:00,7,2026-02-22T06:00:00,Asia/Almaty,turbine_1,0.27375,0.27375,1,0.31825,,7.74,-8.0,1.2555,MOCK_MODE_SYNTHESIS,SYNTHETIC_DEMO,UNVERIFIED_NO_ACTUALS,False,True
2026-02-22,2026-02-22,2026-02-21T23:00:00,2026-09-23T11:00:09.067279+00:00,8,2026-02-22T07:00:00,Asia/Almaty,turbine_1,0.28925,0.28925,1,0.3415,,7.87,-6.2,1.2425,MOCK_MODE_SYNTHESIS,SYNTHETIC_DEMO,UNVERIFIED_NO_ACTUALS,False,True
2026-02-22,2026-02-22,2026-02-21T23:00:00,2026-09-23T11:00:09.067279+00:00,9,2026-02-22T08:00:00,Asia/Almaty,turbine_1,1.1245,1.1245,1,1.263,,10.53,-7.8,1.2427,MOCK_MODE_SYNTHESIS,SYNTHETIC_DEMO,UNVERIFIED_NO_ACTUALS,False,True
2026-02-22,2026-02-22,2026-02-21T23:00:00,2026-09-23T11:00:09.067279+00:00,10,2026-02-22T09:00:00,Asia/Almaty,turbine_1,1.3855,1.3855,1,1.44975,,10.9,-5.4,1.2352,MOCK_MODE_SYNTHESIS,SYNTHETIC_DEMO,UNVERIFIED_NO_ACTUALS,False,True
2026-02-22,2026-02-22,2026-02-21T23:00:00,2026-09-23T11:00:09.067279+00:00,11,2026-02-22T10:00:00,Asia/Almaty,turbine_1,0.7845,0.7845,1,0.793,,9.48,-3.2,1.2244,MOCK_MODE_SYNTHESIS,SYNTHETIC_DEMO,UNVERIFIED_NO_ACTUALS,False,True
2026-02-22,2026-02-22,2026-02-21T23:00:00,2026-09-23T11:00:09.067279+00:00,12,2026-02-22T11:00:00,Asia/Almaty,turbine_1,2.345,2.345,1,2.5,,15.88,-3.7,1.2291,MOCK_MODE_SYNTHESIS,SYNTHETIC_DEMO,UNVERIFIED_NO_ACTUALS,False,True
2026-02-22,2026-02-22,2026-02-21T23:00:00,2026-09-23T11:00:09.067279+00:00,13,2026-02-22T12:00:00,Asia/Almaty,turbine_1,1.3745,1.3745,1,1.39575,,10.84,-1.7,1.2169,MOCK_MODE_SYNTHESIS,SYNTHETIC_DEMO,UNVERIFIED_NO_ACTUALS,False,True
2026-02-22,2026-02-22,2026-02-21T23:00:00,2026-09-23T11:00:09.067279+00:00,14,2026-02-22T13:00:00,Asia/Almaty,turbine_1,2.43675,2.43675,1,2.5,,17.12,2.3,1.1955,MOCK_MODE_SYNTHESIS,SYNTHETIC_DEMO,UNVERIFIED_NO_ACTUALS,False,True
2026-02-22,2026-02-22,2026-02-21T23:00:00,2026-09-23T11:00:09.067279+00:00,15,2026-02-22T14:00:00,Asia/Almaty,turbine_1,2.4415,2.4415,1,2.5,,12.83,0.0,1.2129,MOCK_MODE_SYNTHESIS,SYNTHETIC_DEMO,UNVERIFIED_NO_ACTUALS,False,True
2026-02-22,2026-02-22,2026-02-21T23:00:00,2026-09-23T11:00:09.067279+00:00,16,2026-02-22T15:00:00,Asia/Almaty,turbine_1,2.436,2.436,1,2.5,,16.06,0.8,1.2135,MOCK_MODE_SYNTHESIS,SYNTHETIC_DEMO,UNVERIFIED_NO_ACTUALS,False,True
2026-02-22,2026-02-22,2026-02-21T23:00:00,2026-09-23T11:00:09.067279+00:00,17,2026-02-22T16:00:00,Asia/Almaty,turbine_1,1.20175,1.20175,1,1.2785,,10.62,-0.7,1.2141,MOCK_MODE_SYNTHESIS,SYNTHETIC_DEMO,UNVERIFIED_NO_ACTUALS,False,True
2026-02-22,2026-02-22,2026-02-21T23:00:00,2026-09-23T11:00:09.067279+00:00,18,2026-02-22T17:00:00,Asia/Almaty,turbine_1,2.43825,2.43825,1,2.5,,16.12,1.5,1.2014,MOCK_MODE_SYNTHESIS,SYNTHETIC_DEMO,UNVERIFIED_NO_ACTUALS,False,True
2026-02-22,2026-02-22,2026-02-21T23:00:00,2026-09-23T11:00:09.067279+00:00,19,2026-02-22T18:00:00,Asia/Almaty,turbine_1,1.25825,1.25825,1,1.3025,,10.69,1.4,1.2034,MOCK_MODE_SYNTHESIS,SYNTHETIC_DEMO,UNVERIFIED_NO_ACTUALS,False,True
2026-02-22,2026-02-22,2026-02-21T23:00:00,2026-09-23T11:00:09.067279+00:00,20,2026-02-22T19:00:00,Asia/Almaty,turbine_1,0.1305,0.1305,1,0.13075,,6.57,1.5,1.2065,MOCK_MODE_SYNTHESIS,SYNTHETIC_DEMO,UNVERIFIED_NO_ACTUALS,False,True
2026-02-22,2026-02-22,2026-02-21T23:00:00,2026-09-23T11:00:09.067279+00:00,21,2026-02-22T20:00:00,Asia/Almaty,turbine_1,0.36925,0.36925,1,0.37875,,8.09,0.6,1.2068,MOCK_MODE_SYNTHESIS,SYNTHETIC_DEMO,UNVERIFIED_NO_ACTUALS,False,True
2026-02-22,2026-02-22,2026-02-21T23:00:00,2026-09-23T11:00:09.067279+00:00,22,2026-02-22T21:00:00,Asia/Almaty,turbine_1,0.32175,0.32175,1,0.338,,7.89,0.0,1.2141,MOCK_MODE_SYNTHESIS,SYNTHETIC_DEMO,UNVERIFIED_NO_ACTUALS,False,True
2026-02-22,2026-02-22,2026-02-21T23:00:00,2026-09-23T11:00:09.067279+00:00,23,2026-02-22T22:00:00,Asia/Almaty,turbine_1,0.11625,0.11625,1,0.117,,6.41,-5.1,1.2388,MOCK_MODE_SYNTHESIS,SYNTHETIC_DEMO,UNVERIFIED_NO_ACTUALS,False,True
2026-02-22,2026-02-22,2026-02-21T23:00:00,2026-09-23T11:00:09.067279+00:00,24,2026-02-22T23:00:00,Asia/Almaty,turbine_1,0.57075,0.57075,1,0.5815,,8.83,-3.8,1.2331,MOCK_MODE_SYNTHESIS,SYNTHETIC_DEMO,UNVERIFIED_NO_ACTUALS,False,True
2026-02-22,2026-02-22,2026-02-21T23:00:00,2026-09-23T11:00:09.081860+00:00,1,2026-02-22T00:00:00,Asia/Almaty,turbine_2,1.476,1.476,1,1.5255,,11.03,-5.8,1.2377,MOCK_MODE_SYNTHESIS,SYNTHETIC_DEMO,UNVERIFIED_NO_ACTUALS,False,True
2026-02-22,2026-02-22,2026-02-21T23:00:00,2026-09-23T11:00:09.081860+00:00,2,2026-02-22T01:00:00,Asia/Almaty,turbine_2,0.25825,0.25825,1,0.28175,,7.55,-7.5,1.2565,MOCK_MODE_SYNTHESIS,SYNTHETIC_DEMO,UNVERIFIED_NO_ACTUALS,False,True
2026-02-22,2026-02-22,2026-02-21T23:00:00,2026-09-23T11:00:09.081860+00:00,3,2026-02-22T02:00:00,Asia/Almaty,turbine_2,0.0,0.0,1,0.0,,2.53,-5.7,1.2378,MOCK_MODE_SYNTHESIS,SYNTHETIC_DEMO,UNVERIFIED_NO_ACTUALS,False,True
2026-02-22,2026-02-22,2026-02-21T23:00:00,2026-09-23T11:00:09.081860+00:00,4,2026-02-22T03:00:00,Asia/Almaty,turbine_2,0.0165,0.0165,1,0.00375,,4.08,-8.0,1.2473,MOCK_MODE_SYNTHESIS,SYNTHETIC_DEMO,UNVERIFIED_NO_ACTUALS,False,True
2026-02-22,2026-02-22,2026-02-21T23:00:00,2026-09-23T11:00:09.081860+00:00,5,2026-02-22T04:00:00,Asia/Almaty,turbine_2,0.0,0.0,1,0.0,,0.0,-10.2,1.2592,MOCK_MODE_SYNTHESIS,SYNTHETIC_DEMO,UNVERIFIED_NO_ACTUALS,False,True
2026-02-22,2026-02-22,2026-02-21T23:00:00,2026-09-23T11:00:09.081860+00:00,6,2026-02-22T05:00:00,Asia/Almaty,turbine_2,1.75425,1.75425,1,1.9055,,11.62,-8.5,1.2498,MOCK_MODE_SYNTHESIS,SYNTHETIC_DEMO,UNVERIFIED_NO_ACTUALS,False,True
2026-02-22,2026-02-22,2026-02-21T23:00:00,2026-09-23T11:00:09.081860+00:00,7,2026-02-22T06:00:00,Asia/Almaty,turbine_2,0.27375,0.27375,1,0.31825,,7.74,-8.0,1.2555,MOCK_MODE_SYNTHESIS,SYNTHETIC_DEMO,UNVERIFIED_NO_ACTUALS,False,True
2026-02-22,2026-02-22,2026-02-21T23:00:00,2026-09-23T11:00:09.081860+00:00,8,2026-02-22T07:00:00,Asia/Almaty,turbine_2,0.28925,0.28925,1,0.3415,,7.87,-6.2,1.2425,MOCK_MODE_SYNTHESIS,SYNTHETIC_DEMO,UNVERIFIED_NO_ACTUALS,False,True
2026-02-22,2026-02-22,2026-02-21T23:00:00,2026-09-23T11:00:09.081860+00:00,9,2026-02-22T08:00:00,Asia/Almaty,turbine_2,1.1245,1.1245,1,1.263,,10.53,-7.8,1.2427,MOCK_MODE_SYNTHESIS,SYNTHETIC_DEMO,UNVERIFIED_NO_ACTUALS,False,True
2026-02-22,2026-02-22,2026-02-21T23:00:00,2026-09-23T11:00:09.081860+00:00,10,2026-02-22T09:00:00,Asia/Almaty,turbine_2,1.3855,1.3855,1,1.44975,,10.9,-5.4,1.2352,MOCK_MODE_SYNTHESIS,SYNTHETIC_DEMO,UNVERIFIED_NO_ACTUALS,False,True
2026-02-22,2026-02-22,2026-02-21T23:00:00,2026-09-23T11:00:09.081860+00:00,11,2026-02-22T10:00:00,Asia/Almaty,turbine_2,0.7845,0.7845,1,0.793,,9.48,-3.2,1.2244,MOCK_MODE_SYNTHESIS,SYNTHETIC_DEMO,UNVERIFIED_NO_ACTUALS,False,True
2026-02-22,2026-02-22,2026-02-21T23:00:00,2026-09-23T11:00:09.081860+00:00,12,2026-02-22T11:00:00,Asia/Almaty,turbine_2,2.345,2.345,1,2.5,,15.88,-3.7,1.2291,MOCK_MODE_SYNTHESIS,SYNTHETIC_DEMO,UNVERIFIED_NO_ACTUALS,False,True
2026-02-22,2026-02-22,2026-02-21T23:00:00,2026-09-23T11:00:09.081860+00:00,13,2026-02-22T12:00:00,Asia/Almaty,turbine_2,1.3745,1.3745,1,1.39575,,10.84,-1.7,1.2169,MOCK_MODE_SYNTHESIS,SYNTHETIC_DEMO,UNVERIFIED_NO_ACTUALS,False,True
2026-02-22,2026-02-22,2026-02-21T23:00:00,2026-09-23T11:00:09.081860+00:00,14,2026-02-22T13:00:00,Asia/Almaty,turbine_2,2.43675,2.43675,1,2.5,,17.12,2.3,1.1955,MOCK_MODE_SYNTHESIS,SYNTHETIC_DEMO,UNVERIFIED_NO_ACTUALS,False,True
2026-02-22,2026-02-22,2026-02-21T23:00:00,2026-09-23T11:00:09.081860+00:00,15,2026-02-22T14:00:00,Asia/Almaty,turbine_2,2.4415,2.4415,1,2.5,,12.83,0.0,1.2129,MOCK_MODE_SYNTHESIS,SYNTHETIC_DEMO,UNVERIFIED_NO_ACTUALS,False,True
2026-02-22,2026-02-22,2026-02-21T23:00:00,2026-09-23T11:00:09.081860+00:00,16,2026-02-22T15:00:00,Asia/Almaty,turbine_2,2.436,2.436,1,2.5,,16.06,0.8,1.2135,MOCK_MODE_SYNTHESIS,SYNTHETIC_DEMO,UNVERIFIED_NO_ACTUALS,False,True
2026-02-22,2026-02-22,2026-02-21T23:00:00,2026-09-23T11:00:09.081860+00:00,17,2026-02-22T16:00:00,Asia/Almaty,turbine_2,1.20175,1.20175,1,1.2785,,10.62,-0.7,1.2141,MOCK_MODE_SYNTHESIS,SYNTHETIC_DEMO,UNVERIFIED_NO_ACTUALS,False,True
2026-02-22,2026-02-22,2026-02-21T23:00:00,2026-09-23T11:00:09.081860+00:00,18,2026-02-22T17:00:00,Asia/Almaty,turbine_2,2.43825,2.43825,1,2.5,,16.12,1.5,1.2014,MOCK_MODE_SYNTHESIS,SYNTHETIC_DEMO,UNVERIFIED_NO_ACTUALS,False,True
2026-02-22,2026-02-22,2026-02-21T23:00:00,2026-09-23T11:00:09.081860+00:00,19,2026-02-22T18:00:00,Asia/Almaty,turbine_2,1.25825,1.25825,1,1.3025,,10.69,1.4,1.2034,MOCK_MODE_SYNTHESIS,SYNTHETIC_DEMO,UNVERIFIED_NO_ACTUALS,False,True
2026-02-22,2026-02-22,2026-02-21T23:00:00,2026-09-23T11:00:09.081860+00:00,20,2026-02-22T19:00:00,Asia/Almaty,turbine_2,0.1305,0.1305,1,0.13075,,6.57,1.5,1.2065,MOCK_MODE_SYNTHESIS,SYNTHETIC_DEMO,UNVERIFIED_NO_ACTUALS,False,True
2026-02-22,2026-02-22,2026-02-21T23:00:00,2026-09-23T11:00:09.081860+00:00,21,2026-02-22T20:00:00,Asia/Almaty,turbine_2,0.36925,0.36925,1,0.37875,,8.09,0.6,1.2068,MOCK_MODE_SYNTHESIS,SYNTHETIC_DEMO,UNVERIFIED_NO_ACTUALS,False,True
2026-02-22,2026-02-22,2026-02-21T23:00:00,2026-09-23T11:00:09.081860+00:00,22,2026-02-22T21:00:00,Asia/Almaty,turbine_2,0.32175,0.32175,1,0.338,,7.89,0.0,1.2141,MOCK_MODE_SYNTHESIS,SYNTHETIC_DEMO,UNVERIFIED_NO_ACTUALS,False,True
2026-02-22,2026-02-22,2026-02-21T23:00:00,2026-09-23T11:00:09.081860+00:00,23,2026-02-22T22:00:00,Asia/Almaty,turbine_2,0.11625,0.11625,1,0.117,,6.41,-5.1,1.2388,MOCK_MODE_SYNTHESIS,SYNTHETIC_DEMO,UNVERIFIED_NO_ACTUALS,False,True
2026-02-22,2026-02-22,2026-02-21T23:00:00,2026-09-23T11:00:09.081860+00:00,24,2026-02-22T23:00:00,Asia/Almaty,turbine_2,0.57075,0.57075,1,0.5815,,8.83,-3.8,1.2331,MOCK_MODE_SYNTHESIS,SYNTHETIC_DEMO,UNVERIFIED_NO_ACTUALS,False,True
2026-02-23,2026-02-23,2026-02-22T23:00:00,2026-09-23T11:00:09.096363+00:00,1,2026-02-23T00:00:00,Asia/Almaty,turbine_1,2.43825,2.43825,1,2.5,,12.55,-5.2,1.2244,MOCK_MODE_SYNTHESIS,SYNTHETIC_DEMO,UNVERIFIED_NO_ACTUALS,False,True
2026-02-23,2026-02-23,2026-02-22T23:00:00,2026-09-23T11:00:09.096363+00:00,2,2026-02-23T01:00:00,Asia/Almaty,turbine_1,0.3275,0.3275,1,0.34925,,7.91,-5.8,1.2396,MOCK_MODE_SYNTHESIS,SYNTHETIC_DEMO,UNVERIFIED_NO_ACTUALS,False,True
2026-02-23,2026-02-23,2026-02-22T23:00:00,2026-09-23T11:00:09.096363+00:00,3,2026-02-23T02:00:00,Asia/Almaty,turbine_1,0.0695,0.0695,1,0.0895,,6.11,-8.5,1.2505,MOCK_MODE_SYNTHESIS,SYNTHETIC_DEMO,UNVERIFIED_NO_ACTUALS,False,True
2026-02-23,2026-02-23,2026-02-22T23:00:00,2026-09-23T11:00:09.096363+00:00,4,2026-02-23T03:00:00,Asia/Almaty,turbine_1,0.014,0.014,1,0.0035,,4.06,-7.9,1.2408,MOCK_MODE_SYNTHESIS,SYNTHETIC_DEMO,UNVERIFIED_NO_ACTUALS,False,True
2026-02-23,2026-02-23,2026-02-22T23:00:00,2026-09-23T11:00:09.096363+00:00,5,2026-02-23T04:00:00,Asia/Almaty,turbine_1,0.0,0.0,1,0.007,,4.32,-9.0,1.2628,MOCK_MODE_SYNTHESIS,SYNTHETIC_DEMO,UNVERIFIED_NO_ACTUALS,False,True
2026-02-23,2026-02-23,2026-02-22T23:00:00,2026-09-23T11:00:09.096363+00:00,6,2026-02-23T05:00:00,Asia/Almaty,turbine_1,0.4155,0.4155,1,0.4555,,8.36,-6.1,1.2429,MOCK_MODE_SYNTHESIS,SYNTHETIC_DEMO,UNVERIFIED_NO_ACTUALS,False,True
2026-02-23,2026-02-23,2026-02-22T23:00:00,2026-09-23T11:00:09.096363+00:00,7,2026-02-23T06:00:00,Asia/Almaty,turbine_1,2.355,2.355,1,2.5,,16.62,-7.7,1.2543,MOCK_MODE_SYNTHESIS,SYNTHETIC_DEMO,UNVERIFIED_NO_ACTUALS,False,True
2026-02-23,2026-02-23,2026-02-22T23:00:00,2026-09-23T11:00:09.096363+00:00,8,2026-02-23T07:00:00,Asia/Almaty,turbine_1,2.38625,2.38625,1,2.5,,13.02,-8.7,1.2607,MOCK_MODE_SYNTHESIS,SYNTHETIC_DEMO,UNVERIFIED_NO_ACTUALS,False,True
2026-02-23,2026-02-23,2026-02-22T23:00:00,2026-09-23T11:00:09.096363+00:00,9,2026-02-23T08:00:00,Asia/Almaty,turbine_1,2.33625,2.33625,1,2.5,,12.69,-3.9,1.2274,MOCK_MODE_SYNTHESIS,SYNTHETIC_DEMO,UNVERIFIED_NO_ACTUALS,False,True
2026-02-23,2026-02-23,2026-02-22T23:00:00,2026-09-23T11:00:09.096363+00:00,10,2026-02-23T09:00:00,Asia/Almaty,turbine_1,2.33875,2.33875,1,2.5,,13.81,-6.1,1.2441,MOCK_MODE_SYNTHESIS,SYNTHETIC_DEMO,UNVERIFIED_NO_ACTUALS,False,True
2026-02-23,2026-02-23,2026-02-22T23:00:00,2026-09-23T11:00:09.096363+00:00,11,2026-02-23T10:00:00,Asia/Almaty,turbine_1,0.56425,0.56425,1,0.587,,8.86,-2.5,1.2257,MOCK_MODE_SYNTHESIS,SYNTHETIC_DEMO,UNVERIFIED_NO_ACTUALS,False,True
2026-02-23,2026-02-23,2026-02-22T23:00:00,2026-09-23T11:00:09.096363+00:00,12,2026-02-23T11:00:00,Asia/Almaty,turbine_1,2.42375,2.42375,1,2.5,,16.35,-0.8,1.2058,MOCK_MODE_SYNTHESIS,SYNTHETIC_DEMO,UNVERIFIED_NO_ACTUALS,False,True
2026-02-23,2026-02-23,2026-02-22T23:00:00,2026-09-23T11:00:09.096363+00:00,13,2026-02-23T12:00:00,Asia/Almaty,turbine_1,2.4465,2.4465,1,2.5,,15.86,0.7,1.2066,MOCK_MODE_SYNTHESIS,SYNTHETIC_DEMO,UNVERIFIED_NO_ACTUALS,False,True
2026-02-23,2026-02-23,2026-02-22T23:00:00,2026-09-23T11:00:09.096363+00:00,14,2026-02-23T13:00:00,Asia/Almaty,turbine_1,2.44275,2.44275,1,2.5,,16.02,2.1,1.2073,MOCK_MODE_SYNTHESIS,SYNTHETIC_DEMO,UNVERIFIED_NO_ACTUALS,False,True
2026-02-23,2026-02-23,2026-02-22T23:00:00,2026-09-23T11:00:09.096363+00:00,15,2026-02-23T14:00:00,Asia/Almaty,turbine_1,2.4275,2.4275,1,2.5,,12.82,-2.0,1.2209,MOCK_MODE_SYNTHESIS,SYNTHETIC_DEMO,UNVERIFIED_NO_ACTUALS,False,True
2026-02-23,2026-02-23,2026-02-22T23:00:00,2026-09-23T11:00:09.096363+00:00,16,2026-02-23T15:00:00,Asia/Almaty,turbine_1,0.3035,0.3035,1,0.3095,,7.77,2.9,1.1976,MOCK_MODE_SYNTHESIS,SYNTHETIC_DEMO,UNVERIFIED_NO_ACTUALS,False,True
2026-02-23,2026-02-23,2026-02-22T23:00:00,2026-09-23T11:00:09.096363+00:00,17,2026-02-23T16:00:00,Asia/Almaty,turbine_1,2.42825,2.42825,1,2.5,,13.38,0.6,1.2057,MOCK_MODE_SYNTHESIS,SYNTHETIC_DEMO,UNVERIFIED_NO_ACTUALS,False,True
2026-02-23,2026-02-23,2026-02-22T23:00:00,2026-09-23T11:00:09.096363+00:00,18,2026-02-23T17:00:00,Asia/Almaty,turbine_1,2.43325,2.43325,1,2.5,,15.63,0.8,1.2007,MOCK_MODE_SYNTHESIS,SYNTHETIC_DEMO,UNVERIFIED_NO_ACTUALS,False,True
2026-02-23,2026-02-23,2026-02-22T23:00:00,2026-09-23T11:00:09.096363+00:00,19,2026-02-23T18:00:00,Asia/Almaty,turbine_1,2.357,2.357,1,2.30425,,12.28,0.5,1.2113,MOCK_MODE_SYNTHESIS,SYNTHETIC_DEMO,UNVERIFIED_NO_ACTUALS,False,True
2026-02-23,2026-02-23,2026-02-22T23:00:00,2026-09-23T11:00:09.096363+00:00,20,2026-02-23T19:00:00,Asia/Almaty,turbine_1,2.32825,2.32825,1,2.5,,16.81,-2.1,1.2187,MOCK_MODE_SYNTHESIS,SYNTHETIC_DEMO,UNVERIFIED_NO_ACTUALS,False,True
2026-02-23,2026-02-23,2026-02-22T23:00:00,2026-09-23T11:00:09.096363+00:00,21,2026-02-23T20:00:00,Asia/Almaty,turbine_1,1.34725,1.34725,1,1.326,,10.71,0.1,1.2155,MOCK_MODE_SYNTHESIS,SYNTHETIC_DEMO,UNVERIFIED_NO_ACTUALS,False,True
2026-02-23,2026-02-23,2026-02-22T23:00:00,2026-09-23T11:00:09.096363+00:00,22,2026-02-23T21:00:00,Asia/Almaty,turbine_1,0.30375,0.30375,1,0.31375,,7.76,-1.5,1.2226,MOCK_MODE_SYNTHESIS,SYNTHETIC_DEMO,UNVERIFIED_NO_ACTUALS,False,True
2026-02-23,2026-02-23,2026-02-22T23:00:00,2026-09-23T11:00:09.096363+00:00,23,2026-02-23T22:00:00,Asia/Almaty,turbine_1,1.752,1.752,1,1.778,,11.46,-3.9,1.2337,MOCK_MODE_SYNTHESIS,SYNTHETIC_DEMO,UNVERIFIED_NO_ACTUALS,False,True
2026-02-23,2026-02-23,2026-02-22T23:00:00,2026-09-23T11:00:09.096363+00:00,24,2026-02-23T23:00:00,Asia/Almaty,turbine_1,1.42175,1.42175,1,1.4445,,10.9,-4.8,1.2309,MOCK_MODE_SYNTHESIS,SYNTHETIC_DEMO,UNVERIFIED_NO_ACTUALS,False,True
2026-02-23,2026-02-23,2026-02-22T23:00:00,2026-09-23T11:00:09.111087+00:00,1,2026-02-23T00:00:00,Asia/Almaty,turbine_2,2.43825,2.43825,1,2.5,,12.55,-5.2,1.2244,MOCK_MODE_SYNTHESIS,SYNTHETIC_DEMO,UNVERIFIED_NO_ACTUALS,False,True
2026-02-23,2026-02-23,2026-02-22T23:00:00,2026-09-23T11:00:09.111087+00:00,2,2026-02-23T01:00:00,Asia/Almaty,turbine_2,0.3275,0.3275,1,0.34925,,7.91,-5.8,1.2396,MOCK_MODE_SYNTHESIS,SYNTHETIC_DEMO,UNVERIFIED_NO_ACTUALS,False,True
2026-02-23,2026-02-23,2026-02-22T23:00:00,2026-09-23T11:00:09.111087+00:00,3,2026-02-23T02:00:00,Asia/Almaty,turbine_2,0.0695,0.0695,1,0.0895,,6.11,-8.5,1.2505,MOCK_MODE_SYNTHESIS,SYNTHETIC_DEMO,UNVERIFIED_NO_ACTUALS,False,True
2026-02-23,2026-02-23,2026-02-22T23:00:00,2026-09-23T11:00:09.111087+00:00,4,2026-02-23T03:00:00,Asia/Almaty,turbine_2,0.014,0.014,1,0.0035,,4.06,-7.9,1.2408,MOCK_MODE_SYNTHESIS,SYNTHETIC_DEMO,UNVERIFIED_NO_ACTUALS,False,True
2026-02-23,2026-02-23,2026-02-22T23:00:00,2026-09-23T11:00:09.111087+00:00,5,2026-02-23T04:00:00,Asia/Almaty,turbine_2,0.0,0.0,1,0.007,,4.32,-9.0,1.2628,MOCK_MODE_SYNTHESIS,SYNTHETIC_DEMO,UNVERIFIED_NO_ACTUALS,False,True
2026-02-23,2026-02-23,2026-02-22T23:00:00,2026-09-23T11:00:09.111087+00:00,6,2026-02-23T05:00:00,Asia/Almaty,turbine_2,0.4155,0.4155,1,0.4555,,8.36,-6.1,1.2429,MOCK_MODE_SYNTHESIS,SYNTHETIC_DEMO,UNVERIFIED_NO_ACTUALS,False,True
2026-02-23,2026-02-23,2026-02-22T23:00:00,2026-09-23T11:00:09.111087+00:00,7,2026-02-23T06:00:00,Asia/Almaty,turbine_2,2.355,2.355,1,2.5,,16.62,-7.7,1.2543,MOCK_MODE_SYNTHESIS,SYNTHETIC_DEMO,UNVERIFIED_NO_ACTUALS,False,True
2026-02-23,2026-02-23,2026-02-22T23:00:00,2026-09-23T11:00:09.111087+00:00,8,2026-02-23T07:00:00,Asia/Almaty,turbine_2,2.38625,2.38625,1,2.5,,13.02,-8.7,1.2607,MOCK_MODE_SYNTHESIS,SYNTHETIC_DEMO,UNVERIFIED_NO_ACTUALS,False,True
2026-02-23,2026-02-23,2026-02-22T23:00:00,2026-09-23T11:00:09.111087+00:00,9,2026-02-23T08:00:00,Asia/Almaty,turbine_2,2.33625,2.33625,1,2.5,,12.69,-3.9,1.2274,MOCK_MODE_SYNTHESIS,SYNTHETIC_DEMO,UNVERIFIED_NO_ACTUALS,False,True
2026-02-23,2026-02-23,2026-02-22T23:00:00,2026-09-23T11:00:09.111087+00:00,10,2026-02-23T09:00:00,Asia/Almaty,turbine_2,2.33875,2.33875,1,2.5,,13.81,-6.1,1.2441,MOCK_MODE_SYNTHESIS,SYNTHETIC_DEMO,UNVERIFIED_NO_ACTUALS,False,True
2026-02-23,2026-02-23,2026-02-22T23:00:00,2026-09-23T11:00:09.111087+00:00,11,2026-02-23T10:00:00,Asia/Almaty,turbine_2,0.56425,0.56425,1,0.587,,8.86,-2.5,1.2257,MOCK_MODE_SYNTHESIS,SYNTHETIC_DEMO,UNVERIFIED_NO_ACTUALS,False,True
2026-02-23,2026-02-23,2026-02-22T23:00:00,2026-09-23T11:00:09.111087+00:00,12,2026-02-23T11:00:00,Asia/Almaty,turbine_2,2.42375,2.42375,1,2.5,,16.35,-0.8,1.2058,MOCK_MODE_SYNTHESIS,SYNTHETIC_DEMO,UNVERIFIED_NO_ACTUALS,False,True
2026-02-23,2026-02-23,2026-02-22T23:00:00,2026-09-23T11:00:09.111087+00:00,13,2026-02-23T12:00:00,Asia/Almaty,turbine_2,2.4465,2.4465,1,2.5,,15.86,0.7,1.2066,MOCK_MODE_SYNTHESIS,SYNTHETIC_DEMO,UNVERIFIED_NO_ACTUALS,False,True
2026-02-23,2026-02-23,2026-02-22T23:00:00,2026-09-23T11:00:09.111087+00:00,14,2026-02-23T13:00:00,Asia/Almaty,turbine_2,2.44275,2.44275,1,2.5,,16.02,2.1,1.2073,MOCK_MODE_SYNTHESIS,SYNTHETIC_DEMO,UNVERIFIED_NO_ACTUALS,False,True
2026-02-23,2026-02-23,2026-02-22T23:00:00,2026-09-23T11:00:09.111087+00:00,15,2026-02-23T14:00:00,Asia/Almaty,turbine_2,2.4275,2.4275,1,2.5,,12.82,-2.0,1.2209,MOCK_MODE_SYNTHESIS,SYNTHETIC_DEMO,UNVERIFIED_NO_ACTUALS,False,True
2026-02-23,2026-02-23,2026-02-22T23:00:00,2026-09-23T11:00:09.111087+00:00,16,2026-02-23T15:00:00,Asia/Almaty,turbine_2,0.3035,0.3035,1,0.3095,,7.77,2.9,1.1976,MOCK_MODE_SYNTHESIS,SYNTHETIC_DEMO,UNVERIFIED_NO_ACTUALS,False,True
2026-02-23,2026-02-23,2026-02-22T23:00:00,2026-09-23T11:00:09.111087+00:00,17,2026-02-23T16:00:00,Asia/Almaty,turbine_2,2.42825,2.42825,1,2.5,,13.38,0.6,1.2057,MOCK_MODE_SYNTHESIS,SYNTHETIC_DEMO,UNVERIFIED_NO_ACTUALS,False,True
2026-02-23,2026-02-23,2026-02-22T23:00:00,2026-09-23T11:00:09.111087+00:00,18,2026-02-23T17:00:00,Asia/Almaty,turbine_2,2.43325,2.43325,1,2.5,,15.63,0.8,1.2007,MOCK_MODE_SYNTHESIS,SYNTHETIC_DEMO,UNVERIFIED_NO_ACTUALS,False,True
2026-02-23,2026-02-23,2026-02-22T23:00:00,2026-09-23T11:00:09.111087+00:00,19,2026-02-23T18:00:00,Asia/Almaty,turbine_2,2.357,2.357,1,2.30425,,12.28,0.5,1.2113,MOCK_MODE_SYNTHESIS,SYNTHETIC_DEMO,UNVERIFIED_NO_ACTUALS,False,True
2026-02-23,2026-02-23,2026-02-22T23:00:00,2026-09-23T11:00:09.111087+00:00,20,2026-02-23T19:00:00,Asia/Almaty,turbine_2,2.32825,2.32825,1,2.5,,16.81,-2.1,1.2187,MOCK_MODE_SYNTHESIS,SYNTHETIC_DEMO,UNVERIFIED_NO_ACTUALS,False,True
2026-02-23,2026-02-23,2026-02-22T23:00:00,2026-09-23T11:00:09.111087+00:00,21,2026-02-23T20:00:00,Asia/Almaty,turbine_2,1.34725,1.34725,1,1.326,,10.71,0.1,1.2155,MOCK_MODE_SYNTHESIS,SYNTHETIC_DEMO,UNVERIFIED_NO_ACTUALS,False,True
2026-02-23,2026-02-23,2026-02-22T23:00:00,2026-09-23T11:00:09.111087+00:00,22,2026-02-23T21:00:00,Asia/Almaty,turbine_2,0.30375,0.30375,1,0.31375,,7.76,-1.5,1.2226,MOCK_MODE_SYNTHESIS,SYNTHETIC_DEMO,UNVERIFIED_NO_ACTUALS,False,True
2026-02-23,2026-02-23,2026-02-22T23:00:00,2026-09-23T11:00:09.111087+00:00,23,2026-02-23T22:00:00,Asia/Almaty,turbine_2,1.752,1.752,1,1.778,,11.46,-3.9,1.2337,MOCK_MODE_SYNTHESIS,SYNTHETIC_DEMO,UNVERIFIED_NO_ACTUALS,False,True
2026-02-23,2026-02-23,2026-02-22T23:00:00,2026-09-23T11:00:09.111087+00:00,24,2026-02-23T23:00:00,Asia/Almaty,turbine_2,1.42175,1.42175,1,1.4445,,10.9,-4.8,1.2309,MOCK_MODE_SYNTHESIS,SYNTHETIC_DEMO,UNVERIFIED_NO_ACTUALS,False,True
2026-02-24,2026-02-24,2026-02-23T23:00:00,2026-09-23T11:00:09.125952+00:00,1,2026-02-24T00:00:00,Asia/Almaty,turbine_1,0.0,0.0,1,0.0,,2.69,-3.2,1.2285,MOCK_MODE_SYNTHESIS,SYNTHETIC_DEMO,UNVERIFIED_NO_ACTUALS,False,True
2026-02-24,2026-02-24,2026-02-23T23:00:00,2026-09-23T11:00:09.125952+00:00,2,2026-02-24T01:00:00,Asia/Almaty,turbine_1,0.0,0.0,1,0.0,,0.73,-6.4,1.243,MOCK_MODE_SYNTHESIS,SYNTHETIC_DEMO,UNVERIFIED_NO_ACTUALS,False,True
2026-02-24,2026-02-24,2026-02-23T23:00:00,2026-09-23T11:00:09.125952+00:00,3,2026-02-24T02:00:00,Asia/Almaty,turbine_1,0.014,0.014,1,0.0185,,4.84,-9.1,1.2547,MOCK_MODE_SYNTHESIS,SYNTHETIC_DEMO,UNVERIFIED_NO_ACTUALS,False,True
2026-02-24,2026-02-24,2026-02-23T23:00:00,2026-09-23T11:00:09.125952+00:00,4,2026-02-24T03:00:00,Asia/Almaty,turbine_1,0.10625,0.10625,1,0.12575,,6.47,-10.8,1.2641,MOCK_MODE_SYNTHESIS,SYNTHETIC_DEMO,UNVERIFIED_NO_ACTUALS,False,True
2026-02-24,2026-02-24,2026-02-23T23:00:00,2026-09-23T11:00:09.125952+00:00,5,2026-02-24T04:00:00,Asia/Almaty,turbine_1,0.49925,0.49925,1,0.52375,,8.62,-5.5,1.2395,MOCK_MODE_SYNTHESIS,SYNTHETIC_DEMO,UNVERIFIED_NO_ACTUALS,False,True
2026-02-24,2026-02-24,2026-02-23T23:00:00,2026-09-23T11:00:09.125952+00:00,6,2026-02-24T05:00:00,Asia/Almaty,turbine_1,0.01375,0.01375,1,0.04,,5.38,-7.6,1.2451,MOCK_MODE_SYNTHESIS,SYNTHETIC_DEMO,UNVERIFIED_NO_ACTUALS,False,True
2026-02-24,2026-02-24,2026-02-23T23:00:00,2026-09-23T11:00:09.125952+00:00,7,2026-02-24T06:00:00,Asia/Almaty,turbine_1,0.30325,0.30325,1,0.3285,,7.82,-5.6,1.2321,MOCK_MODE_SYNTHESIS,SYNTHETIC_DEMO,UNVERIFIED_NO_ACTUALS,False,True
2026-02-24,2026-02-24,2026-02-23T23:00:00,2026-09-23T11:00:09.125952+00:00,8,2026-02-24T07:00:00,Asia/Almaty,turbine_1,0.54175,0.54175,1,0.5775,,8.82,-5.7,1.2308,MOCK_MODE_SYNTHESIS,SYNTHETIC_DEMO,UNVERIFIED_NO_ACTUALS,False,True
2026-02-24,2026-02-24,2026-02-23T23:00:00,2026-09-23T11:00:09.125952+00:00,9,2026-02-24T08:00:00,Asia/Almaty,turbine_1,1.1455,1.1455,1,1.252,,10.51,-6.7,1.2419,MOCK_MODE_SYNTHESIS,SYNTHETIC_DEMO,UNVERIFIED_NO_ACTUALS,False,True
2026-02-24,2026-02-24,2026-02-23T23:00:00,2026-09-23T11:00:09.125952+00:00,10,2026-02-24T09:00:00,Asia/Almaty,turbine_1,2.3595,2.3595,1,2.5,,15.47,-5.2,1.2337,MOCK_MODE_SYNTHESIS,SYNTHETIC_DEMO,UNVERIFIED_NO_ACTUALS,False,True
2026-02-24,2026-02-24,2026-02-23T23:00:00,2026-09-23T11:00:09.125952+00:00,11,2026-02-24T10:00:00,Asia/Almaty,turbine_1,2.43025,2.43025,1,2.5,,12.79,-0.7,1.2132,MOCK_MODE_SYNTHESIS,SYNTHETIC_DEMO,UNVERIFIED_NO_ACTUALS,False,True
2026-02-24,2026-02-24,2026-02-23T23:00:00,2026-09-23T11:00:09.125952+00:00,12,2026-02-24T11:00:00,Asia/Almaty,turbine_1,2.3815,2.3815,1,2.5,,12.84,-2.2,1.2268,MOCK_MODE_SYNTHESIS,SYNTHETIC_DEMO,UNVERIFIED_NO_ACTUALS,False,True
2026-02-24,2026-02-24,2026-02-23T23:00:00,2026-09-23T11:00:09.125952+00:00,13,2026-02-24T12:00:00,Asia/Almaty,turbine_1,2.34475,2.34475,1,2.5,,16.85,-2.1,1.2202,MOCK_MODE_SYNTHESIS,SYNTHETIC_DEMO,UNVERIFIED_NO_ACTUALS,False,True
2026-02-24,2026-02-24,2026-02-23T23:00:00,2026-09-23T11:00:09.125952+00:00,14,2026-02-24T13:00:00,Asia/Almaty,turbine_1,2.43325,2.43325,1,2.5,,16.15,1.0,1.2037,MOCK_MODE_SYNTHESIS,SYNTHETIC_DEMO,UNVERIFIED_NO_ACTUALS,False,True
2026-02-24,2026-02-24,2026-02-23T23:00:00,2026-09-23T11:00:09.125952+00:00,15,2026-02-24T14:00:00,Asia/Almaty,turbine_1,2.44,2.44,1,2.5,,13.9,1.0,1.2045,MOCK_MODE_SYNTHESIS,SYNTHETIC_DEMO,UNVERIFIED_NO_ACTUALS,False,True
2026-02-24,2026-02-24,2026-02-23T23:00:00,2026-09-23T11:00:09.125952+00:00,16,2026-02-24T15:00:00,Asia/Almaty,turbine_1,2.4445,2.4445,1,2.5,,17.06,4.9,1.1966,MOCK_MODE_SYNTHESIS,SYNTHETIC_DEMO,UNVERIFIED_NO_ACTUALS,False,True
2026-02-24,2026-02-24,2026-02-23T23:00:00,2026-09-23T11:00:09.125952+00:00,17,2026-02-24T16:00:00,Asia/Almaty,turbine_1,2.44925,2.44925,1,2.5,,18.03,4.8,1.1878,MOCK_MODE_SYNTHESIS,SYNTHETIC_DEMO,UNVERIFIED_NO_ACTUALS,False,True
2026-02-24,2026-02-24,2026-02-23T23:00:00,2026-09-23T11:00:09.125952+00:00,18,2026-02-24T17:00:00,Asia/Almaty,turbine_1,2.4025,2.4025,1,2.5,,15.34,0.3,1.2046,MOCK_MODE_SYNTHESIS,SYNTHETIC_DEMO,UNVERIFIED_NO_ACTUALS,False,True
2026-02-24,2026-02-24,2026-02-23T23:00:00,2026-09-23T11:00:09.125952+00:00,19,2026-02-24T18:00:00,Asia/Almaty,turbine_1,2.396,2.396,1,2.36575,,12.39,3.2,1.2005,MOCK_MODE_SYNTHESIS,SYNTHETIC_DEMO,UNVERIFIED_NO_ACTUALS,False,True
2026-02-24,2026-02-24,2026-02-23T23:00:00,2026-09-23T11:00:09.125952+00:00,20,2026-02-24T19:00:00,Asia/Almaty,turbine_1,0.137,0.137,1,0.129,,6.55,1.8,1.212,MOCK_MODE_SYNTHESIS,SYNTHETIC_DEMO,UNVERIFIED_NO_ACTUALS,False,True
2026-02-24,2026-02-24,2026-02-23T23:00:00,2026-09-23T11:00:09.125952+00:00,21,2026-02-24T20:00:00,Asia/Almaty,turbine_1,0.1205,0.1205,1,0.1165,,6.44,1.8,1.2011,MOCK_MODE_SYNTHESIS,SYNTHETIC_DEMO,UNVERIFIED_NO_ACTUALS,False,True
2026-02-24,2026-02-24,2026-02-23T23:00:00,2026-09-23T11:00:09.125952+00:00,22,2026-02-24T21:00:00,Asia/Almaty,turbine_1,0.03725,0.03725,1,0.0035,,4.07,1.0,1.2078,MOCK_MODE_SYNTHESIS,SYNTHETIC_DEMO,UNVERIFIED_NO_ACTUALS,False,True
2026-02-24,2026-02-24,2026-02-23T23:00:00,2026-09-23T11:00:09.125952+00:00,23,2026-02-24T22:00:00,Asia/Almaty,turbine_1,0.0375,0.0375,1,0.0,,3.0,-2.8,1.2249,MOCK_MODE_SYNTHESIS,SYNTHETIC_DEMO,UNVERIFIED_NO_ACTUALS,False,True
2026-02-24,2026-02-24,2026-02-23T23:00:00,2026-09-23T11:00:09.125952+00:00,24,2026-02-24T23:00:00,Asia/Almaty,turbine_1,0.236,0.236,1,0.22825,,7.28,-1.6,1.2226,MOCK_MODE_SYNTHESIS,SYNTHETIC_DEMO,UNVERIFIED_NO_ACTUALS,False,True
2026-02-24,2026-02-24,2026-02-23T23:00:00,2026-09-23T11:00:09.176457+00:00,1,2026-02-24T00:00:00,Asia/Almaty,turbine_2,0.0,0.0,1,0.0,,2.69,-3.2,1.2285,MOCK_MODE_SYNTHESIS,SYNTHETIC_DEMO,UNVERIFIED_NO_ACTUALS,False,True
2026-02-24,2026-02-24,2026-02-23T23:00:00,2026-09-23T11:00:09.176457+00:00,2,2026-02-24T01:00:00,Asia/Almaty,turbine_2,0.0,0.0,1,0.0,,0.73,-6.4,1.243,MOCK_MODE_SYNTHESIS,SYNTHETIC_DEMO,UNVERIFIED_NO_ACTUALS,False,True
2026-02-24,2026-02-24,2026-02-23T23:00:00,2026-09-23T11:00:09.176457+00:00,3,2026-02-24T02:00:00,Asia/Almaty,turbine_2,0.014,0.014,1,0.0185,,4.84,-9.1,1.2547,MOCK_MODE_SYNTHESIS,SYNTHETIC_DEMO,UNVERIFIED_NO_ACTUALS,False,True
2026-02-24,2026-02-24,2026-02-23T23:00:00,2026-09-23T11:00:09.176457+00:00,4,2026-02-24T03:00:00,Asia/Almaty,turbine_2,0.10625,0.10625,1,0.12575,,6.47,-10.8,1.2641,MOCK_MODE_SYNTHESIS,SYNTHETIC_DEMO,UNVERIFIED_NO_ACTUALS,False,True
2026-02-24,2026-02-24,2026-02-23T23:00:00,2026-09-23T11:00:09.176457+00:00,5,2026-02-24T04:00:00,Asia/Almaty,turbine_2,0.49925,0.49925,1,0.52375,,8.62,-5.5,1.2395,MOCK_MODE_SYNTHESIS,SYNTHETIC_DEMO,UNVERIFIED_NO_ACTUALS,False,True
2026-02-24,2026-02-24,2026-02-23T23:00:00,2026-09-23T11:00:09.176457+00:00,6,2026-02-24T05:00:00,Asia/Almaty,turbine_2,0.01375,0.01375,1,0.04,,5.38,-7.6,1.2451,MOCK_MODE_SYNTHESIS,SYNTHETIC_DEMO,UNVERIFIED_NO_ACTUALS,False,True
2026-02-24,2026-02-24,2026-02-23T23:00:00,2026-09-23T11:00:09.176457+00:00,7,2026-02-24T06:00:00,Asia/Almaty,turbine_2,0.30325,0.30325,1,0.3285,,7.82,-5.6,1.2321,MOCK_MODE_SYNTHESIS,SYNTHETIC_DEMO,UNVERIFIED_NO_ACTUALS,False,True
2026-02-24,2026-02-24,2026-02-23T23:00:00,2026-09-23T11:00:09.176457+00:00,8,2026-02-24T07:00:00,Asia/Almaty,turbine_2,0.54175,0.54175,1,0.5775,,8.82,-5.7,1.2308,MOCK_MODE_SYNTHESIS,SYNTHETIC_DEMO,UNVERIFIED_NO_ACTUALS,False,True
2026-02-24,2026-02-24,2026-02-23T23:00:00,2026-09-23T11:00:09.176457+00:00,9,2026-02-24T08:00:00,Asia/Almaty,turbine_2,1.1455,1.1455,1,1.252,,10.51,-6.7,1.2419,MOCK_MODE_SYNTHESIS,SYNTHETIC_DEMO,UNVERIFIED_NO_ACTUALS,False,True
2026-02-24,2026-02-24,2026-02-23T23:00:00,2026-09-23T11:00:09.176457+00:00,10,2026-02-24T09:00:00,Asia/Almaty,turbine_2,2.3595,2.3595,1,2.5,,15.47,-5.2,1.2337,MOCK_MODE_SYNTHESIS,SYNTHETIC_DEMO,UNVERIFIED_NO_ACTUALS,False,True
2026-02-24,2026-02-24,2026-02-23T23:00:00,2026-09-23T11:00:09.176457+00:00,11,2026-02-24T10:00:00,Asia/Almaty,turbine_2,2.43025,2.43025,1,2.5,,12.79,-0.7,1.2132,MOCK_MODE_SYNTHESIS,SYNTHETIC_DEMO,UNVERIFIED_NO_ACTUALS,False,True
2026-02-24,2026-02-24,2026-02-23T23:00:00,2026-09-23T11:00:09.176457+00:00,12,2026-02-24T11:00:00,Asia/Almaty,turbine_2,2.3815,2.3815,1,2.5,,12.84,-2.2,1.2268,MOCK_MODE_SYNTHESIS,SYNTHETIC_DEMO,UNVERIFIED_NO_ACTUALS,False,True
2026-02-24,2026-02-24,2026-02-23T23:00:00,2026-09-23T11:00:09.176457+00:00,13,2026-02-24T12:00:00,Asia/Almaty,turbine_2,2.34475,2.34475,1,2.5,,16.85,-2.1,1.2202,MOCK_MODE_SYNTHESIS,SYNTHETIC_DEMO,UNVERIFIED_NO_ACTUALS,False,True
2026-02-24,2026-02-24,2026-02-23T23:00:00,2026-09-23T11:00:09.176457+00:00,14,2026-02-24T13:00:00,Asia/Almaty,turbine_2,2.43325,2.43325,1,2.5,,16.15,1.0,1.2037,MOCK_MODE_SYNTHESIS,SYNTHETIC_DEMO,UNVERIFIED_NO_ACTUALS,False,True
2026-02-24,2026-02-24,2026-02-23T23:00:00,2026-09-23T11:00:09.176457+00:00,15,2026-02-24T14:00:00,Asia/Almaty,turbine_2,2.44,2.44,1,2.5,,13.9,1.0,1.2045,MOCK_MODE_SYNTHESIS,SYNTHETIC_DEMO,UNVERIFIED_NO_ACTUALS,False,True
2026-02-24,2026-02-24,2026-02-23T23:00:00,2026-09-23T11:00:09.176457+00:00,16,2026-02-24T15:00:00,Asia/Almaty,turbine_2,2.4445,2.4445,1,2.5,,17.06,4.9,1.1966,MOCK_MODE_SYNTHESIS,SYNTHETIC_DEMO,UNVERIFIED_NO_ACTUALS,False,True
2026-02-24,2026-02-24,2026-02-23T23:00:00,2026-09-23T11:00:09.176457+00:00,17,2026-02-24T16:00:00,Asia/Almaty,turbine_2,2.44925,2.44925,1,2.5,,18.03,4.8,1.1878,MOCK_MODE_SYNTHESIS,SYNTHETIC_DEMO,UNVERIFIED_NO_ACTUALS,False,True
2026-02-24,2026-02-24,2026-02-23T23:00:00,2026-09-23T11:00:09.176457+00:00,18,2026-02-24T17:00:00,Asia/Almaty,turbine_2,2.4025,2.4025,1,2.5,,15.34,0.3,1.2046,MOCK_MODE_SYNTHESIS,SYNTHETIC_DEMO,UNVERIFIED_NO_ACTUALS,False,True
2026-02-24,2026-02-24,2026-02-23T23:00:00,2026-09-23T11:00:09.176457+00:00,19,2026-02-24T18:00:00,Asia/Almaty,turbine_2,2.396,2.396,1,2.36575,,12.39,3.2,1.2005,MOCK_MODE_SYNTHESIS,SYNTHETIC_DEMO,UNVERIFIED_NO_ACTUALS,False,True
2026-02-24,2026-02-24,2026-02-23T23:00:00,2026-09-23T11:00:09.176457+00:00,20,2026-02-24T19:00:00,Asia/Almaty,turbine_2,0.137,0.137,1,0.129,,6.55,1.8,1.212,MOCK_MODE_SYNTHESIS,SYNTHETIC_DEMO,UNVERIFIED_NO_ACTUALS,False,True
2026-02-24,2026-02-24,2026-02-23T23:00:00,2026-09-23T11:00:09.176457+00:00,21,2026-02-24T20:00:00,Asia/Almaty,turbine_2,0.1205,0.1205,1,0.1165,,6.44,1.8,1.2011,MOCK_MODE_SYNTHESIS,SYNTHETIC_DEMO,UNVERIFIED_NO_ACTUALS,False,True
2026-02-24,2026-02-24,2026-02-23T23:00:00,2026-09-23T11:00:09.176457+00:00,22,2026-02-24T21:00:00,Asia/Almaty,turbine_2,0.03725,0.03725,1,0.0035,,4.07,1.0,1.2078,MOCK_MODE_SYNTHESIS,SYNTHETIC_DEMO,UNVERIFIED_NO_ACTUALS,False,True
2026-02-24,2026-02-24,2026-02-23T23:00:00,2026-09-23T11:00:09.176457+00:00,23,2026-02-24T22:00:00,Asia/Almaty,turbine_2,0.0375,0.0375,1,0.0,,3.0,-2.8,1.2249,MOCK_MODE_SYNTHESIS,SYNTHETIC_DEMO,UNVERIFIED_NO_ACTUALS,False,True
2026-02-24,2026-02-24,2026-02-23T23:00:00,2026-09-23T11:00:09.176457+00:00,24,2026-02-24T23:00:00,Asia/Almaty,turbine_2,0.236,0.236,1,0.22825,,7.28,-1.6,1.2226,MOCK_MODE_SYNTHESIS,SYNTHETIC_DEMO,UNVERIFIED_NO_ACTUALS,False,True
2026-02-25,2026-02-25,2026-02-24T23:00:00,2026-09-23T11:00:09.194482+00:00,1,2026-02-25T00:00:00,Asia/Almaty,turbine_1,0.23575,0.23575,1,0.21775,,7.2,-5.0,1.2342,MOCK_MODE_SYNTHESIS,SYNTHETIC_DEMO,UNVERIFIED_NO_ACTUALS,False,True
2026-02-25,2026-02-25,2026-02-24T23:00:00,2026-09-23T11:00:09.194482+00:00,2,2026-02-25T01:00:00,Asia/Almaty,turbine_1,0.01125,0.01125,1,0.00275,,3.97,-6.5,1.2433,MOCK_MODE_SYNTHESIS,SYNTHETIC_DEMO,UNVERIFIED_NO_ACTUALS,False,True
2026-02-25,2026-02-25,2026-02-24T23:00:00,2026-09-23T11:00:09.194482+00:00,3,2026-02-25T02:00:00,Asia/Almaty,turbine_1,0.0,0.0,1,0.0,,0.0,-6.2,1.2383,MOCK_MODE_SYNTHESIS,SYNTHETIC_DEMO,UNVERIFIED_NO_ACTUALS,False,True
2026-02-25,2026-02-25,2026-02-24T23:00:00,2026-09-23T11:00:09.194482+00:00,4,2026-02-25T03:00:00,Asia/Almaty,turbine_1,0.306,0.306,1,0.3415,,7.87,-7.9,1.2419,MOCK_MODE_SYNTHESIS,SYNTHETIC_DEMO,UNVERIFIED_NO_ACTUALS,False,True
2026-02-25,2026-02-25,2026-02-24T23:00:00,2026-09-23T11:00:09.194482+00:00,5,2026-02-25T04:00:00,Asia/Almaty,turbine_1,0.059,0.059,1,0.1055,,6.28,-8.9,1.2548,MOCK_MODE_SYNTHESIS,SYNTHETIC_DEMO,UNVERIFIED_NO_ACTUALS,False,True
2026-02-25,2026-02-25,2026-02-24T23:00:00,2026-09-23T11:00:09.194482+00:00,6,2026-02-25T05:00:00,Asia/Almaty,turbine_1,0.08625,0.08625,1,0.11125,,6.35,-5.9,1.2445,MOCK_MODE_SYNTHESIS,SYNTHETIC_DEMO,UNVERIFIED_NO_ACTUALS,False,True
2026-02-25,2026-02-25,2026-02-24T23:00:00,2026-09-23T11:00:09.194482+00:00,7,2026-02-25T06:00:00,Asia/Almaty,turbine_1,0.0205,0.0205,1,0.04975,,5.56,-7.8,1.2472,MOCK_MODE_SYNTHESIS,SYNTHETIC_DEMO,UNVERIFIED_NO_ACTUALS,False,True
2026-02-25,2026-02-25,2026-02-24T23:00:00,2026-09-23T11:00:09.194482+00:00,8,2026-02-25T07:00:00,Asia/Almaty,turbine_1,0.1855,0.1855,1,0.21625,,7.19,-5.5,1.2356,MOCK_MODE_SYNTHESIS,SYNTHETIC_DEMO,UNVERIFIED_NO_ACTUALS,False,True
2026-02-25,2026-02-25,2026-02-24T23:00:00,2026-09-23T11:00:09.194482+00:00,9,2026-02-25T08:00:00,Asia/Almaty,turbine_1,0.014,0.014,1,0.029,,5.14,-6.0,1.2453,MOCK_MODE_SYNTHESIS,SYNTHETIC_DEMO,UNVERIFIED_NO_ACTUALS,False,True
2026-02-25,2026-02-25,2026-02-24T23:00:00,2026-09-23T11:00:09.194482+00:00,10,2026-02-25T09:00:00,Asia/Almaty,turbine_1,1.94475,1.94475,1,1.9435,,11.73,-4.0,1.2273,MOCK_MODE_SYNTHESIS,SYNTHETIC_DEMO,UNVERIFIED_NO_ACTUALS,False,True
2026-02-25,2026-02-25,2026-02-24T23:00:00,2026-09-23T11:00:09.194482+00:00,11,2026-02-25T10:00:00,Asia/Almaty,turbine_1,2.3375,2.3375,1,2.5,,13.62,-3.5,1.2285,MOCK_MODE_SYNTHESIS,SYNTHETIC_DEMO,UNVERIFIED_NO_ACTUALS,False,True
2026-02-25,2026-02-25,2026-02-24T23:00:00,2026-09-23T11:00:09.194482+00:00,12,2026-02-25T11:00:00,Asia/Almaty,turbine_1,2.43925,2.43925,1,2.5,,14.34,1.2,1.2156,MOCK_MODE_SYNTHESIS,SYNTHETIC_DEMO,UNVERIFIED_NO_ACTUALS,False,True
2026-02-25,2026-02-25,2026-02-24T23:00:00,2026-09-23T11:00:09.194482+00:00,13,2026-02-25T12:00:00,Asia/Almaty,turbine_1,2.39375,2.39375,1,2.5,,14.51,-2.8,1.2129,MOCK_MODE_SYNTHESIS,SYNTHETIC_DEMO,UNVERIFIED_NO_ACTUALS,False,True
2026-02-25,2026-02-25,2026-02-24T23:00:00,2026-09-23T11:00:09.194482+00:00,14,2026-02-25T13:00:00,Asia/Almaty,turbine_1,2.41575,2.41575,1,2.5,,14.51,-1.9,1.2163,MOCK_MODE_SYNTHESIS,SYNTHETIC_DEMO,UNVERIFIED_NO_ACTUALS,False,True
2026-02-25,2026-02-25,2026-02-24T23:00:00,2026-09-23T11:00:09.194482+00:00,15,2026-02-25T14:00:00,Asia/Almaty,turbine_1,2.45025,2.45025,1,2.5,,17.45,2.6,1.2009,MOCK_MODE_SYNTHESIS,SYNTHETIC_DEMO,UNVERIFIED_NO_ACTUALS,False,True
2026-02-25,2026-02-25,2026-02-24T23:00:00,2026-09-23T11:00:09.194482+00:00,16,2026-02-25T15:00:00,Asia/Almaty,turbine_1,2.44675,2.44675,1,2.5,,19.35,4.3,1.1905,MOCK_MODE_SYNTHESIS,SYNTHETIC_DEMO,UNVERIFIED_NO_ACTUALS,False,True
2026-02-25,2026-02-25,2026-02-24T23:00:00,2026-09-23T11:00:09.194482+00:00,17,2026-02-25T16:00:00,Asia/Almaty,turbine_1,2.35525,2.35525,1,2.5,,13.1,3.1,1.201,MOCK_MODE_SYNTHESIS,SYNTHETIC_DEMO,UNVERIFIED_NO_ACTUALS,False,True
2026-02-25,2026-02-25,2026-02-24T23:00:00,2026-09-23T11:00:09.194482+00:00,18,2026-02-25T17:00:00,Asia/Almaty,turbine_1,2.43925,2.43925,1,2.5,,14.54,0.4,1.2085,MOCK_MODE_SYNTHESIS,SYNTHETIC_DEMO,UNVERIFIED_NO_ACTUALS,False,True
2026-02-25,2026-02-25,2026-02-24T23:00:00,2026-09-23T11:00:09.194482+00:00,19,2026-02-25T18:00:00,Asia/Almaty,turbine_1,2.43875,2.43875,1,2.5,,16.47,0.9,1.2131,MOCK_MODE_SYNTHESIS,SYNTHETIC_DEMO,UNVERIFIED_NO_ACTUALS,False,True
2026-02-25,2026-02-25,2026-02-24T23:00:00,2026-09-23T11:00:09.194482+00:00,20,2026-02-25T19:00:00,Asia/Almaty,turbine_1,1.60525,1.60525,1,1.64775,,11.31,1.0,1.2063,MOCK_MODE_SYNTHESIS,SYNTHETIC_DEMO,UNVERIFIED_NO_ACTUALS,False,True
2026-02-25,2026-02-25,2026-02-24T23:00:00,2026-09-23T11:00:09.194482+00:00,21,2026-02-25T20:00:00,Asia/Almaty,turbine_1,0.6505,0.6505,1,0.6615,,9.11,-0.6,1.2185,MOCK_MODE_SYNTHESIS,SYNTHETIC_DEMO,UNVERIFIED_NO_ACTUALS,False,True
2026-02-25,2026-02-25,2026-02-24T23:00:00,2026-09-23T11:00:09.194482+00:00,22,2026-02-25T21:00:00,Asia/Almaty,turbine_1,1.71975,1.71975,1,1.73575,,11.43,-1.2,1.2173,MOCK_MODE_SYNTHESIS,SYNTHETIC_DEMO,UNVERIFIED_NO_ACTUALS,False,True
2026-02-25,2026-02-25,2026-02-24T23:00:00,2026-09-23T11:00:09.194482+00:00,23,2026-02-25T22:00:00,Asia/Almaty,turbine_1,0.04,0.04,1,0.00725,,4.35,-2.6,1.221,MOCK_MODE_SYNTHESIS,SYNTHETIC_DEMO,UNVERIFIED_NO_ACTUALS,False,True
2026-02-25,2026-02-25,2026-02-24T23:00:00,2026-09-23T11:00:09.194482+00:00,24,2026-02-25T23:00:00,Asia/Almaty,turbine_1,0.095,0.095,1,0.08775,,6.1,-5.8,1.2376,MOCK_MODE_SYNTHESIS,SYNTHETIC_DEMO,UNVERIFIED_NO_ACTUALS,False,True
2026-02-25,2026-02-25,2026-02-24T23:00:00,2026-09-23T11:00:09.211889+00:00,1,2026-02-25T00:00:00,Asia/Almaty,turbine_2,0.23575,0.23575,1,0.21775,,7.2,-5.0,1.2342,MOCK_MODE_SYNTHESIS,SYNTHETIC_DEMO,UNVERIFIED_NO_ACTUALS,False,True
2026-02-25,2026-02-25,2026-02-24T23:00:00,2026-09-23T11:00:09.211889+00:00,2,2026-02-25T01:00:00,Asia/Almaty,turbine_2,0.01125,0.01125,1,0.00275,,3.97,-6.5,1.2433,MOCK_MODE_SYNTHESIS,SYNTHETIC_DEMO,UNVERIFIED_NO_ACTUALS,False,True
2026-02-25,2026-02-25,2026-02-24T23:00:00,2026-09-23T11:00:09.211889+00:00,3,2026-02-25T02:00:00,Asia/Almaty,turbine_2,0.0,0.0,1,0.0,,0.0,-6.2,1.2383,MOCK_MODE_SYNTHESIS,SYNTHETIC_DEMO,UNVERIFIED_NO_ACTUALS,False,True
2026-02-25,2026-02-25,2026-02-24T23:00:00,2026-09-23T11:00:09.211889+00:00,4,2026-02-25T03:00:00,Asia/Almaty,turbine_2,0.306,0.306,1,0.3415,,7.87,-7.9,1.2419,MOCK_MODE_SYNTHESIS,SYNTHETIC_DEMO,UNVERIFIED_NO_ACTUALS,False,True
2026-02-25,2026-02-25,2026-02-24T23:00:00,2026-09-23T11:00:09.211889+00:00,5,2026-02-25T04:00:00,Asia/Almaty,turbine_2,0.059,0.059,1,0.1055,,6.28,-8.9,1.2548,MOCK_MODE_SYNTHESIS,SYNTHETIC_DEMO,UNVERIFIED_NO_ACTUALS,False,True
2026-02-25,2026-02-25,2026-02-24T23:00:00,2026-09-23T11:00:09.211889+00:00,6,2026-02-25T05:00:00,Asia/Almaty,turbine_2,0.08625,0.08625,1,0.11125,,6.35,-5.9,1.2445,MOCK_MODE_SYNTHESIS,SYNTHETIC_DEMO,UNVERIFIED_NO_ACTUALS,False,True
2026-02-25,2026-02-25,2026-02-24T23:00:00,2026-09-23T11:00:09.211889+00:00,7,2026-02-25T06:00:00,Asia/Almaty,turbine_2,0.0205,0.0205,1,0.04975,,5.56,-7.8,1.2472,MOCK_MODE_SYNTHESIS,SYNTHETIC_DEMO,UNVERIFIED_NO_ACTUALS,False,True
2026-02-25,2026-02-25,2026-02-24T23:00:00,2026-09-23T11:00:09.211889+00:00,8,2026-02-25T07:00:00,Asia/Almaty,turbine_2,0.1855,0.1855,1,0.21625,,7.19,-5.5,1.2356,MOCK_MODE_SYNTHESIS,SYNTHETIC_DEMO,UNVERIFIED_NO_ACTUALS,False,True
2026-02-25,2026-02-25,2026-02-24T23:00:00,2026-09-23T11:00:09.211889+00:00,9,2026-02-25T08:00:00,Asia/Almaty,turbine_2,0.014,0.014,1,0.029,,5.14,-6.0,1.2453,MOCK_MODE_SYNTHESIS,SYNTHETIC_DEMO,UNVERIFIED_NO_ACTUALS,False,True
2026-02-25,2026-02-25,2026-02-24T23:00:00,2026-09-23T11:00:09.211889+00:00,10,2026-02-25T09:00:00,Asia/Almaty,turbine_2,1.94475,1.94475,1,1.9435,,11.73,-4.0,1.2273,MOCK_MODE_SYNTHESIS,SYNTHETIC_DEMO,UNVERIFIED_NO_ACTUALS,False,True
2026-02-25,2026-02-25,2026-02-24T23:00:00,2026-09-23T11:00:09.211889+00:00,11,2026-02-25T10:00:00,Asia/Almaty,turbine_2,2.3375,2.3375,1,2.5,,13.62,-3.5,1.2285,MOCK_MODE_SYNTHESIS,SYNTHETIC_DEMO,UNVERIFIED_NO_ACTUALS,False,True
2026-02-25,2026-02-25,2026-02-24T23:00:00,2026-09-23T11:00:09.211889+00:00,12,2026-02-25T11:00:00,Asia/Almaty,turbine_2,2.43925,2.43925,1,2.5,,14.34,1.2,1.2156,MOCK_MODE_SYNTHESIS,SYNTHETIC_DEMO,UNVERIFIED_NO_ACTUALS,False,True
2026-02-25,2026-02-25,2026-02-24T23:00:00,2026-09-23T11:00:09.211889+00:00,13,2026-02-25T12:00:00,Asia/Almaty,turbine_2,2.39375,2.39375,1,2.5,,14.51,-2.8,1.2129,MOCK_MODE_SYNTHESIS,SYNTHETIC_DEMO,UNVERIFIED_NO_ACTUALS,False,True
2026-02-25,2026-02-25,2026-02-24T23:00:00,2026-09-23T11:00:09.211889+00:00,14,2026-02-25T13:00:00,Asia/Almaty,turbine_2,2.41575,2.41575,1,2.5,,14.51,-1.9,1.2163,MOCK_MODE_SYNTHESIS,SYNTHETIC_DEMO,UNVERIFIED_NO_ACTUALS,False,True
2026-02-25,2026-02-25,2026-02-24T23:00:00,2026-09-23T11:00:09.211889+00:00,15,2026-02-25T14:00:00,Asia/Almaty,turbine_2,2.45025,2.45025,1,2.5,,17.45,2.6,1.2009,MOCK_MODE_SYNTHESIS,SYNTHETIC_DEMO,UNVERIFIED_NO_ACTUALS,False,True
2026-02-25,2026-02-25,2026-02-24T23:00:00,2026-09-23T11:00:09.211889+00:00,16,2026-02-25T15:00:00,Asia/Almaty,turbine_2,2.44675,2.44675,1,2.5,,19.35,4.3,1.1905,MOCK_MODE_SYNTHESIS,SYNTHETIC_DEMO,UNVERIFIED_NO_ACTUALS,False,True
2026-02-25,2026-02-25,2026-02-24T23:00:00,2026-09-23T11:00:09.211889+00:00,17,2026-02-25T16:00:00,Asia/Almaty,turbine_2,2.35525,2.35525,1,2.5,,13.1,3.1,1.201,MOCK_MODE_SYNTHESIS,SYNTHETIC_DEMO,UNVERIFIED_NO_ACTUALS,False,True
2026-02-25,2026-02-25,2026-02-24T23:00:00,2026-09-23T11:00:09.211889+00:00,18,2026-02-25T17:00:00,Asia/Almaty,turbine_2,2.43925,2.43925,1,2.5,,14.54,0.4,1.2085,MOCK_MODE_SYNTHESIS,SYNTHETIC_DEMO,UNVERIFIED_NO_ACTUALS,False,True
2026-02-25,2026-02-25,2026-02-24T23:00:00,2026-09-23T11:00:09.211889+00:00,19,2026-02-25T18:00:00,Asia/Almaty,turbine_2,2.43875,2.43875,1,2.5,,16.47,0.9,1.2131,MOCK_MODE_SYNTHESIS,SYNTHETIC_DEMO,UNVERIFIED_NO_ACTUALS,False,True
2026-02-25,2026-02-25,2026-02-24T23:00:00,2026-09-23T11:00:09.211889+00:00,20,2026-02-25T19:00:00,Asia/Almaty,turbine_2,1.60525,1.60525,1,1.64775,,11.31,1.0,1.2063,MOCK_MODE_SYNTHESIS,SYNTHETIC_DEMO,UNVERIFIED_NO_ACTUALS,False,True
2026-02-25,2026-02-25,2026-02-24T23:00:00,2026-09-23T11:00:09.211889+00:00,21,2026-02-25T20:00:00,Asia/Almaty,turbine_2,0.6505,0.6505,1,0.6615,,9.11,-0.6,1.2185,MOCK_MODE_SYNTHESIS,SYNTHETIC_DEMO,UNVERIFIED_NO_ACTUALS,False,True
2026-02-25,2026-02-25,2026-02-24T23:00:00,2026-09-23T11:00:09.211889+00:00,22,2026-02-25T21:00:00,Asia/Almaty,turbine_2,1.71975,1.71975,1,1.73575,,11.43,-1.2,1.2173,MOCK_MODE_SYNTHESIS,SYNTHETIC_DEMO,UNVERIFIED_NO_ACTUALS,False,True
2026-02-25,2026-02-25,2026-02-24T23:00:00,2026-09-23T11:00:09.211889+00:00,23,2026-02-25T22:00:00,Asia/Almaty,turbine_2,0.04,0.04,1,0.00725,,4.35,-2.6,1.221,MOCK_MODE_SYNTHESIS,SYNTHETIC_DEMO,UNVERIFIED_NO_ACTUALS,False,True
2026-02-25,2026-02-25,2026-02-24T23:00:00,2026-09-23T11:00:09.211889+00:00,24,2026-02-25T23:00:00,Asia/Almaty,turbine_2,0.095,0.095,1,0.08775,,6.1,-5.8,1.2376,MOCK_MODE_SYNTHESIS,SYNTHETIC_DEMO,UNVERIFIED_NO_ACTUALS,False,True
2026-02-26,2026-02-26,2026-02-25T23:00:00,2026-09-23T11:00:09.227108+00:00,1,2026-02-26T00:00:00,Asia/Almaty,turbine_1,0.154,0.154,1,0.15375,,6.75,-3.1,1.2246,MOCK_MODE_SYNTHESIS,SYNTHETIC_DEMO,UNVERIFIED_NO_ACTUALS,False,True
2026-02-26,2026-02-26,2026-02-25T23:00:00,2026-09-23T11:00:09.227108+00:00,2,2026-02-26T01:00:00,Asia/Almaty,turbine_1,0.40025,0.40025,1,0.405,,8.17,-4.0,1.2311,MOCK_MODE_SYNTHESIS,SYNTHETIC_DEMO,UNVERIFIED_NO_ACTUALS,False,True
2026-02-26,2026-02-26,2026-02-25T23:00:00,2026-09-23T11:00:09.227108+00:00,3,2026-02-26T02:00:00,Asia/Almaty,turbine_1,0.04,0.04,1,0.00275,,3.97,-5.6,1.244,MOCK_MODE_SYNTHESIS,SYNTHETIC_DEMO,UNVERIFIED_NO_ACTUALS,False,True
2026-02-26,2026-02-26,2026-02-25T23:00:00,2026-09-23T11:00:09.227108+00:00,4,2026-02-26T03:00:00,Asia/Almaty,turbine_1,0.0695,0.0695,1,0.088,,6.1,-7.4,1.241,MOCK_MODE_SYNTHESIS,SYNTHETIC_DEMO,UNVERIFIED_NO_ACTUALS,False,True
2026-02-26,2026-02-26,2026-02-25T23:00:00,2026-09-23T11:00:09.227108+00:00,5,2026-02-26T04:00:00,Asia/Almaty,turbine_1,0.0,0.0,1,0.0045,,4.16,-6.1,1.2372,MOCK_MODE_SYNTHESIS,SYNTHETIC_DEMO,UNVERIFIED_NO_ACTUALS,False,True
2026-02-26,2026-02-26,2026-02-25T23:00:00,2026-09-23T11:00:09.227108+00:00,6,2026-02-26T05:00:00,Asia/Almaty,turbine_1,0.32075,0.32075,1,0.37225,,8.0,-7.9,1.2509,MOCK_MODE_SYNTHESIS,SYNTHETIC_DEMO,UNVERIFIED_NO_ACTUALS,False,True
2026-02-26,2026-02-26,2026-02-25T23:00:00,2026-09-23T11:00:09.227108+00:00,7,2026-02-26T06:00:00,Asia/Almaty,turbine_1,0.039,0.039,1,0.05625,,5.68,-5.4,1.2274,MOCK_MODE_SYNTHESIS,SYNTHETIC_DEMO,UNVERIFIED_NO_ACTUALS,False,True
2026-02-26,2026-02-26,2026-02-25T23:00:00,2026-09-23T11:00:09.227108+00:00,8,2026-02-26T07:00:00,Asia/Almaty,turbine_1,2.42,2.42,1,2.5,,12.81,-4.7,1.2362,MOCK_MODE_SYNTHESIS,SYNTHETIC_DEMO,UNVERIFIED_NO_ACTUALS,False,True
2026-02-26,2026-02-26,2026-02-25T23:00:00,2026-09-23T11:00:09.227108+00:00,9,2026-02-26T08:00:00,Asia/Almaty,turbine_1,0.208,0.208,1,0.20875,,7.14,-3.9,1.2356,MOCK_MODE_SYNTHESIS,SYNTHETIC_DEMO,UNVERIFIED_NO_ACTUALS,False,True
2026-02-26,2026-02-26,2026-02-25T23:00:00,2026-09-23T11:00:09.227108+00:00,10,2026-02-26T09:00:00,Asia/Almaty,turbine_1,0.77625,0.77625,1,0.773,,9.42,-3.9,1.2272,MOCK_MODE_SYNTHESIS,SYNTHETIC_DEMO,UNVERIFIED_NO_ACTUALS,False,True
2026-02-26,2026-02-26,2026-02-25T23:00:00,2026-09-23T11:00:09.227108+00:00,11,2026-02-26T10:00:00,Asia/Almaty,turbine_1,2.36025,2.36025,1,2.5,,13.6,-2.2,1.2176,MOCK_MODE_SYNTHESIS,SYNTHETIC_DEMO,UNVERIFIED_NO_ACTUALS,False,True
2026-02-26,2026-02-26,2026-02-25T23:00:00,2026-09-23T11:00:09.227108+00:00,12,2026-02-26T11:00:00,Asia/Almaty,turbine_1,2.3295,2.3295,1,2.5,,15.01,-2.4,1.219,MOCK_MODE_SYNTHESIS,SYNTHETIC_DEMO,UNVERIFIED_NO_ACTUALS,False,True
2026-02-26,2026-02-26,2026-02-25T23:00:00,2026-09-23T11:00:09.227108+00:00,13,2026-02-26T12:00:00,Asia/Almaty,turbine_1,2.40575,2.40575,1,2.5,,14.21,0.8,1.2141,MOCK_MODE_SYNTHESIS,SYNTHETIC_DEMO,UNVERIFIED_NO_ACTUALS,False,True
2026-02-26,2026-02-26,2026-02-25T23:00:00,2026-09-23T11:00:09.227108+00:00,14,2026-02-26T13:00:00,Asia/Almaty,turbine_1,1.34,1.34,1,1.358,,10.78,-0.7,1.2115,MOCK_MODE_SYNTHESIS,SYNTHETIC_DEMO,UNVERIFIED_NO_ACTUALS,False,True
2026-02-26,2026-02-26,2026-02-25T23:00:00,2026-09-23T11:00:09.227108+00:00,15,2026-02-26T14:00:00,Asia/Almaty,turbine_1,2.4315,2.4315,1,2.5,,13.88,2.2,1.1956,MOCK_MODE_SYNTHESIS,SYNTHETIC_DEMO,UNVERIFIED_NO_ACTUALS,False,True
2026-02-26,2026-02-26,2026-02-25T23:00:00,2026-09-23T11:00:09.227108+00:00,16,2026-02-26T15:00:00,Asia/Almaty,turbine_1,2.19325,2.19325,1,2.24625,,12.23,3.1,1.2001,MOCK_MODE_SYNTHESIS,SYNTHETIC_DEMO,UNVERIFIED_NO_ACTUALS,False,True
2026-02-26,2026-02-26,2026-02-25T23:00:00,2026-09-23T11:00:09.227108+00:00,17,2026-02-26T16:00:00,Asia/Almaty,turbine_1,2.43825,2.43825,1,2.5,,14.63,2.5,1.1997,MOCK_MODE_SYNTHESIS,SYNTHETIC_DEMO,UNVERIFIED_NO_ACTUALS,False,True
2026-02-26,2026-02-26,2026-02-25T23:00:00,2026-09-23T11:00:09.227108+00:00,18,2026-02-26T17:00:00,Asia/Almaty,turbine_1,0.03725,0.03725,1,0.0,,3.29,1.1,1.2094,MOCK_MODE_SYNTHESIS,SYNTHETIC_DEMO,UNVERIFIED_NO_ACTUALS,False,True
2026-02-26,2026-02-26,2026-02-25T23:00:00,2026-09-23T11:00:09.227108+00:00,19,2026-02-26T18:00:00,Asia/Almaty,turbine_1,2.4505,2.4505,1,2.5,,12.95,-0.7,1.2134,MOCK_MODE_SYNTHESIS,SYNTHETIC_DEMO,UNVERIFIED_NO_ACTUALS,False,True
2026-02-26,2026-02-26,2026-02-25T23:00:00,2026-09-23T11:00:09.227108+00:00,20,2026-02-26T19:00:00,Asia/Almaty,turbine_1,0.247,0.247,1,0.25075,,7.43,0.3,1.2118,MOCK_MODE_SYNTHESIS,SYNTHETIC_DEMO,UNVERIFIED_NO_ACTUALS,False,True
2026-02-26,2026-02-26,2026-02-25T23:00:00,2026-09-23T11:00:09.227108+00:00,21,2026-02-26T20:00:00,Asia/Almaty,turbine_1,2.433,2.433,1,2.5,,16.55,-0.2,1.2189,MOCK_MODE_SYNTHESIS,SYNTHETIC_DEMO,UNVERIFIED_NO_ACTUALS,False,True
2026-02-26,2026-02-26,2026-02-25T23:00:00,2026-09-23T11:00:09.227108+00:00,22,2026-02-26T21:00:00,Asia/Almaty,turbine_1,0.3635,0.3635,1,0.356,,7.97,-2.5,1.2179,MOCK_MODE_SYNTHESIS,SYNTHETIC_DEMO,UNVERIFIED_NO_ACTUALS,False,True
2026-02-26,2026-02-26,2026-02-25T23:00:00,2026-09-23T11:00:09.227108+00:00,23,2026-02-26T22:00:00,Asia/Almaty,turbine_1,0.0575,0.0575,1,0.03125,,5.21,-1.1,1.2129,MOCK_MODE_SYNTHESIS,SYNTHETIC_DEMO,UNVERIFIED_NO_ACTUALS,False,True
2026-02-26,2026-02-26,2026-02-25T23:00:00,2026-09-23T11:00:09.227108+00:00,24,2026-02-26T23:00:00,Asia/Almaty,turbine_1,0.33025,0.33025,1,0.34525,,7.91,-3.2,1.2249,MOCK_MODE_SYNTHESIS,SYNTHETIC_DEMO,UNVERIFIED_NO_ACTUALS,False,True
2026-02-26,2026-02-26,2026-02-25T23:00:00,2026-09-23T11:00:09.242462+00:00,1,2026-02-26T00:00:00,Asia/Almaty,turbine_2,0.154,0.154,1,0.15375,,6.75,-3.1,1.2246,MOCK_MODE_SYNTHESIS,SYNTHETIC_DEMO,UNVERIFIED_NO_ACTUALS,False,True
2026-02-26,2026-02-26,2026-02-25T23:00:00,2026-09-23T11:00:09.242462+00:00,2,2026-02-26T01:00:00,Asia/Almaty,turbine_2,0.40025,0.40025,1,0.405,,8.17,-4.0,1.2311,MOCK_MODE_SYNTHESIS,SYNTHETIC_DEMO,UNVERIFIED_NO_ACTUALS,False,True
2026-02-26,2026-02-26,2026-02-25T23:00:00,2026-09-23T11:00:09.242462+00:00,3,2026-02-26T02:00:00,Asia/Almaty,turbine_2,0.04,0.04,1,0.00275,,3.97,-5.6,1.244,MOCK_MODE_SYNTHESIS,SYNTHETIC_DEMO,UNVERIFIED_NO_ACTUALS,False,True
2026-02-26,2026-02-26,2026-02-25T23:00:00,2026-09-23T11:00:09.242462+00:00,4,2026-02-26T03:00:00,Asia/Almaty,turbine_2,0.0695,0.0695,1,0.088,,6.1,-7.4,1.241,MOCK_MODE_SYNTHESIS,SYNTHETIC_DEMO,UNVERIFIED_NO_ACTUALS,False,True
2026-02-26,2026-02-26,2026-02-25T23:00:00,2026-09-23T11:00:09.242462+00:00,5,2026-02-26T04:00:00,Asia/Almaty,turbine_2,0.0,0.0,1,0.0045,,4.16,-6.1,1.2372,MOCK_MODE_SYNTHESIS,SYNTHETIC_DEMO,UNVERIFIED_NO_ACTUALS,False,True
2026-02-26,2026-02-26,2026-02-25T23:00:00,2026-09-23T11:00:09.242462+00:00,6,2026-02-26T05:00:00,Asia/Almaty,turbine_2,0.32075,0.32075,1,0.37225,,8.0,-7.9,1.2509,MOCK_MODE_SYNTHESIS,SYNTHETIC_DEMO,UNVERIFIED_NO_ACTUALS,False,True
2026-02-26,2026-02-26,2026-02-25T23:00:00,2026-09-23T11:00:09.242462+00:00,7,2026-02-26T06:00:00,Asia/Almaty,turbine_2,0.039,0.039,1,0.05625,,5.68,-5.4,1.2274,MOCK_MODE_SYNTHESIS,SYNTHETIC_DEMO,UNVERIFIED_NO_ACTUALS,False,True
2026-02-26,2026-02-26,2026-02-25T23:00:00,2026-09-23T11:00:09.242462+00:00,8,2026-02-26T07:00:00,Asia/Almaty,turbine_2,2.42,2.42,1,2.5,,12.81,-4.7,1.2362,MOCK_MODE_SYNTHESIS,SYNTHETIC_DEMO,UNVERIFIED_NO_ACTUALS,False,True
2026-02-26,2026-02-26,2026-02-25T23:00:00,2026-09-23T11:00:09.242462+00:00,9,2026-02-26T08:00:00,Asia/Almaty,turbine_2,0.208,0.208,1,0.20875,,7.14,-3.9,1.2356,MOCK_MODE_SYNTHESIS,SYNTHETIC_DEMO,UNVERIFIED_NO_ACTUALS,False,True
2026-02-26,2026-02-26,2026-02-25T23:00:00,2026-09-23T11:00:09.242462+00:00,10,2026-02-26T09:00:00,Asia/Almaty,turbine_2,0.77625,0.77625,1,0.773,,9.42,-3.9,1.2272,MOCK_MODE_SYNTHESIS,SYNTHETIC_DEMO,UNVERIFIED_NO_ACTUALS,False,True
2026-02-26,2026-02-26,2026-02-25T23:00:00,2026-09-23T11:00:09.242462+00:00,11,2026-02-26T10:00:00,Asia/Almaty,turbine_2,2.36025,2.36025,1,2.5,,13.6,-2.2,1.2176,MOCK_MODE_SYNTHESIS,SYNTHETIC_DEMO,UNVERIFIED_NO_ACTUALS,False,True
2026-02-26,2026-02-26,2026-02-25T23:00:00,2026-09-23T11:00:09.242462+00:00,12,2026-02-26T11:00:00,Asia/Almaty,turbine_2,2.3295,2.3295,1,2.5,,15.01,-2.4,1.219,MOCK_MODE_SYNTHESIS,SYNTHETIC_DEMO,UNVERIFIED_NO_ACTUALS,False,True
2026-02-26,2026-02-26,2026-02-25T23:00:00,2026-09-23T11:00:09.242462+00:00,13,2026-02-26T12:00:00,Asia/Almaty,turbine_2,2.40575,2.40575,1,2.5,,14.21,0.8,1.2141,MOCK_MODE_SYNTHESIS,SYNTHETIC_DEMO,UNVERIFIED_NO_ACTUALS,False,True
2026-02-26,2026-02-26,2026-02-25T23:00:00,2026-09-23T11:00:09.242462+00:00,14,2026-02-26T13:00:00,Asia/Almaty,turbine_2,1.34,1.34,1,1.358,,10.78,-0.7,1.2115,MOCK_MODE_SYNTHESIS,SYNTHETIC_DEMO,UNVERIFIED_NO_ACTUALS,False,True
2026-02-26,2026-02-26,2026-02-25T23:00:00,2026-09-23T11:00:09.242462+00:00,15,2026-02-26T14:00:00,Asia/Almaty,turbine_2,2.4315,2.4315,1,2.5,,13.88,2.2,1.1956,MOCK_MODE_SYNTHESIS,SYNTHETIC_DEMO,UNVERIFIED_NO_ACTUALS,False,True
2026-02-26,2026-02-26,2026-02-25T23:00:00,2026-09-23T11:00:09.242462+00:00,16,2026-02-26T15:00:00,Asia/Almaty,turbine_2,2.19325,2.19325,1,2.24625,,12.23,3.1,1.2001,MOCK_MODE_SYNTHESIS,SYNTHETIC_DEMO,UNVERIFIED_NO_ACTUALS,False,True
2026-02-26,2026-02-26,2026-02-25T23:00:00,2026-09-23T11:00:09.242462+00:00,17,2026-02-26T16:00:00,Asia/Almaty,turbine_2,2.43825,2.43825,1,2.5,,14.63,2.5,1.1997,MOCK_MODE_SYNTHESIS,SYNTHETIC_DEMO,UNVERIFIED_NO_ACTUALS,False,True
2026-02-26,2026-02-26,2026-02-25T23:00:00,2026-09-23T11:00:09.242462+00:00,18,2026-02-26T17:00:00,Asia/Almaty,turbine_2,0.03725,0.03725,1,0.0,,3.29,1.1,1.2094,MOCK_MODE_SYNTHESIS,SYNTHETIC_DEMO,UNVERIFIED_NO_ACTUALS,False,True
2026-02-26,2026-02-26,2026-02-25T23:00:00,2026-09-23T11:00:09.242462+00:00,19,2026-02-26T18:00:00,Asia/Almaty,turbine_2,2.4505,2.4505,1,2.5,,12.95,-0.7,1.2134,MOCK_MODE_SYNTHESIS,SYNTHETIC_DEMO,UNVERIFIED_NO_ACTUALS,False,True
2026-02-26,2026-02-26,2026-02-25T23:00:00,2026-09-23T11:00:09.242462+00:00,20,2026-02-26T19:00:00,Asia/Almaty,turbine_2,0.247,0.247,1,0.25075,,7.43,0.3,1.2118,MOCK_MODE_SYNTHESIS,SYNTHETIC_DEMO,UNVERIFIED_NO_ACTUALS,False,True
2026-02-26,2026-02-26,2026-02-25T23:00:00,2026-09-23T11:00:09.242462+00:00,21,2026-02-26T20:00:00,Asia/Almaty,turbine_2,2.433,2.433,1,2.5,,16.55,-0.2,1.2189,MOCK_MODE_SYNTHESIS,SYNTHETIC_DEMO,UNVERIFIED_NO_ACTUALS,False,True
2026-02-26,2026-02-26,2026-02-25T23:00:00,2026-09-23T11:00:09.242462+00:00,22,2026-02-26T21:00:00,Asia/Almaty,turbine_2,0.3635,0.3635,1,0.356,,7.97,-2.5,1.2179,MOCK_MODE_SYNTHESIS,SYNTHETIC_DEMO,UNVERIFIED_NO_ACTUALS,False,True
2026-02-26,2026-02-26,2026-02-25T23:00:00,2026-09-23T11:00:09.242462+00:00,23,2026-02-26T22:00:00,Asia/Almaty,turbine_2,0.0575,0.0575,1,0.03125,,5.21,-1.1,1.2129,MOCK_MODE_SYNTHESIS,SYNTHETIC_DEMO,UNVERIFIED_NO_ACTUALS,False,True
2026-02-26,2026-02-26,2026-02-25T23:00:00,2026-09-23T11:00:09.242462+00:00,24,2026-02-26T23:00:00,Asia/Almaty,turbine_2,0.33025,0.33025,1,0.34525,,7.91,-3.2,1.2249,MOCK_MODE_SYNTHESIS,SYNTHETIC_DEMO,UNVERIFIED_NO_ACTUALS,False,True
2026-02-27,2026-02-27,2026-02-26T23:00:00,2026-09-23T11:00:09.258138+00:00,1,2026-02-27T00:00:00,Asia/Almaty,turbine_1,0.0,0.0,1,0.0,,2.69,-5.5,1.2395,MOCK_MODE_SYNTHESIS,SYNTHETIC_DEMO,UNVERIFIED_NO_ACTUALS,False,True
2026-02-27,2026-02-27,2026-02-26T23:00:00,2026-09-23T11:00:09.258138+00:00,2,2026-02-27T01:00:00,Asia/Almaty,turbine_1,0.0,0.0,1,0.0,,1.26,-7.1,1.2431,MOCK_MODE_SYNTHESIS,SYNTHETIC_DEMO,UNVERIFIED_NO_ACTUALS,False,True
2026-02-27,2026-02-27,2026-02-26T23:00:00,2026-09-23T11:00:09.258138+00:00,3,2026-02-27T02:00:00,Asia/Almaty,turbine_1,0.11525,0.11525,1,0.13375,,6.56,-8.0,1.2449,MOCK_MODE_SYNTHESIS,SYNTHETIC_DEMO,UNVERIFIED_NO_ACTUALS,False,True
2026-02-27,2026-02-27,2026-02-26T23:00:00,2026-09-23T11:00:09.258138+00:00,4,2026-02-27T03:00:00,Asia/Almaty,turbine_1,0.014,0.014,1,0.0015,,3.8,-7.3,1.2506,MOCK_MODE_SYNTHESIS,SYNTHETIC_DEMO,UNVERIFIED_NO_ACTUALS,False,True
2026-02-27,2026-02-27,2026-02-26T23:00:00,2026-09-23T11:00:09.258138+00:00,5,2026-02-27T04:00:00,Asia/Almaty,turbine_1,0.043,0.043,1,0.0785,,5.99,-6.4,1.2331,MOCK_MODE_SYNTHESIS,SYNTHETIC_DEMO,UNVERIFIED_NO_ACTUALS,False,True
2026-02-27,2026-02-27,2026-02-26T23:00:00,2026-09-23T11:00:09.258138+00:00,6,2026-02-27T05:00:00,Asia/Almaty,turbine_1,0.0,0.0,1,0.0,,1.27,-7.0,1.2434,MOCK_MODE_SYNTHESIS,SYNTHETIC_DEMO,UNVERIFIED_NO_ACTUALS,False,True
2026-02-27,2026-02-27,2026-02-26T23:00:00,2026-09-23T11:00:09.258138+00:00,7,2026-02-27T06:00:00,Asia/Almaty,turbine_1,0.36475,0.36475,1,0.42225,,8.22,-7.6,1.2469,MOCK_MODE_SYNTHESIS,SYNTHETIC_DEMO,UNVERIFIED_NO_ACTUALS,False,True
2026-02-27,2026-02-27,2026-02-26T23:00:00,2026-09-23T11:00:09.258138+00:00,8,2026-02-27T07:00:00,Asia/Almaty,turbine_1,1.49525,1.49525,1,1.64625,,11.21,-7.8,1.2497,MOCK_MODE_SYNTHESIS,SYNTHETIC_DEMO,UNVERIFIED_NO_ACTUALS,False,True
2026-02-27,2026-02-27,2026-02-26T23:00:00,2026-09-23T11:00:09.258138+00:00,9,2026-02-27T08:00:00,Asia/Almaty,turbine_1,0.16725,0.16725,1,0.2235,,7.22,-7.3,1.2496,MOCK_MODE_SYNTHESIS,SYNTHETIC_DEMO,UNVERIFIED_NO_ACTUALS,False,True
2026-02-27,2026-02-27,2026-02-26T23:00:00,2026-09-23T11:00:09.258138+00:00,10,2026-02-27T09:00:00,Asia/Almaty,turbine_1,1.4915,1.4915,1,1.5415,,11.09,-3.1,1.2232,MOCK_MODE_SYNTHESIS,SYNTHETIC_DEMO,UNVERIFIED_NO_ACTUALS,False,True
2026-02-27,2026-02-27,2026-02-26T23:00:00,2026-09-23T11:00:09.258138+00:00,11,2026-02-27T10:00:00,Asia/Almaty,turbine_1,1.80975,1.80975,1,1.83575,,11.58,-2.4,1.221,MOCK_MODE_SYNTHESIS,SYNTHETIC_DEMO,UNVERIFIED_NO_ACTUALS,False,True
2026-02-27,2026-02-27,2026-02-26T23:00:00,2026-09-23T11:00:09.258138+00:00,12,2026-02-27T11:00:00,Asia/Almaty,turbine_1,2.42525,2.42525,1,2.5,,15.03,0.4,1.2096,MOCK_MODE_SYNTHESIS,SYNTHETIC_DEMO,UNVERIFIED_NO_ACTUALS,False,True
2026-02-27,2026-02-27,2026-02-26T23:00:00,2026-09-23T11:00:09.258138+00:00,13,2026-02-27T12:00:00,Asia/Almaty,turbine_1,2.445,2.445,1,2.5,,15.54,-0.8,1.2172,MOCK_MODE_SYNTHESIS,SYNTHETIC_DEMO,UNVERIFIED_NO_ACTUALS,False,True
2026-02-27,2026-02-27,2026-02-26T23:00:00,2026-09-23T11:00:09.258138+00:00,14,2026-02-27T13:00:00,Asia/Almaty,turbine_1,2.419,2.419,1,2.5,,14.58,0.4,1.2032,MOCK_MODE_SYNTHESIS,SYNTHETIC_DEMO,UNVERIFIED_NO_ACTUALS,False,True
2026-02-27,2026-02-27,2026-02-26T23:00:00,2026-09-23T11:00:09.258138+00:00,15,2026-02-27T14:00:00,Asia/Almaty,turbine_1,2.42025,2.42025,1,2.5,,13.23,3.7,1.1951,MOCK_MODE_SYNTHESIS,SYNTHETIC_DEMO,UNVERIFIED_NO_ACTUALS,False,True
2026-02-27,2026-02-27,2026-02-26T23:00:00,2026-09-23T11:00:09.258138+00:00,16,2026-02-27T15:00:00,Asia/Almaty,turbine_1,2.202,2.202,1,2.251,,12.23,3.2,1.2026,MOCK_MODE_SYNTHESIS,SYNTHETIC_DEMO,UNVERIFIED_NO_ACTUALS,False,True
2026-02-27,2026-02-27,2026-02-26T23:00:00,2026-09-23T11:00:09.258138+00:00,17,2026-02-27T16:00:00,Asia/Almaty,turbine_1,0.4435,0.4435,1,0.45175,,8.41,2.4,1.1984,MOCK_MODE_SYNTHESIS,SYNTHETIC_DEMO,UNVERIFIED_NO_ACTUALS,False,True
2026-02-27,2026-02-27,2026-02-26T23:00:00,2026-09-23T11:00:09.258138+00:00,18,2026-02-27T17:00:00,Asia/Almaty,turbine_1,2.43875,2.43875,1,2.5,,16.63,3.4,1.1993,MOCK_MODE_SYNTHESIS,SYNTHETIC_DEMO,UNVERIFIED_NO_ACTUALS,False,True
2026-02-27,2026-02-27,2026-02-26T23:00:00,2026-09-23T11:00:09.258138+00:00,19,2026-02-27T18:00:00,Asia/Almaty,turbine_1,0.5735,0.5735,1,0.56875,,8.83,1.7,1.2059,MOCK_MODE_SYNTHESIS,SYNTHETIC_DEMO,UNVERIFIED_NO_ACTUALS,False,True
2026-02-27,2026-02-27,2026-02-26T23:00:00,2026-09-23T11:00:09.258138+00:00,20,2026-02-27T19:00:00,Asia/Almaty,turbine_1,1.8895,1.8895,1,1.90075,,11.72,0.5,1.2043,MOCK_MODE_SYNTHESIS,SYNTHETIC_DEMO,UNVERIFIED_NO_ACTUALS,False,True
2026-02-27,2026-02-27,2026-02-26T23:00:00,2026-09-23T11:00:09.258138+00:00,21,2026-02-27T20:00:00,Asia/Almaty,turbine_1,0.4015,0.4015,1,0.41825,,8.26,1.9,1.2074,MOCK_MODE_SYNTHESIS,SYNTHETIC_DEMO,UNVERIFIED_NO_ACTUALS,False,True
2026-02-27,2026-02-27,2026-02-26T23:00:00,2026-09-23T11:00:09.258138+00:00,22,2026-02-27T21:00:00,Asia/Almaty,turbine_1,0.96675,0.96675,1,0.96725,,9.97,2.4,1.2001,MOCK_MODE_SYNTHESIS,SYNTHETIC_DEMO,UNVERIFIED_NO_ACTUALS,False,True
2026-02-27,2026-02-27,2026-02-26T23:00:00,2026-09-23T11:00:09.258138+00:00,23,2026-02-27T22:00:00,Asia/Almaty,turbine_1,0.0425,0.0425,1,0.0185,,4.86,-1.3,1.2153,MOCK_MODE_SYNTHESIS,SYNTHETIC_DEMO,UNVERIFIED_NO_ACTUALS,False,True
2026-02-27,2026-02-27,2026-02-26T23:00:00,2026-09-23T11:00:09.258138+00:00,24,2026-02-27T23:00:00,Asia/Almaty,turbine_1,0.44275,0.44275,1,0.4535,,8.37,-4.3,1.2302,MOCK_MODE_SYNTHESIS,SYNTHETIC_DEMO,UNVERIFIED_NO_ACTUALS,False,True
2026-02-27,2026-02-27,2026-02-26T23:00:00,2026-09-23T11:00:09.274125+00:00,1,2026-02-27T00:00:00,Asia/Almaty,turbine_2,0.0,0.0,1,0.0,,2.69,-5.5,1.2395,MOCK_MODE_SYNTHESIS,SYNTHETIC_DEMO,UNVERIFIED_NO_ACTUALS,False,True
2026-02-27,2026-02-27,2026-02-26T23:00:00,2026-09-23T11:00:09.274125+00:00,2,2026-02-27T01:00:00,Asia/Almaty,turbine_2,0.0,0.0,1,0.0,,1.26,-7.1,1.2431,MOCK_MODE_SYNTHESIS,SYNTHETIC_DEMO,UNVERIFIED_NO_ACTUALS,False,True
2026-02-27,2026-02-27,2026-02-26T23:00:00,2026-09-23T11:00:09.274125+00:00,3,2026-02-27T02:00:00,Asia/Almaty,turbine_2,0.11525,0.11525,1,0.13375,,6.56,-8.0,1.2449,MOCK_MODE_SYNTHESIS,SYNTHETIC_DEMO,UNVERIFIED_NO_ACTUALS,False,True
2026-02-27,2026-02-27,2026-02-26T23:00:00,2026-09-23T11:00:09.274125+00:00,4,2026-02-27T03:00:00,Asia/Almaty,turbine_2,0.014,0.014,1,0.0015,,3.8,-7.3,1.2506,MOCK_MODE_SYNTHESIS,SYNTHETIC_DEMO,UNVERIFIED_NO_ACTUALS,False,True
2026-02-27,2026-02-27,2026-02-26T23:00:00,2026-09-23T11:00:09.274125+00:00,5,2026-02-27T04:00:00,Asia/Almaty,turbine_2,0.043,0.043,1,0.0785,,5.99,-6.4,1.2331,MOCK_MODE_SYNTHESIS,SYNTHETIC_DEMO,UNVERIFIED_NO_ACTUALS,False,True
2026-02-27,2026-02-27,2026-02-26T23:00:00,2026-09-23T11:00:09.274125+00:00,6,2026-02-27T05:00:00,Asia/Almaty,turbine_2,0.0,0.0,1,0.0,,1.27,-7.0,1.2434,MOCK_MODE_SYNTHESIS,SYNTHETIC_DEMO,UNVERIFIED_NO_ACTUALS,False,True
2026-02-27,2026-02-27,2026-02-26T23:00:00,2026-09-23T11:00:09.274125+00:00,7,2026-02-27T06:00:00,Asia/Almaty,turbine_2,0.36475,0.36475,1,0.42225,,8.22,-7.6,1.2469,MOCK_MODE_SYNTHESIS,SYNTHETIC_DEMO,UNVERIFIED_NO_ACTUALS,False,True
2026-02-27,2026-02-27,2026-02-26T23:00:00,2026-09-23T11:00:09.274125+00:00,8,2026-02-27T07:00:00,Asia/Almaty,turbine_2,1.49525,1.49525,1,1.64625,,11.21,-7.8,1.2497,MOCK_MODE_SYNTHESIS,SYNTHETIC_DEMO,UNVERIFIED_NO_ACTUALS,False,True
2026-02-27,2026-02-27,2026-02-26T23:00:00,2026-09-23T11:00:09.274125+00:00,9,2026-02-27T08:00:00,Asia/Almaty,turbine_2,0.16725,0.16725,1,0.2235,,7.22,-7.3,1.2496,MOCK_MODE_SYNTHESIS,SYNTHETIC_DEMO,UNVERIFIED_NO_ACTUALS,False,True
2026-02-27,2026-02-27,2026-02-26T23:00:00,2026-09-23T11:00:09.274125+00:00,10,2026-02-27T09:00:00,Asia/Almaty,turbine_2,1.4915,1.4915,1,1.5415,,11.09,-3.1,1.2232,MOCK_MODE_SYNTHESIS,SYNTHETIC_DEMO,UNVERIFIED_NO_ACTUALS,False,True
2026-02-27,2026-02-27,2026-02-26T23:00:00,2026-09-23T11:00:09.274125+00:00,11,2026-02-27T10:00:00,Asia/Almaty,turbine_2,1.80975,1.80975,1,1.83575,,11.58,-2.4,1.221,MOCK_MODE_SYNTHESIS,SYNTHETIC_DEMO,UNVERIFIED_NO_ACTUALS,False,True
2026-02-27,2026-02-27,2026-02-26T23:00:00,2026-09-23T11:00:09.274125+00:00,12,2026-02-27T11:00:00,Asia/Almaty,turbine_2,2.42525,2.42525,1,2.5,,15.03,0.4,1.2096,MOCK_MODE_SYNTHESIS,SYNTHETIC_DEMO,UNVERIFIED_NO_ACTUALS,False,True
2026-02-27,2026-02-27,2026-02-26T23:00:00,2026-09-23T11:00:09.274125+00:00,13,2026-02-27T12:00:00,Asia/Almaty,turbine_2,2.445,2.445,1,2.5,,15.54,-0.8,1.2172,MOCK_MODE_SYNTHESIS,SYNTHETIC_DEMO,UNVERIFIED_NO_ACTUALS,False,True
2026-02-27,2026-02-27,2026-02-26T23:00:00,2026-09-23T11:00:09.274125+00:00,14,2026-02-27T13:00:00,Asia/Almaty,turbine_2,2.419,2.419,1,2.5,,14.58,0.4,1.2032,MOCK_MODE_SYNTHESIS,SYNTHETIC_DEMO,UNVERIFIED_NO_ACTUALS,False,True
2026-02-27,2026-02-27,2026-02-26T23:00:00,2026-09-23T11:00:09.274125+00:00,15,2026-02-27T14:00:00,Asia/Almaty,turbine_2,2.42025,2.42025,1,2.5,,13.23,3.7,1.1951,MOCK_MODE_SYNTHESIS,SYNTHETIC_DEMO,UNVERIFIED_NO_ACTUALS,False,True
2026-02-27,2026-02-27,2026-02-26T23:00:00,2026-09-23T11:00:09.274125+00:00,16,2026-02-27T15:00:00,Asia/Almaty,turbine_2,2.202,2.202,1,2.251,,12.23,3.2,1.2026,MOCK_MODE_SYNTHESIS,SYNTHETIC_DEMO,UNVERIFIED_NO_ACTUALS,False,True
2026-02-27,2026-02-27,2026-02-26T23:00:00,2026-09-23T11:00:09.274125+00:00,17,2026-02-27T16:00:00,Asia/Almaty,turbine_2,0.4435,0.4435,1,0.45175,,8.41,2.4,1.1984,MOCK_MODE_SYNTHESIS,SYNTHETIC_DEMO,UNVERIFIED_NO_ACTUALS,False,True
2026-02-27,2026-02-27,2026-02-26T23:00:00,2026-09-23T11:00:09.274125+00:00,18,2026-02-27T17:00:00,Asia/Almaty,turbine_2,2.43875,2.43875,1,2.5,,16.63,3.4,1.1993,MOCK_MODE_SYNTHESIS,SYNTHETIC_DEMO,UNVERIFIED_NO_ACTUALS,False,True
2026-02-27,2026-02-27,2026-02-26T23:00:00,2026-09-23T11:00:09.274125+00:00,19,2026-02-27T18:00:00,Asia/Almaty,turbine_2,0.5735,0.5735,1,0.56875,,8.83,1.7,1.2059,MOCK_MODE_SYNTHESIS,SYNTHETIC_DEMO,UNVERIFIED_NO_ACTUALS,False,True
2026-02-27,2026-02-27,2026-02-26T23:00:00,2026-09-23T11:00:09.274125+00:00,20,2026-02-27T19:00:00,Asia/Almaty,turbine_2,1.8895,1.8895,1,1.90075,,11.72,0.5,1.2043,MOCK_MODE_SYNTHESIS,SYNTHETIC_DEMO,UNVERIFIED_NO_ACTUALS,False,True
2026-02-27,2026-02-27,2026-02-26T23:00:00,2026-09-23T11:00:09.274125+00:00,21,2026-02-27T20:00:00,Asia/Almaty,turbine_2,0.4015,0.4015,1,0.41825,,8.26,1.9,1.2074,MOCK_MODE_SYNTHESIS,SYNTHETIC_DEMO,UNVERIFIED_NO_ACTUALS,False,True
2026-02-27,2026-02-27,2026-02-26T23:00:00,2026-09-23T11:00:09.274125+00:00,22,2026-02-27T21:00:00,Asia/Almaty,turbine_2,0.96675,0.96675,1,0.96725,,9.97,2.4,1.2001,MOCK_MODE_SYNTHESIS,SYNTHETIC_DEMO,UNVERIFIED_NO_ACTUALS,False,True
2026-02-27,2026-02-27,2026-02-26T23:00:00,2026-09-23T11:00:09.274125+00:00,23,2026-02-27T22:00:00,Asia/Almaty,turbine_2,0.0425,0.0425,1,0.0185,,4.86,-1.3,1.2153,MOCK_MODE_SYNTHESIS,SYNTHETIC_DEMO,UNVERIFIED_NO_ACTUALS,False,True
2026-02-27,2026-02-27,2026-02-26T23:00:00,2026-09-23T11:00:09.274125+00:00,24,2026-02-27T23:00:00,Asia/Almaty,turbine_2,0.44275,0.44275,1,0.4535,,8.37,-4.3,1.2302,MOCK_MODE_SYNTHESIS,SYNTHETIC_DEMO,UNVERIFIED_NO_ACTUALS,False,True
2026-02-28,2026-02-28,2026-02-27T23:00:00,2026-09-23T11:00:09.289686+00:00,1,2026-02-28T00:00:00,Asia/Almaty,turbine_1,0.35925,0.35925,1,0.37775,,8.05,-6.0,1.2325,MOCK_MODE_SYNTHESIS,SYNTHETIC_DEMO,UNVERIFIED_NO_ACTUALS,False,True
2026-02-28,2026-02-28,2026-02-27T23:00:00,2026-09-23T11:00:09.289686+00:00,2,2026-02-28T01:00:00,Asia/Almaty,turbine_1,0.014,0.014,1,0.00475,,4.17,-7.6,1.2467,MOCK_MODE_SYNTHESIS,SYNTHETIC_DEMO,UNVERIFIED_NO_ACTUALS,False,True
2026-02-28,2026-02-28,2026-02-27T23:00:00,2026-09-23T11:00:09.289686+00:00,3,2026-02-28T02:00:00,Asia/Almaty,turbine_1,0.04,0.04,1,0.0035,,4.05,-5.9,1.239,MOCK_MODE_SYNTHESIS,SYNTHETIC_DEMO,UNVERIFIED_NO_ACTUALS,False,True
2026-02-28,2026-02-28,2026-02-27T23:00:00,2026-09-23T11:00:09.289686+00:00,4,2026-02-28T03:00:00,Asia/Almaty,turbine_1,0.05475,0.05475,1,0.046,,5.5,-6.3,1.2378,MOCK_MODE_SYNTHESIS,SYNTHETIC_DEMO,UNVERIFIED_NO_ACTUALS,False,True
2026-02-28,2026-02-28,2026-02-27T23:00:00,2026-09-23T11:00:09.289686+00:00,5,2026-02-28T04:00:00,Asia/Almaty,turbine_1,0.02025,0.02025,1,0.05575,,5.66,-7.1,1.2468,MOCK_MODE_SYNTHESIS,SYNTHETIC_DEMO,UNVERIFIED_NO_ACTUALS,False,True
2026-02-28,2026-02-28,2026-02-27T23:00:00,2026-09-23T11:00:09.289686+00:00,6,2026-02-28T05:00:00,Asia/Almaty,turbine_1,0.11825,0.11825,1,0.16225,,6.8,-6.5,1.2431,MOCK_MODE_SYNTHESIS,SYNTHETIC_DEMO,UNVERIFIED_NO_ACTUALS,False,True
2026-02-28,2026-02-28,2026-02-27T23:00:00,2026-09-23T11:00:09.289686+00:00,7,2026-02-28T06:00:00,Asia/Almaty,turbine_1,0.49525,0.49525,1,0.5565,,8.74,-6.2,1.2365,MOCK_MODE_SYNTHESIS,SYNTHETIC_DEMO,UNVERIFIED_NO_ACTUALS,False,True
2026-02-28,2026-02-28,2026-02-27T23:00:00,2026-09-23T11:00:09.289686+00:00,8,2026-02-28T07:00:00,Asia/Almaty,turbine_1,2.3845,2.3845,1,2.44025,,12.4,-5.1,1.2342,MOCK_MODE_SYNTHESIS,SYNTHETIC_DEMO,UNVERIFIED_NO_ACTUALS,False,True
2026-02-28,2026-02-28,2026-02-27T23:00:00,2026-09-23T11:00:09.289686+00:00,9,2026-02-28T08:00:00,Asia/Almaty,turbine_1,0.498,0.498,1,0.5625,,8.75,-6.5,1.2428,MOCK_MODE_SYNTHESIS,SYNTHETIC_DEMO,UNVERIFIED_NO_ACTUALS,False,True
2026-02-28,2026-02-28,2026-02-27T23:00:00,2026-09-23T11:00:09.289686+00:00,10,2026-02-28T09:00:00,Asia/Almaty,turbine_1,1.75425,1.75425,1,1.80425,,11.54,-1.6,1.2171,MOCK_MODE_SYNTHESIS,SYNTHETIC_DEMO,UNVERIFIED_NO_ACTUALS,False,True
2026-02-28,2026-02-28,2026-02-27T23:00:00,2026-09-23T11:00:09.289686+00:00,11,2026-02-28T10:00:00,Asia/Almaty,turbine_1,2.33175,2.33175,1,2.5,,17.0,-3.2,1.2294,MOCK_MODE_SYNTHESIS,SYNTHETIC_DEMO,UNVERIFIED_NO_ACTUALS,False,True
2026-02-28,2026-02-28,2026-02-27T23:00:00,2026-09-23T11:00:09.289686+00:00,12,2026-02-28T11:00:00,Asia/Almaty,turbine_1,2.4405,2.4405,1,2.5,,13.55,1.2,1.2013,MOCK_MODE_SYNTHESIS,SYNTHETIC_DEMO,UNVERIFIED_NO_ACTUALS,False,True
2026-02-28,2026-02-28,2026-02-27T23:00:00,2026-09-23T11:00:09.289686+00:00,13,2026-02-28T12:00:00,Asia/Almaty,turbine_1,1.46625,1.46625,1,1.47225,,11.04,4.3,1.19,MOCK_MODE_SYNTHESIS,SYNTHETIC_DEMO,UNVERIFIED_NO_ACTUALS,False,True
2026-02-28,2026-02-28,2026-02-27T23:00:00,2026-09-23T11:00:09.289686+00:00,14,2026-02-28T13:00:00,Asia/Almaty,turbine_1,1.60325,1.60325,1,1.58425,,11.21,3.9,1.2027,MOCK_MODE_SYNTHESIS,SYNTHETIC_DEMO,UNVERIFIED_NO_ACTUALS,False,True
2026-02-28,2026-02-28,2026-02-27T23:00:00,2026-09-23T11:00:09.289686+00:00,15,2026-02-28T14:00:00,Asia/Almaty,turbine_1,2.441,2.441,1,2.5,,15.64,3.4,1.2053,MOCK_MODE_SYNTHESIS,SYNTHETIC_DEMO,UNVERIFIED_NO_ACTUALS,False,True
2026-02-28,2026-02-28,2026-02-27T23:00:00,2026-09-23T11:00:09.289686+00:00,16,2026-02-28T15:00:00,Asia/Almaty,turbine_1,2.4335,2.4335,1,2.406,,12.43,1.0,1.2054,MOCK_MODE_SYNTHESIS,SYNTHETIC_DEMO,UNVERIFIED_NO_ACTUALS,False,True
2026-02-28,2026-02-28,2026-02-27T23:00:00,2026-09-23T11:00:09.289686+00:00,17,2026-02-28T16:00:00,Asia/Almaty,turbine_1,2.391,2.391,1,2.5,,14.84,1.2,1.2059,MOCK_MODE_SYNTHESIS,SYNTHETIC_DEMO,UNVERIFIED_NO_ACTUALS,False,True
2026-02-28,2026-02-28,2026-02-27T23:00:00,2026-09-23T11:00:09.289686+00:00,18,2026-02-28T17:00:00,Asia/Almaty,turbine_1,2.1865,2.1865,1,2.194,,12.18,4.2,1.1915,MOCK_MODE_SYNTHESIS,SYNTHETIC_DEMO,UNVERIFIED_NO_ACTUALS,False,True
2026-02-28,2026-02-28,2026-02-27T23:00:00,2026-09-23T11:00:09.289686+00:00,19,2026-02-28T18:00:00,Asia/Almaty,turbine_1,2.36225,2.36225,1,2.33175,,12.36,4.1,1.1945,MOCK_MODE_SYNTHESIS,SYNTHETIC_DEMO,UNVERIFIED_NO_ACTUALS,False,True
2026-02-28,2026-02-28,2026-02-27T23:00:00,2026-09-23T11:00:09.289686+00:00,20,2026-02-28T19:00:00,Asia/Almaty,turbine_1,1.92375,1.92375,1,1.957,,11.81,2.9,1.2024,MOCK_MODE_SYNTHESIS,SYNTHETIC_DEMO,UNVERIFIED_NO_ACTUALS,False,True
2026-02-28,2026-02-28,2026-02-27T23:00:00,2026-09-23T11:00:09.289686+00:00,21,2026-02-28T20:00:00,Asia/Almaty,turbine_1,0.4975,0.4975,1,0.488,,8.55,2.6,1.1991,MOCK_MODE_SYNTHESIS,SYNTHETIC_DEMO,UNVERIFIED_NO_ACTUALS,False,True
2026-02-28,2026-02-28,2026-02-27T23:00:00,2026-09-23T11:00:09.289686+00:00,22,2026-02-28T21:00:00,Asia/Almaty,turbine_1,0.1885,0.1885,1,0.19425,,7.06,-1.7,1.2193,MOCK_MODE_SYNTHESIS,SYNTHETIC_DEMO,UNVERIFIED_NO_ACTUALS,False,True
2026-02-28,2026-02-28,2026-02-27T23:00:00,2026-09-23T11:00:09.289686+00:00,23,2026-02-28T22:00:00,Asia/Almaty,turbine_1,0.329,0.329,1,0.32425,,7.8,-4.0,1.2319,MOCK_MODE_SYNTHESIS,SYNTHETIC_DEMO,UNVERIFIED_NO_ACTUALS,False,True
2026-02-28,2026-02-28,2026-02-27T23:00:00,2026-09-23T11:00:09.289686+00:00,24,2026-02-28T23:00:00,Asia/Almaty,turbine_1,2.42325,2.42325,1,2.5,,13.18,-4.1,1.224,MOCK_MODE_SYNTHESIS,SYNTHETIC_DEMO,UNVERIFIED_NO_ACTUALS,False,True
2026-02-28,2026-02-28,2026-02-27T23:00:00,2026-09-23T11:00:09.304094+00:00,1,2026-02-28T00:00:00,Asia/Almaty,turbine_2,0.35925,0.35925,1,0.37775,,8.05,-6.0,1.2325,MOCK_MODE_SYNTHESIS,SYNTHETIC_DEMO,UNVERIFIED_NO_ACTUALS,False,True
2026-02-28,2026-02-28,2026-02-27T23:00:00,2026-09-23T11:00:09.304094+00:00,2,2026-02-28T01:00:00,Asia/Almaty,turbine_2,0.014,0.014,1,0.00475,,4.17,-7.6,1.2467,MOCK_MODE_SYNTHESIS,SYNTHETIC_DEMO,UNVERIFIED_NO_ACTUALS,False,True
2026-02-28,2026-02-28,2026-02-27T23:00:00,2026-09-23T11:00:09.304094+00:00,3,2026-02-28T02:00:00,Asia/Almaty,turbine_2,0.04,0.04,1,0.0035,,4.05,-5.9,1.239,MOCK_MODE_SYNTHESIS,SYNTHETIC_DEMO,UNVERIFIED_NO_ACTUALS,False,True
2026-02-28,2026-02-28,2026-02-27T23:00:00,2026-09-23T11:00:09.304094+00:00,4,2026-02-28T03:00:00,Asia/Almaty,turbine_2,0.05475,0.05475,1,0.046,,5.5,-6.3,1.2378,MOCK_MODE_SYNTHESIS,SYNTHETIC_DEMO,UNVERIFIED_NO_ACTUALS,False,True
2026-02-28,2026-02-28,2026-02-27T23:00:00,2026-09-23T11:00:09.304094+00:00,5,2026-02-28T04:00:00,Asia/Almaty,turbine_2,0.02025,0.02025,1,0.05575,,5.66,-7.1,1.2468,MOCK_MODE_SYNTHESIS,SYNTHETIC_DEMO,UNVERIFIED_NO_ACTUALS,False,True
2026-02-28,2026-02-28,2026-02-27T23:00:00,2026-09-23T11:00:09.304094+00:00,6,2026-02-28T05:00:00,Asia/Almaty,turbine_2,0.11825,0.11825,1,0.16225,,6.8,-6.5,1.2431,MOCK_MODE_SYNTHESIS,SYNTHETIC_DEMO,UNVERIFIED_NO_ACTUALS,False,True
2026-02-28,2026-02-28,2026-02-27T23:00:00,2026-09-23T11:00:09.304094+00:00,7,2026-02-28T06:00:00,Asia/Almaty,turbine_2,0.49525,0.49525,1,0.5565,,8.74,-6.2,1.2365,MOCK_MODE_SYNTHESIS,SYNTHETIC_DEMO,UNVERIFIED_NO_ACTUALS,False,True
2026-02-28,2026-02-28,2026-02-27T23:00:00,2026-09-23T11:00:09.304094+00:00,8,2026-02-28T07:00:00,Asia/Almaty,turbine_2,2.3845,2.3845,1,2.44025,,12.4,-5.1,1.2342,MOCK_MODE_SYNTHESIS,SYNTHETIC_DEMO,UNVERIFIED_NO_ACTUALS,False,True
2026-02-28,2026-02-28,2026-02-27T23:00:00,2026-09-23T11:00:09.304094+00:00,9,2026-02-28T08:00:00,Asia/Almaty,turbine_2,0.498,0.498,1,0.5625,,8.75,-6.5,1.2428,MOCK_MODE_SYNTHESIS,SYNTHETIC_DEMO,UNVERIFIED_NO_ACTUALS,False,True
2026-02-28,2026-02-28,2026-02-27T23:00:00,2026-09-23T11:00:09.304094+00:00,10,2026-02-28T09:00:00,Asia/Almaty,turbine_2,1.75425,1.75425,1,1.80425,,11.54,-1.6,1.2171,MOCK_MODE_SYNTHESIS,SYNTHETIC_DEMO,UNVERIFIED_NO_ACTUALS,False,True
2026-02-28,2026-02-28,2026-02-27T23:00:00,2026-09-23T11:00:09.304094+00:00,11,2026-02-28T10:00:00,Asia/Almaty,turbine_2,2.33175,2.33175,1,2.5,,17.0,-3.2,1.2294,MOCK_MODE_SYNTHESIS,SYNTHETIC_DEMO,UNVERIFIED_NO_ACTUALS,False,True
2026-02-28,2026-02-28,2026-02-27T23:00:00,2026-09-23T11:00:09.304094+00:00,12,2026-02-28T11:00:00,Asia/Almaty,turbine_2,2.4405,2.4405,1,2.5,,13.55,1.2,1.2013,MOCK_MODE_SYNTHESIS,SYNTHETIC_DEMO,UNVERIFIED_NO_ACTUALS,False,True
2026-02-28,2026-02-28,2026-02-27T23:00:00,2026-09-23T11:00:09.304094+00:00,13,2026-02-28T12:00:00,Asia/Almaty,turbine_2,1.46625,1.46625,1,1.47225,,11.04,4.3,1.19,MOCK_MODE_SYNTHESIS,SYNTHETIC_DEMO,UNVERIFIED_NO_ACTUALS,False,True
2026-02-28,2026-02-28,2026-02-27T23:00:00,2026-09-23T11:00:09.304094+00:00,14,2026-02-28T13:00:00,Asia/Almaty,turbine_2,1.60325,1.60325,1,1.58425,,11.21,3.9,1.2027,MOCK_MODE_SYNTHESIS,SYNTHETIC_DEMO,UNVERIFIED_NO_ACTUALS,False,True
2026-02-28,2026-02-28,2026-02-27T23:00:00,2026-09-23T11:00:09.304094+00:00,15,2026-02-28T14:00:00,Asia/Almaty,turbine_2,2.441,2.441,1,2.5,,15.64,3.4,1.2053,MOCK_MODE_SYNTHESIS,SYNTHETIC_DEMO,UNVERIFIED_NO_ACTUALS,False,True
2026-02-28,2026-02-28,2026-02-27T23:00:00,2026-09-23T11:00:09.304094+00:00,16,2026-02-28T15:00:00,Asia/Almaty,turbine_2,2.4335,2.4335,1,2.406,,12.43,1.0,1.2054,MOCK_MODE_SYNTHESIS,SYNTHETIC_DEMO,UNVERIFIED_NO_ACTUALS,False,True
2026-02-28,2026-02-28,2026-02-27T23:00:00,2026-09-23T11:00:09.304094+00:00,17,2026-02-28T16:00:00,Asia/Almaty,turbine_2,2.391,2.391,1,2.5,,14.84,1.2,1.2059,MOCK_MODE_SYNTHESIS,SYNTHETIC_DEMO,UNVERIFIED_NO_ACTUALS,False,True
2026-02-28,2026-02-28,2026-02-27T23:00:00,2026-09-23T11:00:09.304094+00:00,18,2026-02-28T17:00:00,Asia/Almaty,turbine_2,2.1865,2.1865,1,2.194,,12.18,4.2,1.1915,MOCK_MODE_SYNTHESIS,SYNTHETIC_DEMO,UNVERIFIED_NO_ACTUALS,False,True
2026-02-28,2026-02-28,2026-02-27T23:00:00,2026-09-23T11:00:09.304094+00:00,19,2026-02-28T18:00:00,Asia/Almaty,turbine_2,2.36225,2.36225,1,2.33175,,12.36,4.1,1.1945,MOCK_MODE_SYNTHESIS,SYNTHETIC_DEMO,UNVERIFIED_NO_ACTUALS,False,True
2026-02-28,2026-02-28,2026-02-27T23:00:00,2026-09-23T11:00:09.304094+00:00,20,2026-02-28T19:00:00,Asia/Almaty,turbine_2,1.92375,1.92375,1,1.957,,11.81,2.9,1.2024,MOCK_MODE_SYNTHESIS,SYNTHETIC_DEMO,UNVERIFIED_NO_ACTUALS,False,True
2026-02-28,2026-02-28,2026-02-27T23:00:00,2026-09-23T11:00:09.304094+00:00,21,2026-02-28T20:00:00,Asia/Almaty,turbine_2,0.4975,0.4975,1,0.488,,8.55,2.6,1.1991,MOCK_MODE_SYNTHESIS,SYNTHETIC_DEMO,UNVERIFIED_NO_ACTUALS,False,True
2026-02-28,2026-02-28,2026-02-27T23:00:00,2026-09-23T11:00:09.304094+00:00,22,2026-02-28T21:00:00,Asia/Almaty,turbine_2,0.1885,0.1885,1,0.19425,,7.06,-1.7,1.2193,MOCK_MODE_SYNTHESIS,SYNTHETIC_DEMO,UNVERIFIED_NO_ACTUALS,False,True
2026-02-28,2026-02-28,2026-02-27T23:00:00,2026-09-23T11:00:09.304094+00:00,23,2026-02-28T22:00:00,Asia/Almaty,turbine_2,0.329,0.329,1,0.32425,,7.8,-4.0,1.2319,MOCK_MODE_SYNTHESIS,SYNTHETIC_DEMO,UNVERIFIED_NO_ACTUALS,False,True
2026-02-28,2026-02-28,2026-02-27T23:00:00,2026-09-23T11:00:09.304094+00:00,24,2026-02-28T23:00:00,Asia/Almaty,turbine_2,2.42325,2.42325,1,2.5,,13.18,-4.1,1.224,MOCK_MODE_SYNTHESIS,SYNTHETIC_DEMO,UNVERIFIED_NO_ACTUALS,False,True
